{"type": "FeatureCollection", "features": [{"type": "Feature", "properties": {"ac_name": "Ichchapuram", "district_key": "Srikakulam", "display": "Ichchapuram"}, "geometry": {"type": "Polygon", "coordinates": [[[84.73675818684092, 19.0957082964008], [84.76474238285476, 19.077277241451554], [84.68689831840271, 18.970942328126], [84.67633844476347, 18.9677562801283], [84.68442758666384, 18.967547923398], [84.60357139230598, 18.889799618757422], [84.58495187992537, 18.864407248196017], [84.5759846849453, 18.84205495307367], [84.55189580884456, 18.854298972719448], [84.52704459543179, 18.85957745893262], [84.51954571456315, 18.86635534882032], [84.5172421380143, 18.883473170550417], [84.52725065799154, 18.892632116279174], [84.50144139320577, 18.901134403130243], [84.48540032076824, 18.9312860327243], [84.47135966251847, 18.934144108763633], [84.47300571234382, 18.945062346949783], [84.46588172646057, 18.963575442552667], [84.46611980848246, 18.994204841480325], [84.47798307675765, 18.990938317649295], [84.48256287247864, 19.01674746102657], [84.49659100856826, 19.031149479464943], [84.50550324687742, 19.03228668118544], [84.51655179323075, 19.047951743478222], [84.52676777960937, 19.04596691454151], [84.54084349792913, 19.05457351375668], [84.55666344326335, 19.05632591380993], [84.5733789568734, 19.073003935583188], [84.57067858325007, 19.069162414913592], [84.57640501907645, 19.06703845546042], [84.58314691359925, 19.07363969601522], [84.58333411377839, 19.049682064275885], [84.57775400394416, 19.040804587461764], [84.58335314523151, 19.042410189378813], [84.58266282293101, 19.03101926752521], [84.5943204171536, 19.02221186228769], [84.601097401424, 19.025221462400623], [84.61319897115567, 19.05632907043031], [84.62068688479195, 19.056207170924267], [84.61797153385925, 19.066222801840865], [84.62908992515997, 19.064951739631113], [84.63221683733724, 19.059707538272335], [84.64220276274739, 19.066650108415843], [84.65391009487502, 19.067453193110396], [84.65988342248204, 19.061904879706503], [84.66141200555967, 19.073955844586635], [84.66784714762781, 19.07716851791281], [84.66497676436626, 19.08603352472744], [84.65866617300554, 19.092880612949955], [84.63644259065308, 19.08662760338126], [84.62400079120363, 19.08982100063872], [84.62555671187283, 19.09885942192483], [84.6194340329543, 19.10371826738418], [84.61828698905339, 19.099518265255767], [84.60965299289137, 19.100429177764397], [84.60199182756082, 19.127794556573576], [84.60699241426857, 19.130335144051685], [84.63117405543835, 19.126301610031305], [84.64418779223286, 19.129157636515743], [84.64492280634249, 19.13262005337282], [84.66780132896821, 19.1296413683545], [84.67297972783223, 19.148154144698083], [84.66832248519461, 19.155058445091242], [84.67078877158463, 19.165825602569555], [84.71518812473221, 19.15595011480599], [84.7112041118803, 19.1465051405998], [84.70008828454678, 19.14533288150733], [84.70631983449283, 19.139693647543822], [84.69796222427726, 19.126979031557084], [84.70338253177846, 19.125215986228852], [84.70364877696954, 19.117113468711636], [84.73675818684092, 19.0957082964008]]]}}, {"type": "Feature", "properties": {"ac_name": "Kurupam_ST", "district_key": "Parvathipuram_Manyam", "display": "Kurupam (ST)"}, "geometry": {"type": "Polygon", "coordinates": [[[83.58618066970223, 19.087259619935537], [83.59290378098478, 19.092705225365933], [83.61055919764891, 19.096096201878254], [83.59775698499692, 19.118843051165925], [83.60160087987674, 19.13556090391262], [83.60791550020025, 19.139719481468944], [83.61590923842067, 19.13708934399807], [83.62074955065128, 19.141715632870216], [83.62740897374522, 19.150520126103004], [83.62598696302797, 19.162698004209574], [83.6371920121017, 19.153558321059734], [83.63164623118865, 19.140875410671697], [83.63695370884665, 19.131509244955737], [83.65491285174676, 19.12965728275742], [83.65431550945328, 19.1221639534038], [83.64958426340309, 19.12329086598072], [83.64698648803608, 19.118433015171547], [83.66276685510633, 19.098986898126896], [83.6603291878418, 19.08445788822104], [83.66387332969049, 19.07611874378506], [83.67350523427922, 19.07303234156933], [83.68520226647149, 19.05857236542238], [83.70057402746943, 19.02504244964939], [83.72998302209885, 19.02191936228877], [83.72387614336935, 19.010335354193273], [83.71026903119088, 19.00721808544631], [83.70944382856987, 19.002677841009586], [83.71416476569146, 18.99300864603225], [83.73298417398053, 18.98773976457852], [83.74050196489384, 18.950099781579695], [83.75381670837447, 18.92518575052202], [83.75829310903981, 18.909825920829633], [83.77655823097763, 18.897395802674225], [83.78101719109054, 18.881714813387987], [83.79262521827928, 18.86487150431651], [83.7974659846675, 18.859375944244505], [83.80700460707703, 18.864155196105457], [83.81296276671839, 18.857390386856935], [83.8072481246013, 18.849142708868953], [83.81399949078394, 18.832124760449403], [83.80647037111078, 18.8250444942081], [83.78596876294813, 18.825835903004588], [83.77595443694776, 18.81962273070451], [83.75620176260134, 18.82658554998318], [83.74858817770229, 18.823484184847302], [83.75600238919895, 18.816328592290745], [83.74816908643425, 18.801871768267517], [83.75406656342125, 18.787139176132143], [83.7405920292988, 18.770834822668974], [83.7361361511625, 18.779014452554975], [83.71322982869367, 18.787508579857104], [83.70655897251862, 18.79671915926184], [83.69492557005907, 18.79649378645911], [83.6904058643392, 18.805630906541126], [83.67568361620596, 18.79136149943372], [83.66447619651933, 18.792225574350823], [83.66655284174033, 18.785260936642942], [83.65773600711111, 18.777014704764838], [83.6190754725551, 18.766448961250603], [83.6091840497042, 18.752793116609098], [83.58813501791678, 18.752859940733742], [83.58945633873913, 18.739177516629127], [83.57856056831565, 18.734477772930916], [83.56661280783487, 18.73818349956889], [83.5658915254736, 18.72878666876977], [83.54796599833219, 18.723572875288028], [83.54830016841811, 18.712263416723374], [83.53882578997826, 18.710905597815156], [83.54161788905441, 18.68613649340449], [83.52477530753447, 18.673120210629293], [83.5145800649181, 18.672876300101223], [83.48189409363755, 18.693119316303466], [83.4604278582591, 18.68892394478428], [83.4577110315389, 18.702060411159096], [83.44289708673125, 18.691106574209073], [83.43199076995813, 18.6940351867745], [83.40026542391024, 18.717567235039894], [83.39836114904784, 18.726582255067058], [83.40588653023923, 18.73522017317248], [83.42633373931068, 18.74065406493321], [83.41989598651065, 18.763730285524332], [83.4334031471376, 18.764520022481122], [83.43448036227898, 18.776294646380848], [83.44353538235208, 18.777751733355842], [83.45004215632054, 18.795683902889834], [83.43491963343439, 18.79934490804112], [83.43231341613131, 18.812229529169485], [83.42493286446017, 18.81824299082143], [83.39814649346596, 18.815966630455705], [83.3771592675862, 18.824402211892618], [83.37923529677158, 18.83087470010736], [83.40555584322766, 18.842251570953295], [83.4044386846976, 18.861897791649824], [83.41447826186237, 18.87346387355899], [83.39700491834236, 18.8791445554769], [83.37777985645528, 18.89699712781527], [83.3922121937378, 18.908538142021712], [83.38162986582569, 18.91407773739769], [83.36975123892859, 18.908230116127015], [83.35921251104861, 18.914590312293114], [83.36257534057955, 18.915720493006404], [83.3525631432745, 18.930144563720717], [83.35370451155404, 18.94287651054259], [83.37023414968633, 18.94225873385352], [83.37085660464862, 18.926964676078967], [83.37838268910986, 18.92490767205146], [83.38728915916744, 18.932769804383042], [83.37114122838506, 18.94323476986881], [83.36666236537593, 18.96398158718057], [83.35024430702919, 18.966364919205716], [83.35106012252669, 18.946331237296818], [83.34451918960895, 18.942419748472673], [83.3485532389409, 18.926561299564355], [83.33465075253025, 18.924943270815334], [83.32539726377274, 18.932821286073533], [83.32721126378885, 18.945060965591153], [83.33888415547943, 18.947318346664417], [83.3396062238482, 18.952242032343975], [83.33222285010453, 18.957949070693132], [83.33362765589169, 18.96896622441176], [83.32818102163691, 18.96723095194693], [83.32045715737195, 18.972052477340014], [83.31044414528111, 18.99887501187237], [83.32752052625136, 19.00256582595216], [83.33869845087287, 18.99704248042616], [83.33698418297371, 19.006330449190955], [83.34287788460676, 19.018074214653325], [83.34797945169038, 19.01694584427537], [83.36744452914178, 19.01651280991831], [83.36658332935724, 19.006127045926462], [83.37257812647943, 19.002289653145], [83.38428581383931, 19.00128460859787], [83.39669017810928, 19.009728242564393], [83.41157686817797, 19.00057050732312], [83.41522955010373, 19.00308416010597], [83.42005426809004, 18.99848034259378], [83.41475186260845, 18.98938023770785], [83.43897526739471, 18.975286157929872], [83.44637863396684, 18.966396282162748], [83.4438938799986, 18.96031524545225], [83.46361449801071, 18.9553417499219], [83.47019142989063, 18.968529004609934], [83.46850698081255, 18.980113907530836], [83.46415400850077, 18.98043580546812], [83.46779171851307, 18.991008947704813], [83.45645821207688, 18.991237807179118], [83.44996619778186, 19.0099441104324], [83.46148960416195, 19.01237945564742], [83.47840650655507, 19.00763098128482], [83.4833095240154, 19.033589755662717], [83.4706803355291, 19.04295421896211], [83.4691566843336, 19.061138233742554], [83.46225371943365, 19.063807973759026], [83.46623204767093, 19.07994360811108], [83.47833148511, 19.079316236555144], [83.47641289124198, 19.085714762726184], [83.46722020474868, 19.08772821978158], [83.46793883860659, 19.0931607023046], [83.4833612916903, 19.092298009645503], [83.486290653391, 19.08759222879837], [83.48079738479152, 19.078550294760362], [83.50056320093103, 19.060665315352082], [83.50174213119448, 19.065924095620574], [83.51167652275336, 19.070347974079766], [83.5167526012516, 19.05711185562768], [83.51308937927149, 19.048413075902772], [83.5192635146995, 19.039095136331525], [83.51478270375884, 19.028488664320435], [83.50842909872398, 19.03556931187427], [83.49675615847002, 19.035559118058927], [83.50089950690676, 19.02068579641241], [83.52245587593796, 19.012097350012766], [83.53452687771329, 19.013121484468968], [83.53667158002946, 19.009519138497467], [83.541694118289, 19.04151775883753], [83.55163885385008, 19.054580809956462], [83.55725405612986, 19.05592882175779], [83.54900435916392, 19.080552516585442], [83.56012740535556, 19.087102252067325], [83.56692479614247, 19.07196507113116], [83.5603786435596, 19.064745909995793], [83.56374008543668, 19.05825777897337], [83.57491882124668, 19.061428334350182], [83.5844100898538, 19.057597643316626], [83.58618066970223, 19.087259619935537]]]}}, {"type": "Feature", "properties": {"ac_name": "Palasa", "district_key": "Srikakulam", "display": "Palasa"}, "geometry": {"type": "Polygon", "coordinates": [[[84.46611980848246, 18.994204841480325], [84.46588172646057, 18.963575442552667], [84.47300571234382, 18.945062346949783], [84.47135966251847, 18.934144108763633], [84.48540032076824, 18.9312860327243], [84.50144139320577, 18.901134403130243], [84.52725065799154, 18.892632116279174], [84.5172421380143, 18.883473170550417], [84.51954571456315, 18.86635534882032], [84.52704459543179, 18.85957745893262], [84.55189580884456, 18.854298972719448], [84.5759846849453, 18.84205495307367], [84.55778963908062, 18.81782852656528], [84.55145176768497, 18.790563143374413], [84.49367165362395, 18.74089523342832], [84.45316436934024, 18.69298708538571], [84.43717010571584, 18.657983847176865], [84.43980545206, 18.659574857593668], [84.36398659610461, 18.586694225258327], [84.35360353457554, 18.59539497989448], [84.35410491560941, 18.620840202713225], [84.33114465180432, 18.628186581045952], [84.32045059661777, 18.648298000352497], [84.33707179742555, 18.65132225761613], [84.35155876222717, 18.638526390580523], [84.36304002457751, 18.643766138496517], [84.38332142834128, 18.644593264767423], [84.36598903376694, 18.67318973811598], [84.37266250966712, 18.68212364289184], [84.39427558095338, 18.68669949688433], [84.3833178022748, 18.724639294068197], [84.38615067031725, 18.731072497198056], [84.39519153236341, 18.733980001775706], [84.39359831141297, 18.745638851451872], [84.38392636091288, 18.749135519888398], [84.3490454188111, 18.742987370370884], [84.31873083386097, 18.747415232826768], [84.3224978699808, 18.753150337218358], [84.34866730874938, 18.76018219295389], [84.36179461642848, 18.77884884060154], [84.36256136761307, 18.794756366413253], [84.35636216538171, 18.80514583741052], [84.35943161537682, 18.83157906082505], [84.3648081151025, 18.839521958571595], [84.34685191838139, 18.848336773323467], [84.33705217062123, 18.88938061652226], [84.36211509253752, 18.861208964022524], [84.36652902539424, 18.864387705028605], [84.37429307406614, 18.861817266353796], [84.38416993329582, 18.87452366163774], [84.3723743866687, 18.8784317330381], [84.3600956900641, 18.8946441092383], [84.38181759550571, 18.88173480891436], [84.38129982792475, 18.88678581970987], [84.38819918024802, 18.884470587047986], [84.39209956244491, 18.87662505260414], [84.39837186966611, 18.884168454410712], [84.39733737412058, 18.89102700988866], [84.38506192496794, 18.896208356730313], [84.37880141775128, 18.90453473978647], [84.38544951568264, 18.900647106378926], [84.39367488868521, 18.90464040563029], [84.40000214448344, 18.89564910432273], [84.41909999636778, 18.897966973796827], [84.42214036678456, 18.905712714969866], [84.4163228359302, 18.9144340299066], [84.42045302368814, 18.918021122476887], [84.42919758520043, 18.909829905725644], [84.43939953585993, 18.927328034561185], [84.43785766350044, 18.932713163281903], [84.42761057316949, 18.93230432878181], [84.43093403217989, 18.936042149525633], [84.42518337401356, 18.950366199440623], [84.43218732018875, 18.95898832275293], [84.43076631131629, 18.96907754878987], [84.44301671075266, 18.96912845851159], [84.4519995323526, 18.97767135335033], [84.44361352694278, 18.985319385880985], [84.44324553065678, 18.991731046650557], [84.43182184290379, 18.994805100275187], [84.43245082604483, 19.006723679554227], [84.42195536095119, 19.012907768678645], [84.42101468537948, 19.022142854609115], [84.42567000706521, 19.019357250436826], [84.42451560401196, 19.01410757760266], [84.46051135201736, 18.997287487227823], [84.46092658519382, 18.993491355341803], [84.46611980848246, 18.994204841480325]]]}}, {"type": "Feature", "properties": {"ac_name": "Palakonda_ST", "district_key": "Parvathipuram_Manyam", "display": "Palakonda (ST)"}, "geometry": {"type": "Polygon", "coordinates": [[[83.79449554643236, 19.017584628228065], [83.79493301894371, 19.004314229418185], [83.80889523472734, 18.99232309373582], [83.82172825995127, 18.96027370846491], [83.81896513972947, 18.945243314827167], [83.82890220587217, 18.930647815344457], [83.82653434938078, 18.916328102859723], [83.84026986586167, 18.918549154020297], [83.84574776864469, 18.913621942998304], [83.84886466417299, 18.89994005488967], [83.84357050457521, 18.875583315717506], [83.84827168898732, 18.864455754029848], [83.87250263009236, 18.84760780175867], [83.89049392645359, 18.826665899911404], [83.88100567327325, 18.817603406472074], [83.8609580824496, 18.81159545946292], [83.86013014678889, 18.80505661926759], [83.86968725386373, 18.79382015597548], [83.83695775449684, 18.78123290287624], [83.82440560733295, 18.769525804572254], [83.83364093428173, 18.760441289434027], [83.86822938627722, 18.749169736394265], [83.88908076146805, 18.730462397121983], [83.88519788907138, 18.724018494757786], [83.87004504464318, 18.73482332933321], [83.86352496430573, 18.733300872437383], [83.8671563538827, 18.715674390560707], [83.8757256932862, 18.70815507439721], [83.87108783013929, 18.676993962101733], [83.85772009950307, 18.672821258894032], [83.85763834933044, 18.648655280316973], [83.86045151592475, 18.642761511234824], [83.88313030362065, 18.633143263750696], [83.88250914638007, 18.627281428695028], [83.86244030907307, 18.60954939338984], [83.86336507923505, 18.605287544884334], [83.8729297379171, 18.596668648339516], [83.90094572676395, 18.5903750604607], [83.90762432430319, 18.57269593227153], [83.90701514603222, 18.55791041413437], [83.90845686988871, 18.54293820933094], [83.89933296354548, 18.537232675547614], [83.88182858981764, 18.539767288829353], [83.87324286566576, 18.547557194808746], [83.86073438058725, 18.54043921639675], [83.84022315057797, 18.55015546840019], [83.83372310443775, 18.54677656438696], [83.81114333299848, 18.57432372495998], [83.7949008474962, 18.570618249232894], [83.7892441298128, 18.573846198443334], [83.7772583459959, 18.60370785153617], [83.76626693267286, 18.596535498314665], [83.76007661214601, 18.57478815105236], [83.75461148333335, 18.569561936134505], [83.74565197935544, 18.585013056907087], [83.71618028938889, 18.56330006824362], [83.70482613361924, 18.570222559223794], [83.68943816054275, 18.569163045438245], [83.6766745521889, 18.578343744867993], [83.64121349250871, 18.582795579652327], [83.62333299172423, 18.602231605404313], [83.61545273805348, 18.6254322391066], [83.59358970290253, 18.64381628199584], [83.59434472962562, 18.661601027465508], [83.577171656247, 18.65606671830443], [83.561424702588, 18.672058862226777], [83.5603760858877, 18.686818359379856], [83.53882578997826, 18.710905597815156], [83.54830016841811, 18.712263416723374], [83.54796599833219, 18.723572875288028], [83.5658915254736, 18.72878666876977], [83.56661280783487, 18.73818349956889], [83.57856056831565, 18.734477772930916], [83.58945633873913, 18.739177516629127], [83.58813501791678, 18.752859940733742], [83.6091840497042, 18.752793116609098], [83.6190754725551, 18.766448961250603], [83.65773600711111, 18.777014704764838], [83.66655284174033, 18.785260936642942], [83.66447619651933, 18.792225574350823], [83.67568361620596, 18.79136149943372], [83.6904058643392, 18.805630906541126], [83.69492557005907, 18.79649378645911], [83.70655897251862, 18.79671915926184], [83.71322982869367, 18.787508579857104], [83.7361361511625, 18.779014452554975], [83.7405920292988, 18.770834822668974], [83.75406656342125, 18.787139176132143], [83.74816908643425, 18.801871768267517], [83.75600238919895, 18.816328592290745], [83.74858817770229, 18.823484184847302], [83.75620176260134, 18.82658554998318], [83.77595443694776, 18.81962273070451], [83.78596876294813, 18.825835903004588], [83.80647037111078, 18.8250444942081], [83.81399949078394, 18.832124760449403], [83.8072481246013, 18.849142708868953], [83.81296276671839, 18.857390386856935], [83.80700460707703, 18.864155196105457], [83.7974659846675, 18.859375944244505], [83.79262521827928, 18.86487150431651], [83.78101719109054, 18.881714813387987], [83.77655823097763, 18.897395802674225], [83.75829310903981, 18.909825920829633], [83.75381670837447, 18.92518575052202], [83.76313330435858, 18.927334293842648], [83.76934953615222, 18.914351292278354], [83.77820510997788, 18.911411298792473], [83.78784916440748, 18.915916690902634], [83.78441298167382, 18.93364126723077], [83.77618039790707, 18.94529552406925], [83.77254344602329, 18.944371836690948], [83.7696087945103, 18.95480580884106], [83.75891581851027, 18.950663666395144], [83.75526551529134, 18.971368495259924], [83.7478486373048, 18.9743591907241], [83.7451073814006, 18.988911317703185], [83.7515153828287, 18.99873262311212], [83.76047494346392, 19.002884748932047], [83.76291893566042, 18.998662798849125], [83.76511128136059, 19.005565201672766], [83.78143908194812, 19.00834067048561], [83.77750384112943, 19.01743482635618], [83.79449554643236, 19.017584628228065]]]}}, {"type": "Feature", "properties": {"ac_name": "Pathapatnam", "district_key": "Srikakulam", "display": "Pathapatnam"}, "geometry": {"type": "Polygon", "coordinates": [[[84.35943161537682, 18.83157906082505], [84.35636216538171, 18.80514583741052], [84.36256136761307, 18.794756366413253], [84.36179461642848, 18.77884884060154], [84.34866730874938, 18.76018219295389], [84.3224978699808, 18.753150337218358], [84.31873083386097, 18.747415232826768], [84.30551890717186, 18.738568626141216], [84.2583112095947, 18.74845433200187], [84.24537517602363, 18.734272169924736], [84.24869793176418, 18.716870841416267], [84.22559261091033, 18.701261311360497], [84.21949945493594, 18.690050008401215], [84.20664670847884, 18.68604999481147], [84.200777536754, 18.67133194471353], [84.2124427365431, 18.657849453389588], [84.21073740790513, 18.651624010739567], [84.1984755538038, 18.651137027851576], [84.18551901209281, 18.664143017886033], [84.16324675303531, 18.663213462431372], [84.16682469140642, 18.646912114502527], [84.16496123227512, 18.64342403818887], [84.15622837633856, 18.64535579633298], [84.15538893924821, 18.63204072100251], [84.14998279786789, 18.62816144319612], [84.12079398875164, 18.630844775566004], [84.10608007373645, 18.62589749257529], [84.10525482884731, 18.635105162673142], [84.11309138356057, 18.64624242085108], [84.0956174123138, 18.64461818947791], [84.10023006566507, 18.66859401270358], [84.09766308668219, 18.677285563677856], [84.08040348952949, 18.66411666775008], [84.05634384769047, 18.669143158530005], [84.0507006126432, 18.679425035537008], [84.07150058618316, 18.678739419388762], [84.0799543357241, 18.687317272674022], [84.07782465478402, 18.691554428494157], [84.06986068412334, 18.690083236552198], [84.05760889433509, 18.69577476249532], [84.04482431828774, 18.709699166283542], [84.0459477001263, 18.71532363068104], [84.05915474889258, 18.725924977455804], [84.0552413031437, 18.73357645528921], [84.02982487212023, 18.7231782401837], [84.01501030048502, 18.723512702549215], [84.01064301366421, 18.715180324612334], [83.99470359159756, 18.710563674673892], [83.98610490911432, 18.70297941217018], [83.98385903846389, 18.686056844048153], [84.00036441018943, 18.693012414791156], [84.0233707291759, 18.68843604458783], [84.02303147522247, 18.678864470119265], [84.00234436480065, 18.664861694012018], [84.01081167881597, 18.64642671352209], [84.02912541180837, 18.626457690170298], [84.02343973955237, 18.624043428661366], [84.00545942930927, 18.632216910781835], [84.00571486644799, 18.61726491824146], [83.9921812010017, 18.609260445713062], [83.95801755006994, 18.6159833699366], [83.95241892769144, 18.598092001744533], [83.93816157689531, 18.589084383137845], [83.94732438970885, 18.579200001978563], [83.96256635335459, 18.58516707659936], [83.97263485001838, 18.566345949705862], [83.96791929084264, 18.558335520068226], [83.954593262669, 18.55478080848758], [83.92386116925763, 18.560986720560777], [83.90701514603222, 18.55791041413437], [83.90762432430319, 18.57269593227153], [83.90094572676395, 18.5903750604607], [83.8729297379171, 18.596668648339516], [83.86336507923505, 18.605287544884334], [83.86244030907307, 18.60954939338984], [83.88250914638007, 18.627281428695028], [83.88313030362065, 18.633143263750696], [83.86045151592475, 18.642761511234824], [83.85763834933044, 18.648655280316973], [83.85772009950307, 18.672821258894032], [83.87108783013929, 18.676993962101733], [83.8757256932862, 18.70815507439721], [83.8671563538827, 18.715674390560707], [83.86352496430573, 18.733300872437383], [83.87004504464318, 18.73482332933321], [83.88519788907138, 18.724018494757786], [83.88908076146805, 18.730462397121983], [83.86822938627722, 18.749169736394265], [83.83364093428173, 18.760441289434027], [83.82440560733295, 18.769525804572254], [83.83695775449684, 18.78123290287624], [83.86968725386373, 18.79382015597548], [83.86013014678889, 18.80505661926759], [83.8609580824496, 18.81159545946292], [83.88100567327325, 18.817603406472074], [83.89049392645359, 18.826665899911404], [83.89311748358506, 18.814515606709904], [83.8995898369015, 18.824442017685044], [83.91576035685506, 18.82799876533079], [83.93161257436088, 18.815921418838457], [83.94228246296535, 18.81550301285381], [83.94170227164255, 18.808379664589893], [83.95012245488743, 18.805223173710544], [83.96554800613563, 18.814724368135103], [84.01569163855834, 18.808784282168915], [84.01534449395331, 18.817107389894204], [84.02517694735832, 18.817082161212795], [84.03292014614789, 18.81163345312143], [84.04080181445221, 18.815642311543513], [84.0455669793327, 18.812916146263206], [84.04665257885347, 18.801640233310195], [84.05983898098424, 18.79920420011382], [84.05987566972641, 18.78245610676396], [84.0679506967673, 18.78234576984147], [84.0763770547573, 18.764473384539087], [84.08954923500926, 18.76401951109159], [84.08941522433321, 18.756807126347837], [84.12233595284204, 18.767977341081462], [84.13735018656195, 18.761278724633485], [84.14195105159979, 18.76434157540342], [84.14034189915935, 18.777307007812226], [84.15838234796706, 18.782934501126363], [84.15921854120279, 18.787893016649434], [84.16967439295894, 18.788258599155085], [84.17572625386356, 18.780128030883986], [84.18265795120357, 18.782002519300875], [84.1900058583837, 18.777783632308854], [84.195297218392, 18.791724902882038], [84.21803639916055, 18.790154861957376], [84.21435178950355, 18.795476823196907], [84.22625510369016, 18.798817840570962], [84.23378208477544, 18.79481653285677], [84.24074788530675, 18.797193764780445], [84.24308439772682, 18.78867482428376], [84.26042731886571, 18.783145299516036], [84.28645433919644, 18.79256309980724], [84.28893362528663, 18.804019857430546], [84.32096706377905, 18.787031994930658], [84.32737565606175, 18.79929367636214], [84.3444435267474, 18.802120605281743], [84.33082552018169, 18.818004732532415], [84.34961651888727, 18.820569989313583], [84.35217138040491, 18.832013568271634], [84.35943161537682, 18.83157906082505]]]}}, {"type": "Feature", "properties": {"ac_name": "Parvathipuram_SC", "district_key": "Parvathipuram_Manyam", "display": "Parvathipuram (SC)"}, "geometry": {"type": "Polygon", "coordinates": [[[83.35483704669241, 18.832609650614927], [83.36925887719548, 18.84399469629824], [83.37923529677158, 18.83087470010736], [83.3771592675862, 18.824402211892618], [83.39814649346596, 18.815966630455705], [83.42493286446017, 18.81824299082143], [83.43231341613131, 18.812229529169485], [83.43491963343439, 18.79934490804112], [83.45004215632054, 18.795683902889834], [83.44353538235208, 18.777751733355842], [83.43448036227898, 18.776294646380848], [83.4334031471376, 18.764520022481122], [83.41989598651065, 18.763730285524332], [83.42633373931068, 18.74065406493321], [83.40588653023923, 18.73522017317248], [83.39836114904784, 18.726582255067058], [83.40026542391024, 18.717567235039894], [83.43199076995813, 18.6940351867745], [83.44289708673125, 18.691106574209073], [83.4577110315389, 18.702060411159096], [83.4604278582591, 18.68892394478428], [83.48189409363755, 18.693119316303466], [83.5145800649181, 18.672876300101223], [83.52477530753447, 18.673120210629293], [83.54161788905441, 18.68613649340449], [83.55382352653459, 18.68301067030626], [83.56096414268109, 18.667637766269934], [83.5501424053478, 18.646253031951915], [83.5563681591633, 18.638848810124557], [83.54854544321768, 18.624419818320007], [83.55331124391881, 18.613380897410536], [83.54991080833719, 18.59618582121874], [83.56967180411056, 18.5944188341619], [83.56843762849383, 18.58883791583719], [83.55129152308535, 18.58015773679017], [83.5448340265691, 18.583303283819532], [83.53824303738634, 18.56432332316291], [83.53391459947926, 18.566864752406445], [83.5266736351802, 18.550572519106538], [83.53875728861806, 18.549178944952416], [83.53958973347949, 18.540830312668845], [83.54831591644643, 18.537349527158995], [83.53501852988131, 18.525216500041495], [83.52224776202468, 18.533889030354544], [83.5102487734622, 18.525383428602424], [83.5063070854037, 18.541767275839163], [83.48745471246508, 18.529201395128325], [83.48396724229445, 18.55997250202938], [83.47948977863041, 18.56303556863662], [83.46771386870012, 18.558207152638033], [83.45895101677604, 18.56747918091952], [83.46904352174118, 18.58809530605356], [83.4973975396648, 18.604842905675582], [83.49807928063433, 18.61549560553783], [83.49103840919531, 18.622913342376876], [83.45274231320724, 18.617774886901543], [83.43622990338741, 18.63356064270954], [83.42296350745994, 18.627460409970013], [83.42515500420012, 18.6204092484881], [83.40717906825944, 18.605024963531264], [83.40552158715161, 18.616045457332064], [83.39531565789133, 18.61178080474042], [83.38109761196529, 18.616602443448073], [83.36878457474836, 18.610396889305036], [83.36145106031825, 18.613113707931348], [83.35906775887003, 18.607001404491257], [83.36567617151815, 18.6020804176772], [83.36511543702784, 18.596375773323302], [83.35055781339241, 18.593924642308423], [83.34508766456412, 18.61355934179022], [83.3320138017956, 18.617027512509765], [83.32711825590286, 18.629199142126765], [83.29847861239813, 18.639671696091966], [83.31384385870717, 18.666954202374598], [83.30151658342362, 18.674816217794273], [83.29192449991581, 18.712183756575143], [83.27887515086758, 18.71962398635793], [83.26428652850052, 18.715636304272095], [83.25198434700008, 18.725684070663362], [83.22870124636546, 18.72553284066811], [83.22013698093696, 18.747730549525272], [83.22813409251444, 18.756946170529375], [83.22457461632553, 18.775127775126748], [83.24321362600807, 18.768324020736998], [83.26295465323471, 18.769544835126112], [83.27138687840176, 18.76475594163344], [83.28123318676222, 18.77469980575148], [83.274879133865, 18.782005344071422], [83.2818414351342, 18.79575394299013], [83.30773211374611, 18.808840948451063], [83.33004207238378, 18.80655671002421], [83.32841751185873, 18.817659521469807], [83.35483704669241, 18.832609650614927]]]}}, {"type": "Feature", "properties": {"ac_name": "Saluru_ST", "district_key": "Parvathipuram_Manyam", "display": "Salur (ST)"}, "geometry": {"type": "Polygon", "coordinates": [[[83.21139380527995, 18.730967744166094], [83.22013698093696, 18.747730549525272], [83.22870124636546, 18.72553284066811], [83.25198434700008, 18.725684070663362], [83.26428652850052, 18.715636304272095], [83.27887515086758, 18.71962398635793], [83.29192449991581, 18.712183756575143], [83.30151658342362, 18.674816217794273], [83.31384385870717, 18.666954202374598], [83.29847861239813, 18.639671696091966], [83.27752501756555, 18.624358203068653], [83.25770941495762, 18.623958089294433], [83.23105746832755, 18.603704012330354], [83.2246813856375, 18.59323534973163], [83.22617790788422, 18.584857384260943], [83.23837331827406, 18.582940444246162], [83.24054338237124, 18.573904322526516], [83.2644262507709, 18.565960465203375], [83.25526458279433, 18.552891581081667], [83.24460599507069, 18.54907379172215], [83.23729440880999, 18.529539768645463], [83.20379557630486, 18.52336882131408], [83.19402251862437, 18.51732622972179], [83.18068669683367, 18.468477728964046], [83.1703629851637, 18.456294304738435], [83.18170767107222, 18.442486061882278], [83.18619710920927, 18.416252085065707], [83.20155831396505, 18.403882831227747], [83.21589821892769, 18.415921155237186], [83.22994442329656, 18.418159672131196], [83.23819559784863, 18.414237513750322], [83.26472265922342, 18.428919051373157], [83.2911314831315, 18.41518177941566], [83.30381770122597, 18.41675677020885], [83.3133498512147, 18.427881325462863], [83.3220218446325, 18.43004647746301], [83.32228017848752, 18.425048963738732], [83.31242905785479, 18.419689958524827], [83.31355260516864, 18.385702013537127], [83.30482283840331, 18.371089591511463], [83.3024155583314, 18.354854312276757], [83.30677410733927, 18.3502361649671], [83.31669392358577, 18.350647834130314], [83.31830777048725, 18.344324013742266], [83.32583046270577, 18.344176404417567], [83.32881726950143, 18.339823323287817], [83.29062390486939, 18.335806165921895], [83.28814645879208, 18.326285991305497], [83.27202644026806, 18.325951208781305], [83.27255302300364, 18.317926123791608], [83.28188833657754, 18.313939997532884], [83.27871619839391, 18.30697759823761], [83.2588707391933, 18.297113941954933], [83.25504808000494, 18.281989982851485], [83.22134884976964, 18.298859696018212], [83.21740386389723, 18.31377406721947], [83.22631801326577, 18.331895214892313], [83.21974024591566, 18.337167676547097], [83.17101391895727, 18.31042630043345], [83.16513368736986, 18.312114268558673], [83.15313937528202, 18.342296134259243], [83.12955552246945, 18.353860261941577], [83.12211432501613, 18.3494681007723], [83.11575502367543, 18.357064870147667], [83.10032078227835, 18.359930747805834], [83.0889736007511, 18.328239111046173], [83.07743190395928, 18.318934659506965], [83.07182461391488, 18.335783376201903], [83.07584081530143, 18.351380659290044], [83.07056439752898, 18.374997022594584], [83.09959733434954, 18.415917838537496], [83.08779536566362, 18.415242835288666], [83.07575913257796, 18.405690650203383], [83.06421662999355, 18.409443961769455], [83.05740149558261, 18.41941301050207], [83.06518673677851, 18.42274483410688], [83.06725030315903, 18.42850464017704], [83.05994469199402, 18.43699753630733], [83.0507645537412, 18.434173998731126], [83.04249559689436, 18.424267537416995], [83.03772282554803, 18.434586042012256], [83.04089909521713, 18.440830337150373], [83.0328505981766, 18.448001920552258], [83.02457497465542, 18.44850208300477], [83.02091241007975, 18.45628236713759], [83.05507731376707, 18.485645916326007], [83.05517546487584, 18.49569490579529], [83.07503285268405, 18.51459677652008], [83.0769742380707, 18.52617730513856], [83.09348598419086, 18.53986973689888], [83.09478967020715, 18.54731341288374], [83.08947170105819, 18.553016135386372], [83.08090318183645, 18.5540548559469], [83.0618920722614, 18.542076896231833], [83.04512281066923, 18.54434065439773], [83.02979903479769, 18.57370135453391], [83.04004204310587, 18.586516564188116], [83.05308635684997, 18.58823379895074], [83.05262150807619, 18.601034852376586], [83.02374272404751, 18.589677183854974], [83.01352039564978, 18.59440108514201], [83.01519440449823, 18.60552921160388], [83.00042432142533, 18.60801857729558], [82.99922348097891, 18.617969275361816], [83.01959114681404, 18.635249082978874], [83.01308877772499, 18.64589732759964], [83.0166838517784, 18.650062072706532], [83.05804091445668, 18.665454217737988], [83.06238823902606, 18.68292801181832], [83.07497144337748, 18.70129105014189], [83.07255989782107, 18.705259749337984], [83.09167895392062, 18.722518119815447], [83.11238968143869, 18.752838476614443], [83.12276985794267, 18.758459686365484], [83.12111234985514, 18.76587065400753], [83.11511991075531, 18.76812513027062], [83.13899866385731, 18.785399349500437], [83.15645354159773, 18.768263359666378], [83.17787266329282, 18.77089443063352], [83.19315532305978, 18.753160319693052], [83.20704070256642, 18.751311128305986], [83.21139380527995, 18.730967744166094]]]}}, {"type": "Feature", "properties": {"ac_name": "Tekkali", "district_key": "Srikakulam", "display": "Tekkali"}, "geometry": {"type": "Polygon", "coordinates": [[[84.39359831141297, 18.745638851451872], [84.39519153236341, 18.733980001775706], [84.38615067031725, 18.731072497198056], [84.3833178022748, 18.724639294068197], [84.39427558095338, 18.68669949688433], [84.37266250966712, 18.68212364289184], [84.36598903376694, 18.67318973811598], [84.38332142834128, 18.644593264767423], [84.36304002457751, 18.643766138496517], [84.35155876222717, 18.638526390580523], [84.33707179742555, 18.65132225761613], [84.32045059661777, 18.648298000352497], [84.33114465180432, 18.628186581045952], [84.35410491560941, 18.620840202713225], [84.35360353457554, 18.59539497989448], [84.36398659610461, 18.586694225258327], [84.35655814744064, 18.572127406055017], [84.35468481105522, 18.55499387406809], [84.28547199353773, 18.500987063502237], [84.20391127748354, 18.42701883425184], [84.19590018054896, 18.443120364513277], [84.19658492705281, 18.46208429115717], [84.18659684866572, 18.468534401541433], [84.18473933675102, 18.480519134950157], [84.16274931822653, 18.47836140955144], [84.1597371901193, 18.47428099387281], [84.16522992542076, 18.462868379472184], [84.16287742485332, 18.455859174961006], [84.13493113076714, 18.44529172183553], [84.12522785598082, 18.42381311448372], [84.112458003634, 18.411512857532387], [84.11039812627257, 18.425666534483014], [84.1028240503897, 18.439845225177066], [84.0941166326765, 18.445389996151448], [84.09247851577095, 18.454069990837468], [84.07584330352569, 18.453309510625445], [84.08212763378333, 18.466849643096623], [84.07827724040237, 18.47909142612849], [84.06063440615299, 18.48412815568986], [84.06044158880832, 18.487698082000918], [84.07267461963806, 18.491066674387582], [84.07960757333092, 18.498741362823694], [84.0876390623929, 18.52214342937583], [84.10302985574333, 18.538693859833813], [84.10359479726213, 18.54636450132074], [84.08363492631088, 18.560972813444607], [84.08449651819978, 18.57046759210573], [84.13492625284437, 18.579174487312798], [84.13676050379428, 18.596200329081967], [84.15733267816063, 18.592933431132963], [84.14998279786789, 18.62816144319612], [84.15538893924821, 18.63204072100251], [84.15622837633856, 18.64535579633298], [84.16496123227512, 18.64342403818887], [84.16682469140642, 18.646912114502527], [84.16324675303531, 18.663213462431372], [84.18551901209281, 18.664143017886033], [84.1984755538038, 18.651137027851576], [84.21073740790513, 18.651624010739567], [84.2124427365431, 18.657849453389588], [84.200777536754, 18.67133194471353], [84.20664670847884, 18.68604999481147], [84.21949945493594, 18.690050008401215], [84.22559261091033, 18.701261311360497], [84.24869793176418, 18.716870841416267], [84.24537517602363, 18.734272169924736], [84.2583112095947, 18.74845433200187], [84.30551890717186, 18.738568626141216], [84.31873083386097, 18.747415232826768], [84.3490454188111, 18.742987370370884], [84.38392636091288, 18.749135519888398], [84.39359831141297, 18.745638851451872]]]}}, {"type": "Feature", "properties": {"ac_name": "Narasannapeta", "district_key": "Srikakulam", "display": "Narasannapeta"}, "geometry": {"type": "Polygon", "coordinates": [[[84.05915474889258, 18.725924977455804], [84.0459477001263, 18.71532363068104], [84.04482431828774, 18.709699166283542], [84.05760889433509, 18.69577476249532], [84.06986068412334, 18.690083236552198], [84.07782465478402, 18.691554428494157], [84.0799543357241, 18.687317272674022], [84.07150058618316, 18.678739419388762], [84.0507006126432, 18.679425035537008], [84.05634384769047, 18.669143158530005], [84.08040348952949, 18.66411666775008], [84.09766308668219, 18.677285563677856], [84.10023006566507, 18.66859401270358], [84.0956174123138, 18.64461818947791], [84.11309138356057, 18.64624242085108], [84.10525482884731, 18.635105162673142], [84.10608007373645, 18.62589749257529], [84.12079398875164, 18.630844775566004], [84.14998279786789, 18.62816144319612], [84.15733267816063, 18.592933431132963], [84.13676050379428, 18.596200329081967], [84.13492625284437, 18.579174487312798], [84.08449651819978, 18.57046759210573], [84.08363492631088, 18.560972813444607], [84.10359479726213, 18.54636450132074], [84.10302985574333, 18.538693859833813], [84.0876390623929, 18.52214342937583], [84.07960757333092, 18.498741362823694], [84.07267461963806, 18.491066674387582], [84.06044158880832, 18.487698082000918], [84.06063440615299, 18.48412815568986], [84.07827724040237, 18.47909142612849], [84.08212763378333, 18.466849643096623], [84.07584330352569, 18.453309510625445], [84.09247851577095, 18.454069990837468], [84.0941166326765, 18.445389996151448], [84.1028240503897, 18.439845225177066], [84.11039812627257, 18.425666534483014], [84.112458003634, 18.411512857532387], [84.12522785598082, 18.42381311448372], [84.13493113076714, 18.44529172183553], [84.16287742485332, 18.455859174961006], [84.16522992542076, 18.462868379472184], [84.1597371901193, 18.47428099387281], [84.16274931822653, 18.47836140955144], [84.18473933675102, 18.480519134950157], [84.18659684866572, 18.468534401541433], [84.19658492705281, 18.46208429115717], [84.19590018054896, 18.443120364513277], [84.20391127748354, 18.42701883425184], [84.14963074206514, 18.375245676147074], [84.13450979389194, 18.34584228339469], [84.13304483155378, 18.350815982171866], [84.12884160715453, 18.344211417722818], [84.05838199383402, 18.337730718697742], [84.05023661372877, 18.342657799318033], [84.03560619626899, 18.343506884335284], [84.02032798005229, 18.354626001388908], [84.01263992319394, 18.350640646748502], [83.9833296480449, 18.376491517769352], [83.96600854985473, 18.38461082742782], [83.95568525636952, 18.396432780848215], [83.94723380279783, 18.417875123937847], [83.93924200171705, 18.41840795156577], [83.93767244822499, 18.432846193796877], [83.9496456793047, 18.451335139005494], [83.95027112181486, 18.466617835644627], [83.93384034975242, 18.484275113905426], [83.9328225123491, 18.496557546293786], [83.9742666096164, 18.539598924051177], [83.97671003793795, 18.547804464304647], [83.97263485001838, 18.566345949705862], [83.96256635335459, 18.58516707659936], [83.94732438970885, 18.579200001978563], [83.93816157689531, 18.589084383137845], [83.95241892769144, 18.598092001744533], [83.95801755006994, 18.6159833699366], [83.9921812010017, 18.609260445713062], [84.00571486644799, 18.61726491824146], [84.00545942930927, 18.632216910781835], [84.02343973955237, 18.624043428661366], [84.02912541180837, 18.626457690170298], [84.01081167881597, 18.64642671352209], [84.00234436480065, 18.664861694012018], [84.02303147522247, 18.678864470119265], [84.0233707291759, 18.68843604458783], [84.00036441018943, 18.693012414791156], [83.98385903846389, 18.686056844048153], [83.98610490911432, 18.70297941217018], [83.99470359159756, 18.710563674673892], [84.01064301366421, 18.715180324612334], [84.01501030048502, 18.723512702549215], [84.02982487212023, 18.7231782401837], [84.0552413031437, 18.73357645528921], [84.05915474889258, 18.725924977455804]]]}}, {"type": "Feature", "properties": {"ac_name": "Rajam_SC", "district_key": "Vizianagaram", "display": "Rajam (SC)"}, "geometry": {"type": "Polygon", "coordinates": [[[83.5603760858877, 18.686818359379856], [83.561424702588, 18.672058862226777], [83.577171656247, 18.65606671830443], [83.59434472962562, 18.661601027465508], [83.59358970290253, 18.64381628199584], [83.61545273805348, 18.6254322391066], [83.62333299172423, 18.602231605404313], [83.64121349250871, 18.582795579652327], [83.6766745521889, 18.578343744867993], [83.68943816054275, 18.569163045438245], [83.70482613361924, 18.570222559223794], [83.71618028938889, 18.56330006824362], [83.74565197935544, 18.585013056907087], [83.75461148333335, 18.569561936134505], [83.77186535270391, 18.55450563932385], [83.77476223898617, 18.54644374148552], [83.79061964378161, 18.541367403083257], [83.7846014957625, 18.520020987078965], [83.79214256382829, 18.493860405733187], [83.83197755272192, 18.467631370691265], [83.82732042969411, 18.427699378223792], [83.83549011487696, 18.41250539161058], [83.83009333274117, 18.39580164383085], [83.8244756501312, 18.39121424164398], [83.80959858640568, 18.395804332803777], [83.80779690080641, 18.381670017357465], [83.7656119915003, 18.383941481813963], [83.74807335540106, 18.403725906725242], [83.72859228620513, 18.409419360814923], [83.7361460347118, 18.424058606019912], [83.73495787560552, 18.432138300542192], [83.72090222565726, 18.43260085424606], [83.71623267399877, 18.443579337116773], [83.70503569094444, 18.445236219276126], [83.69918432129947, 18.44650064448922], [83.69629503069115, 18.43897817979922], [83.70908179119175, 18.39724398012561], [83.70316245708176, 18.387098679560438], [83.66195134447901, 18.387961552083993], [83.62279701916714, 18.378391104465948], [83.60532735567301, 18.384311890081733], [83.60685309149704, 18.38939690064649], [83.59658564860888, 18.407571726154288], [83.58225943672369, 18.409956948554395], [83.57322353084135, 18.41677526206871], [83.57487697399318, 18.427092084032495], [83.5792010357992, 18.4301471934383], [83.59181815178636, 18.427489436888038], [83.59580219071859, 18.434449300994515], [83.58288294749008, 18.447406456043154], [83.58735446933338, 18.45921374511829], [83.60473895713722, 18.460371962196348], [83.6156967744866, 18.454011812794988], [83.61426638208792, 18.46635526418413], [83.59722638319107, 18.47686658342616], [83.59622788031248, 18.488502731515894], [83.5800422886208, 18.492108525488106], [83.58183572563826, 18.50276094925846], [83.59180112582135, 18.510445336882867], [83.61909064591663, 18.505561097266877], [83.6282779715512, 18.511329815618524], [83.63231077981868, 18.5593386517574], [83.61812218309234, 18.562065656105176], [83.60733038149198, 18.559113600911985], [83.57636983599917, 18.567509765962996], [83.55911911875239, 18.55687904013564], [83.55921180468113, 18.537935597349986], [83.54831591644643, 18.537349527158995], [83.53958973347949, 18.540830312668845], [83.53875728861806, 18.549178944952416], [83.5266736351802, 18.550572519106538], [83.53391459947926, 18.566864752406445], [83.53824303738634, 18.56432332316291], [83.5448340265691, 18.583303283819532], [83.55129152308535, 18.58015773679017], [83.56843762849383, 18.58883791583719], [83.56967180411056, 18.5944188341619], [83.54991080833719, 18.59618582121874], [83.55331124391881, 18.613380897410536], [83.54854544321768, 18.624419818320007], [83.5563681591633, 18.638848810124557], [83.5501424053478, 18.646253031951915], [83.56096414268109, 18.667637766269934], [83.55382352653459, 18.68301067030626], [83.54161788905441, 18.68613649340449], [83.53882578997826, 18.710905597815156], [83.5603760858877, 18.686818359379856]]]}}, {"type": "Feature", "properties": {"ac_name": "Bobbili", "district_key": "Vizianagaram", "display": "Bobbili"}, "geometry": {"type": "Polygon", "coordinates": [[[83.29847861239813, 18.639671696091966], [83.32711825590286, 18.629199142126765], [83.3320138017956, 18.617027512509765], [83.34508766456412, 18.61355934179022], [83.35055781339241, 18.593924642308423], [83.36511543702784, 18.596375773323302], [83.36567617151815, 18.6020804176772], [83.35906775887003, 18.607001404491257], [83.36145106031825, 18.613113707931348], [83.36878457474836, 18.610396889305036], [83.38109761196529, 18.616602443448073], [83.39531565789133, 18.61178080474042], [83.40552158715161, 18.616045457332064], [83.40717906825944, 18.605024963531264], [83.42515500420012, 18.6204092484881], [83.42296350745994, 18.627460409970013], [83.43622990338741, 18.63356064270954], [83.45274231320724, 18.617774886901543], [83.49103840919531, 18.622913342376876], [83.49807928063433, 18.61549560553783], [83.4973975396648, 18.604842905675582], [83.46904352174118, 18.58809530605356], [83.45895101677604, 18.56747918091952], [83.46771386870012, 18.558207152638033], [83.47948977863041, 18.56303556863662], [83.48396724229445, 18.55997250202938], [83.48745471246508, 18.529201395128325], [83.5063070854037, 18.541767275839163], [83.5102487734622, 18.525383428602424], [83.52224776202468, 18.533889030354544], [83.53501852988131, 18.525216500041495], [83.54831591644643, 18.537349527158995], [83.55921180468113, 18.537935597349986], [83.55911911875239, 18.55687904013564], [83.57636983599917, 18.567509765962996], [83.60733038149198, 18.559113600911985], [83.61812218309234, 18.562065656105176], [83.63231077981868, 18.5593386517574], [83.6282779715512, 18.511329815618524], [83.61909064591663, 18.505561097266877], [83.59180112582135, 18.510445336882867], [83.58183572563826, 18.50276094925846], [83.5800422886208, 18.492108525488106], [83.59622788031248, 18.488502731515894], [83.59722638319107, 18.47686658342616], [83.61426638208792, 18.46635526418413], [83.6156967744866, 18.454011812794988], [83.60473895713722, 18.460371962196348], [83.58735446933338, 18.45921374511829], [83.58288294749008, 18.447406456043154], [83.59580219071859, 18.434449300994515], [83.59181815178636, 18.427489436888038], [83.5792010357992, 18.4301471934383], [83.57487697399318, 18.427092084032495], [83.57322353084135, 18.41677526206871], [83.58225943672369, 18.409956948554395], [83.57653410886212, 18.404931328318185], [83.55206150733278, 18.427671834687487], [83.55377853165396, 18.43488936085538], [83.53315843961036, 18.44439277840405], [83.52883266099855, 18.434163695198436], [83.50985364822736, 18.441466153340343], [83.5023256140359, 18.435380416772887], [83.48848613412787, 18.43700182427483], [83.47866692323998, 18.444407182845282], [83.47337469088933, 18.437681879914862], [83.46149928356516, 18.438360505632886], [83.44712810467837, 18.44846293281813], [83.44549216862873, 18.448713988459872], [83.43098444567568, 18.45230170426032], [83.42697211766915, 18.467715661448665], [83.41176561069443, 18.467247207292814], [83.40919967402579, 18.460190623798326], [83.4140319364248, 18.44124053592202], [83.40124843506726, 18.423545871944498], [83.40057532669005, 18.414969792122236], [83.37990815693593, 18.41290008517086], [83.36346210449261, 18.41960485208233], [83.35697847367766, 18.401978279374134], [83.34870800507042, 18.40428156634124], [83.34276222909364, 18.415472335080267], [83.32808258993964, 18.413477246677644], [83.32228017848752, 18.425048963738732], [83.3220218446325, 18.43004647746301], [83.3133498512147, 18.427881325462863], [83.30381770122597, 18.41675677020885], [83.2911314831315, 18.41518177941566], [83.26472265922342, 18.428919051373157], [83.23819559784863, 18.414237513750322], [83.22994442329656, 18.418159672131196], [83.21589821892769, 18.415921155237186], [83.20155831396505, 18.403882831227747], [83.18619710920927, 18.416252085065707], [83.18170767107222, 18.442486061882278], [83.1703629851637, 18.456294304738435], [83.18068669683367, 18.468477728964046], [83.19402251862437, 18.51732622972179], [83.20379557630486, 18.52336882131408], [83.23729440880999, 18.529539768645463], [83.24460599507069, 18.54907379172215], [83.25526458279433, 18.552891581081667], [83.2644262507709, 18.565960465203375], [83.24054338237124, 18.573904322526516], [83.23837331827406, 18.582940444246162], [83.22617790788422, 18.584857384260943], [83.2246813856375, 18.59323534973163], [83.23105746832755, 18.603704012330354], [83.25770941495762, 18.623958089294433], [83.27752501756555, 18.624358203068653], [83.29847861239813, 18.639671696091966]]]}}, {"type": "Feature", "properties": {"ac_name": "Amadalavalasa", "district_key": "Srikakulam", "display": "Amadalavalasa"}, "geometry": {"type": "Polygon", "coordinates": [[[83.75461148333335, 18.569561936134505], [83.76007661214601, 18.57478815105236], [83.76626693267286, 18.596535498314665], [83.7772583459959, 18.60370785153617], [83.7892441298128, 18.573846198443334], [83.7949008474962, 18.570618249232894], [83.81114333299848, 18.57432372495998], [83.83372310443775, 18.54677656438696], [83.84022315057797, 18.55015546840019], [83.86073438058725, 18.54043921639675], [83.87324286566576, 18.547557194808746], [83.88182858981764, 18.539767288829353], [83.89933296354548, 18.537232675547614], [83.90845686988871, 18.54293820933094], [83.90701514603222, 18.55791041413437], [83.92386116925763, 18.560986720560777], [83.954593262669, 18.55478080848758], [83.96791929084264, 18.558335520068226], [83.97263485001838, 18.566345949705862], [83.97671003793795, 18.547804464304647], [83.9742666096164, 18.539598924051177], [83.9328225123491, 18.496557546293786], [83.93384034975242, 18.484275113905426], [83.95027112181486, 18.466617835644627], [83.9496456793047, 18.451335139005494], [83.93767244822499, 18.432846193796877], [83.93924200171705, 18.41840795156577], [83.91884771505005, 18.382454639869763], [83.91218747357311, 18.385791259559028], [83.90509764214255, 18.401377475590095], [83.88990352872491, 18.387749746453665], [83.89504200758262, 18.37982953320642], [83.89459780544445, 18.366371525925217], [83.88109756060402, 18.35332266071225], [83.87908242901096, 18.333861046550112], [83.86832808867041, 18.3332375438776], [83.8494521058301, 18.30554263818226], [83.83115330877825, 18.311748852427627], [83.82223670785783, 18.309490945250957], [83.80179678239563, 18.275691758068206], [83.79033543373333, 18.27042561145288], [83.77940300964121, 18.277325275840838], [83.77369584628633, 18.293838263924783], [83.74257076982525, 18.294242356299776], [83.74223364276844, 18.31528082015376], [83.73497085641992, 18.319618066920327], [83.72631232045728, 18.318299315461104], [83.70501603446246, 18.335361256017222], [83.70807906599617, 18.34044200109753], [83.72097356797582, 18.341921192509062], [83.72383815960342, 18.353376676692335], [83.73434909753286, 18.347911443558303], [83.75865465988471, 18.354022938507853], [83.76486182291484, 18.36448192530065], [83.7656119915003, 18.383941481813963], [83.80779690080641, 18.381670017357465], [83.80959858640568, 18.395804332803777], [83.8244756501312, 18.39121424164398], [83.83009333274117, 18.39580164383085], [83.83549011487696, 18.41250539161058], [83.82732042969411, 18.427699378223792], [83.83197755272192, 18.467631370691265], [83.79214256382829, 18.493860405733187], [83.7846014957625, 18.520020987078965], [83.79061964378161, 18.541367403083257], [83.77476223898617, 18.54644374148552], [83.77186535270391, 18.55450563932385], [83.75461148333335, 18.569561936134505]]]}}, {"type": "Feature", "properties": {"ac_name": "Araku_Valley_ST", "district_key": "Alluri_Seetha_Rama_Raju", "display": "Araku Valley (ST)"}, "geometry": {"type": "Polygon", "coordinates": [[[82.52917351774369, 18.5028186290765], [82.52657409032207, 18.49577540411167], [82.53320420451047, 18.4876684907083], [82.52782705817225, 18.480689324452783], [82.53416098334276, 18.477768169965145], [82.51939261797497, 18.465635623984895], [82.52830908129914, 18.464245442073548], [82.52736133885475, 18.459704114853082], [82.53322254888161, 18.458699412048304], [82.53952700686591, 18.443646234985806], [82.54443110081473, 18.44942366327149], [82.54233566965547, 18.45766424470918], [82.54872632585932, 18.453092567168312], [82.55478815305088, 18.4545213983439], [82.56160184494922, 18.446967913338597], [82.55054465880903, 18.43333797996388], [82.55197258976324, 18.428601292116014], [82.5413783629212, 18.421947593206937], [82.54705147254748, 18.412638443609353], [82.53549532724759, 18.4062138883603], [82.54085426591172, 18.399466213894698], [82.55214086550859, 18.397947952336153], [82.55530057596087, 18.393661270851], [82.56239140204161, 18.399992295707932], [82.57096949184864, 18.394704398988893], [82.57579024202613, 18.39626541161948], [82.5838401204253, 18.386761364545407], [82.5885925167313, 18.391662729951065], [82.59475756001342, 18.389267358701716], [82.59947887754822, 18.37982635230435], [82.60524863281819, 18.38206574064145], [82.6059474797924, 18.366097776791037], [82.62118802340859, 18.3597434873721], [82.61448261977716, 18.350948386658786], [82.6020091057357, 18.352308802809034], [82.61116446766613, 18.333749536012306], [82.60890691931894, 18.327160966005806], [82.59484938619028, 18.328911250853594], [82.58843882888891, 18.31791114378433], [82.58386489674763, 18.319789637781582], [82.581487075768, 18.31638321990971], [82.5851407082771, 18.308498784391418], [82.59511324817794, 18.310705553418586], [82.59862575277634, 18.304218653568057], [82.58776274285634, 18.276096965602505], [82.5967606038189, 18.274405831863703], [82.59688603136533, 18.26482349610751], [82.61382130870646, 18.258458353670107], [82.63765033289661, 18.236737125418074], [82.65222567857228, 18.24987774576141], [82.64709251920448, 18.262261326698933], [82.64225574400746, 18.26379993092212], [82.64276082035565, 18.271585822327893], [82.64850422099306, 18.272902866873835], [82.65221312313719, 18.28117676369675], [82.64379215928079, 18.28803806930148], [82.64261617429707, 18.302072676912587], [82.6511532523208, 18.301897747083387], [82.65738647140859, 18.296105860397176], [82.66673288441513, 18.298062948846052], [82.67628543012853, 18.30659320461274], [82.68438012534256, 18.30362389142948], [82.6944786845437, 18.31232016384456], [82.70959165033446, 18.313290262535645], [82.71668541539964, 18.32342550058644], [82.73423291701556, 18.320279973342167], [82.74094524812477, 18.322650144688453], [82.73827352240517, 18.326997523217187], [82.7428319097649, 18.330032904195207], [82.75514148818917, 18.330226105550366], [82.75965488246692, 18.339656309291286], [82.76479183067852, 18.336198978100413], [82.7742291930229, 18.340473596978995], [82.77635779027986, 18.349272854358787], [82.79052792932055, 18.36322632873214], [82.7826160267083, 18.38193326151088], [82.79382978481675, 18.38605767652058], [82.79143027938392, 18.39618276482281], [82.79950777416451, 18.40679276127696], [82.78684912928395, 18.410751629084473], [82.78213330300957, 18.43083005945971], [82.80311107251805, 18.44928115130415], [82.82245742776814, 18.44778407687369], [82.82377568280157, 18.443543936203753], [82.84584443697122, 18.43349316877476], [82.85238569454424, 18.419240804719436], [82.85638045519391, 18.425473822359038], [82.87126488436695, 18.4184944213805], [82.89497614503313, 18.424136486409793], [82.89775237197443, 18.40353672084302], [82.8906913323392, 18.39053348093546], [82.89416466876452, 18.38160630668574], [82.91305419179758, 18.36851629299258], [82.92216513441349, 18.375462755401884], [82.9259930906087, 18.368180109324612], [82.9396971065363, 18.360859011833952], [82.95369823868282, 18.361616408270663], [82.96007638171972, 18.366449321778816], [82.97043921210002, 18.360050367530505], [82.98313495401499, 18.366482194697596], [82.98724796921846, 18.378883557929896], [82.99204862044752, 18.37859689902774], [82.99600366793499, 18.38507595229339], [83.00567752409853, 18.38291367812377], [83.0218848784844, 18.391747678112893], [83.04304349356244, 18.379413730759097], [83.05444772628158, 18.38002401519617], [83.07575913257796, 18.405690650203383], [83.08779536566362, 18.415242835288666], [83.09959733434954, 18.415917838537496], [83.07056439752898, 18.374997022594584], [83.07584081530143, 18.351380659290044], [83.07182461391488, 18.335783376201903], [83.07743190395928, 18.318934659506965], [83.0889736007511, 18.328239111046173], [83.10032078227835, 18.359930747805834], [83.11575502367543, 18.357064870147667], [83.12211432501613, 18.3494681007723], [83.12955552246945, 18.353860261941577], [83.15313937528202, 18.342296134259243], [83.16513368736986, 18.312114268558673], [83.17101391895727, 18.31042630043345], [83.21974024591566, 18.337167676547097], [83.22631801326577, 18.331895214892313], [83.21740386389723, 18.31377406721947], [83.22134884976964, 18.298859696018212], [83.25504808000494, 18.281989982851485], [83.26657022373689, 18.276003496364297], [83.2691840942706, 18.267178289046853], [83.26983017712104, 18.217677905710843], [83.25200109147727, 18.227914827407403], [83.24752207648271, 18.225780893573415], [83.24859855867658, 18.212540137317546], [83.24161446773354, 18.200084004473297], [83.22561523895217, 18.212916237394495], [83.21820220017145, 18.206092025226837], [83.21655298113524, 18.191327276033007], [83.20307545496831, 18.193967123484015], [83.1978255123376, 18.197686364234357], [83.1895040620629, 18.19771244007711], [83.17302550452348, 18.229276723841792], [83.16601926507707, 18.211062440579212], [83.1548029690818, 18.208672856467217], [83.16172691966165, 18.194487640292436], [83.16042639206438, 18.182441635173348], [83.15123713648472, 18.170329286167657], [83.13878502271069, 18.169085134371528], [83.12405512404479, 18.183025817687394], [83.12309147798936, 18.192546325952208], [83.0779264465483, 18.18988981136573], [83.07227695671622, 18.17547515925122], [83.086021380982, 18.152943192174632], [83.09751822048952, 18.151945907877405], [83.10540966622318, 18.15887507092782], [83.11689954677672, 18.156993923031166], [83.11215209584259, 18.141262615777123], [83.10369119759076, 18.14314936734945], [83.10200133729194, 18.13496971857768], [83.12659622593515, 18.118492445270192], [83.10455156820035, 18.110108599132616], [83.12571424012015, 18.109035289746885], [83.13069246788314, 18.104814753398216], [83.12360957562146, 18.096631283407078], [83.10767363123313, 18.096037997055987], [83.09892501108044, 18.09022411654979], [83.07382251269888, 18.085495730343723], [83.06054943211063, 18.089967745914805], [83.03841238522347, 18.086476973433605], [83.02762389312824, 18.092953202828085], [83.02601604110748, 18.09830748839994], [83.03706959308732, 18.11062498625415], [83.03351522414835, 18.117467943890574], [83.0199254580935, 18.11362987931551], [83.01123699449175, 18.12376438351953], [82.98909573068346, 18.117990266537618], [82.98432922671248, 18.107582063561438], [83.00264433656696, 18.096410310087776], [83.00305663795353, 18.074875112896166], [83.00949210827423, 18.064633590268045], [82.99506852948912, 18.046996262567518], [82.9916651414332, 18.031783159065583], [82.97306490961796, 18.01035529865817], [82.96865732867286, 17.992215235544734], [82.94229193392567, 17.974466240824427], [82.93216012229186, 17.991819345886142], [82.88998313691229, 17.991911654998944], [82.88258277587448, 18.01088475382835], [82.85590647110683, 18.019859256699363], [82.82286989193204, 18.010592027200346], [82.80306368454148, 18.011600604284524], [82.76848482291632, 18.036147028462665], [82.76022801950757, 18.047327487373707], [82.74373387581778, 18.036654321639674], [82.73257133409987, 18.035438448125944], [82.72297018542577, 18.05130840925574], [82.72861275047813, 18.06546059243243], [82.71723306115689, 18.082818968420725], [82.71200686782277, 18.10155676593206], [82.66922242367599, 18.09598890216614], [82.6625495970863, 18.097388288638683], [82.65971407154723, 18.10385436288857], [82.65868162555665, 18.124020463673503], [82.64950663052662, 18.147360823243446], [82.63793721662933, 18.148536585195302], [82.62657917488906, 18.13620017100112], [82.62471951809135, 18.119253475867254], [82.62034577413823, 18.114892415052964], [82.58750652690475, 18.111216817502168], [82.57834935643768, 18.10344173235012], [82.51711393645905, 18.10922518969079], [82.48067546120365, 18.107441641618493], [82.44822383166456, 18.113729032269077], [82.43772352821833, 18.10797283337962], [82.42011582328666, 18.083616801074584], [82.40180517137162, 18.078448665273754], [82.35030041952882, 18.07769296226047], [82.34696324315922, 18.098287543235585], [82.33846443218783, 18.09915173056794], [82.33574943109141, 18.105895427332143], [82.33416363764184, 18.126902634349165], [82.3420500921381, 18.136661316366713], [82.33875376837176, 18.14695801510038], [82.34132567114284, 18.15014921531406], [82.36320483473537, 18.134846154426555], [82.3722808144081, 18.14819860288327], [82.35333028406541, 18.17172892175239], [82.33733085473523, 18.17221093408739], [82.31541421639304, 18.184067447554696], [82.31080636901879, 18.204132290073176], [82.32485358602423, 18.21044881156348], [82.33702395119445, 18.22434033254035], [82.32438573621283, 18.231245001655566], [82.33649790535412, 18.24080377517413], [82.33252191805212, 18.25200904008517], [82.34002602847846, 18.26237011229091], [82.34463851815315, 18.280584339795496], [82.35890885605892, 18.281500569995387], [82.36586918151755, 18.27764501180792], [82.37646569623496, 18.28071649337153], [82.3923089519966, 18.297984947047723], [82.39502484791848, 18.315680990585292], [82.38892715846163, 18.32854537516897], [82.37505677425077, 18.328734795774267], [82.35583863534481, 18.31595812566701], [82.3427330453938, 18.320485743622214], [82.33809556535812, 18.32806735852182], [82.34895893590624, 18.330473339073365], [82.3630725309726, 18.344256496240348], [82.3698434987785, 18.358554645680385], [82.38551400916424, 18.367540727322762], [82.38604097860832, 18.38631182493083], [82.38144813012718, 18.389677987349273], [82.37959214436205, 18.403837063829485], [82.36417398823903, 18.421571703571317], [82.38196169877341, 18.432618575386982], [82.3866134924188, 18.445047783428492], [82.39599076925867, 18.449208737893002], [82.40906947847373, 18.46938689049267], [82.43740906947306, 18.493843831227878], [82.43401402352845, 18.498595971227132], [82.44493679519701, 18.5146040790151], [82.48476551221864, 18.549433610472818], [82.49341897600499, 18.54324066482485], [82.48167103049371, 18.54138397489055], [82.48616582859017, 18.528126938207663], [82.50492449486961, 18.513481685531417], [82.51353629666283, 18.518295244729813], [82.52592837799233, 18.51623142114323], [82.53235112650333, 18.510726621436504], [82.52690218998413, 18.50588922570728], [82.52917351774369, 18.5028186290765]]]}}, {"type": "Feature", "properties": {"ac_name": "Gajapathinagaram", "district_key": "Vizianagaram", "display": "Gajapathinagaram"}, "geometry": {"type": "Polygon", "coordinates": [[[83.44549216862873, 18.448713988459872], [83.4408475713584, 18.44174955489808], [83.42995403934748, 18.44330460772153], [83.43392284826092, 18.440350554234726], [83.41138083755567, 18.414599798441998], [83.42671049049682, 18.40052657843887], [83.43900005360962, 18.399795136436467], [83.44171914662138, 18.383915878115317], [83.43087586422979, 18.38320740299929], [83.43054254310391, 18.378513822355046], [83.424089138503, 18.379578157406115], [83.42151451258474, 18.37455653645503], [83.43081858191209, 18.368798936421854], [83.42619525630607, 18.3472095451844], [83.43575433199686, 18.343270921116186], [83.43581114127119, 18.331052846911405], [83.4296436635243, 18.3278583353939], [83.44019402773228, 18.31149446839504], [83.43561164915832, 18.302920309524723], [83.43797611880291, 18.285444547727764], [83.43323259340951, 18.274937443608167], [83.42472175490514, 18.27543937412787], [83.4212785610568, 18.25047766371324], [83.40792524115699, 18.247991296361306], [83.39570687287392, 18.250100556395637], [83.38778422516191, 18.237242137015073], [83.39958909955737, 18.221310675747134], [83.39994795333541, 18.211997496287495], [83.38967408389192, 18.2065349773074], [83.38247371319136, 18.191312965121313], [83.39246434115648, 18.187156241967045], [83.39325445223125, 18.176843627931135], [83.3845385754949, 18.172440180270144], [83.38521285299083, 18.16689746424663], [83.38203922013395, 18.151802430937494], [83.35970110102505, 18.151877160102913], [83.3593029657593, 18.176554205412288], [83.34441294819908, 18.176843108122966], [83.33600719637508, 18.1414362478846], [83.36563813739019, 18.127643805217474], [83.35996749910083, 18.1196312073144], [83.36092242982636, 18.110718691114755], [83.35330911562323, 18.113666132785852], [83.34442222110869, 18.105514175039218], [83.31998219662114, 18.108212435255723], [83.3126985675849, 18.08998473770555], [83.3156710292946, 18.089604168897324], [83.3124724951096, 18.07563965084927], [83.31570255772692, 18.05358841367439], [83.2845689844711, 18.042540503141765], [83.2210605487054, 18.03161025361038], [83.21731749570591, 18.042819148185174], [83.19639902749316, 18.05234677548333], [83.18410132011991, 18.063663332396914], [83.15999994074474, 18.047561964013482], [83.14152098070878, 18.045576261835038], [83.13938803433035, 18.039796393688675], [83.1225226235203, 18.05392013220836], [83.1165258056215, 18.054425132114204], [83.1046944219101, 18.029668663178313], [83.08798613525198, 18.038029630563074], [83.08879930224606, 18.046173345123805], [83.10486777972432, 18.060734562450136], [83.12305245280851, 18.060288928591206], [83.12768891481164, 18.069246883037295], [83.1376354247351, 18.073075375228427], [83.1551674436227, 18.07484682022465], [83.17438195016695, 18.066452048223482], [83.20193819748988, 18.07710829231388], [83.22774618074169, 18.077664458248194], [83.23701555152655, 18.09869233078649], [83.23750612630676, 18.123651450254272], [83.22730871452563, 18.12615570961833], [83.23223400189772, 18.155710996065693], [83.21915706614573, 18.162183301718073], [83.22019795856897, 18.172537929381974], [83.19650230923423, 18.170239499653235], [83.20630575140933, 18.17845330197838], [83.2074751335706, 18.190930840485976], [83.20307545496831, 18.193967123484015], [83.21655298113524, 18.191327276033007], [83.21820220017145, 18.206092025226837], [83.22561523895217, 18.212916237394495], [83.24161446773354, 18.200084004473297], [83.24859855867658, 18.212540137317546], [83.24752207648271, 18.225780893573415], [83.25200109147727, 18.227914827407403], [83.26983017712104, 18.217677905710843], [83.2691840942706, 18.267178289046853], [83.26657022373689, 18.276003496364297], [83.25504808000494, 18.281989982851485], [83.2588707391933, 18.297113941954933], [83.27871619839391, 18.30697759823761], [83.28188833657754, 18.313939997532884], [83.27255302300364, 18.317926123791608], [83.27202644026806, 18.325951208781305], [83.28814645879208, 18.326285991305497], [83.29062390486939, 18.335806165921895], [83.32881726950143, 18.339823323287817], [83.32583046270577, 18.344176404417567], [83.31830777048725, 18.344324013742266], [83.31669392358577, 18.350647834130314], [83.30677410733927, 18.3502361649671], [83.3024155583314, 18.354854312276757], [83.30482283840331, 18.371089591511463], [83.31355260516864, 18.385702013537127], [83.31242905785479, 18.419689958524827], [83.32228017848752, 18.425048963738732], [83.32808258993964, 18.413477246677644], [83.34276222909364, 18.415472335080267], [83.34870800507042, 18.40428156634124], [83.35697847367766, 18.401978279374134], [83.36346210449261, 18.41960485208233], [83.37990815693593, 18.41290008517086], [83.40057532669005, 18.414969792122236], [83.40124843506726, 18.423545871944498], [83.4140319364248, 18.44124053592202], [83.40919967402579, 18.460190623798326], [83.41176561069443, 18.467247207292814], [83.42697211766915, 18.467715661448665], [83.43098444567568, 18.45230170426032], [83.44549216862873, 18.448713988459872]]]}}, {"type": "Feature", "properties": {"ac_name": "Etcherla", "district_key": "Srikakulam", "display": "Etcherla"}, "geometry": {"type": "Polygon", "coordinates": [[[83.70503569094444, 18.445236219276126], [83.71623267399877, 18.443579337116773], [83.72090222565726, 18.43260085424606], [83.73495787560552, 18.432138300542192], [83.7361460347118, 18.424058606019912], [83.72859228620513, 18.409419360814923], [83.74807335540106, 18.403725906725242], [83.7656119915003, 18.383941481813963], [83.76486182291484, 18.36448192530065], [83.75865465988471, 18.354022938507853], [83.73434909753286, 18.347911443558303], [83.72383815960342, 18.353376676692335], [83.72097356797582, 18.341921192509062], [83.70807906599617, 18.34044200109753], [83.70501603446246, 18.335361256017222], [83.72631232045728, 18.318299315461104], [83.73497085641992, 18.319618066920327], [83.74223364276844, 18.31528082015376], [83.74257076982525, 18.294242356299776], [83.77369584628633, 18.293838263924783], [83.77940300964121, 18.277325275840838], [83.79033543373333, 18.27042561145288], [83.80179678239563, 18.275691758068206], [83.82223670785783, 18.309490945250957], [83.83115330877825, 18.311748852427627], [83.8494521058301, 18.30554263818226], [83.86832808867041, 18.3332375438776], [83.87908242901096, 18.333861046550112], [83.89294566900747, 18.31997354914006], [83.88451079173973, 18.30578456210793], [83.88864372242989, 18.29003778201809], [83.91428299286588, 18.26410219396115], [83.92270808371114, 18.241466021539736], [83.94904427387422, 18.216377877237278], [83.88941565820613, 18.196172808828123], [83.86034927020273, 18.174363298627384], [83.75055726310728, 18.12933190914032], [83.66768307371495, 18.07952179029843], [83.64473950582357, 18.106373454771187], [83.63479202373298, 18.10566019975846], [83.62189161050946, 18.114661822585106], [83.6239749745655, 18.12941582667912], [83.60738181192113, 18.14339743544332], [83.60233925475285, 18.16042913179905], [83.60291791273153, 18.164728430772527], [83.61161765922765, 18.165415191757745], [83.61328968507098, 18.17148805453013], [83.60993091148242, 18.19278407702359], [83.584234152784, 18.193354597037057], [83.57777815903489, 18.20705076008454], [83.60306761298, 18.20085848712955], [83.60805839527876, 18.20245681982641], [83.60272365916961, 18.20580991059893], [83.60796195198253, 18.212853015953954], [83.62468689048768, 18.21186402160737], [83.63516431428172, 18.21923010318676], [83.64248499448695, 18.20999586801497], [83.65184494948488, 18.206763611951203], [83.66651585262457, 18.232506827827876], [83.66702790141659, 18.268420235705378], [83.67190835848402, 18.272075336807404], [83.67344537270583, 18.282402694328937], [83.70243949658555, 18.289043677723612], [83.70911290323795, 18.295221711712657], [83.69914530331317, 18.297472330783478], [83.69491459383352, 18.306279736021054], [83.68510364591657, 18.30540742870994], [83.67926396835753, 18.312903134072428], [83.67125578882366, 18.310719781592695], [83.6656267531722, 18.31669719302107], [83.65818862960163, 18.315971660463788], [83.65636747907598, 18.322073289850493], [83.62726182397404, 18.321484600833685], [83.62377850507403, 18.333194825181067], [83.60552761850482, 18.327880643976584], [83.61088023673358, 18.335843191010497], [83.58521212503962, 18.353993851734913], [83.59079232120871, 18.35847574995597], [83.58928316888318, 18.364667561558747], [83.59979758808828, 18.366842190614648], [83.59521888054695, 18.371742137789454], [83.60269336190919, 18.374686545147995], [83.60532735567301, 18.384311890081733], [83.62279701916714, 18.378391104465948], [83.66195134447901, 18.387961552083993], [83.70316245708176, 18.387098679560438], [83.70908179119175, 18.39724398012561], [83.69629503069115, 18.43897817979922], [83.69918432129947, 18.44650064448922], [83.70503569094444, 18.445236219276126]]]}}, {"type": "Feature", "properties": {"ac_name": "Srikakulam", "district_key": "Srikakulam", "display": "Srikakulam"}, "geometry": {"type": "Polygon", "coordinates": [[[83.96600854985473, 18.38461082742782], [83.9833296480449, 18.376491517769352], [84.01263992319394, 18.350640646748502], [84.02032798005229, 18.354626001388908], [84.03560619626899, 18.343506884335284], [84.05023661372877, 18.342657799318033], [84.05838199383402, 18.337730718697742], [84.12884160715453, 18.344211417722818], [84.13008603414323, 18.316365013134885], [84.12584752844072, 18.311248062248296], [84.07169591533426, 18.276560612882008], [83.94904427387422, 18.216377877237278], [83.92270808371114, 18.241466021539736], [83.91428299286588, 18.26410219396115], [83.88864372242989, 18.29003778201809], [83.88451079173973, 18.30578456210793], [83.89294566900747, 18.31997354914006], [83.87908242901096, 18.333861046550112], [83.88109756060402, 18.35332266071225], [83.89459780544445, 18.366371525925217], [83.89504200758262, 18.37982953320642], [83.88990352872491, 18.387749746453665], [83.90509764214255, 18.401377475590095], [83.91218747357311, 18.385791259559028], [83.91884771505005, 18.382454639869763], [83.93924200171705, 18.41840795156577], [83.94723380279783, 18.417875123937847], [83.95568525636952, 18.396432780848215], [83.96600854985473, 18.38461082742782]]]}}, {"type": "Feature", "properties": {"ac_name": "Cheepurupalli", "district_key": "Vizianagaram", "display": "Cheepurupalle"}, "geometry": {"type": "Polygon", "coordinates": [[[83.44712810467837, 18.44846293281813], [83.46149928356516, 18.438360505632886], [83.47337469088933, 18.437681879914862], [83.47866692323998, 18.444407182845282], [83.48848613412787, 18.43700182427483], [83.5023256140359, 18.435380416772887], [83.50985364822736, 18.441466153340343], [83.52883266099855, 18.434163695198436], [83.53315843961036, 18.44439277840405], [83.55377853165396, 18.43488936085538], [83.55206150733278, 18.427671834687487], [83.57653410886212, 18.404931328318185], [83.58225943672369, 18.409956948554395], [83.59658564860888, 18.407571726154288], [83.60685309149704, 18.38939690064649], [83.60532735567301, 18.384311890081733], [83.60269336190919, 18.374686545147995], [83.59521888054695, 18.371742137789454], [83.59979758808828, 18.366842190614648], [83.58928316888318, 18.364667561558747], [83.59079232120871, 18.35847574995597], [83.58521212503962, 18.353993851734913], [83.61088023673358, 18.335843191010497], [83.60552761850482, 18.327880643976584], [83.62377850507403, 18.333194825181067], [83.62726182397404, 18.321484600833685], [83.65636747907598, 18.322073289850493], [83.65818862960163, 18.315971660463788], [83.6656267531722, 18.31669719302107], [83.67125578882366, 18.310719781592695], [83.67926396835753, 18.312903134072428], [83.68510364591657, 18.30540742870994], [83.69491459383352, 18.306279736021054], [83.69914530331317, 18.297472330783478], [83.70911290323795, 18.295221711712657], [83.70243949658555, 18.289043677723612], [83.67344537270583, 18.282402694328937], [83.67190835848402, 18.272075336807404], [83.66702790141659, 18.268420235705378], [83.66651585262457, 18.232506827827876], [83.65184494948488, 18.206763611951203], [83.64248499448695, 18.20999586801497], [83.63516431428172, 18.21923010318676], [83.62468689048768, 18.21186402160737], [83.60796195198253, 18.212853015953954], [83.60272365916961, 18.20580991059893], [83.60805839527876, 18.20245681982641], [83.60306761298, 18.20085848712955], [83.57777815903489, 18.20705076008454], [83.54434787825204, 18.197115016844577], [83.53342742863299, 18.18163221115765], [83.53015036115028, 18.15640102608654], [83.52060085694404, 18.156377190455032], [83.49741153311584, 18.179588731135084], [83.48401401783269, 18.183030485168786], [83.45651743513156, 18.181558034175964], [83.45422828910432, 18.202059550607828], [83.44577529319525, 18.20773438513379], [83.44251001222733, 18.199579904788834], [83.43321352148689, 18.2058043357016], [83.40547763008863, 18.207290650643074], [83.41851882228588, 18.21104303141084], [83.42619622487592, 18.218733825805487], [83.41682922728705, 18.22643198654697], [83.40769104330707, 18.224230671008684], [83.40792524115699, 18.247991296361306], [83.4212785610568, 18.25047766371324], [83.42472175490514, 18.27543937412787], [83.43323259340951, 18.274937443608167], [83.43797611880291, 18.285444547727764], [83.43561164915832, 18.302920309524723], [83.44019402773228, 18.31149446839504], [83.4296436635243, 18.3278583353939], [83.43581114127119, 18.331052846911405], [83.43575433199686, 18.343270921116186], [83.42619525630607, 18.3472095451844], [83.43081858191209, 18.368798936421854], [83.42151451258474, 18.37455653645503], [83.424089138503, 18.379578157406115], [83.43054254310391, 18.378513822355046], [83.43087586422979, 18.38320740299929], [83.44171914662138, 18.383915878115317], [83.43900005360962, 18.399795136436467], [83.42671049049682, 18.40052657843887], [83.41138083755567, 18.414599798441998], [83.43392284826092, 18.440350554234726], [83.42995403934748, 18.44330460772153], [83.4408475713584, 18.44174955489808], [83.44549216862873, 18.448713988459872], [83.44712810467837, 18.44846293281813]]]}}, {"type": "Feature", "properties": {"ac_name": "Nellimarla", "district_key": "Vizianagaram", "display": "Nellimarla"}, "geometry": {"type": "Polygon", "coordinates": [[[83.40792524115699, 18.247991296361306], [83.40769104330707, 18.224230671008684], [83.41682922728705, 18.22643198654697], [83.42619622487592, 18.218733825805487], [83.41851882228588, 18.21104303141084], [83.40547763008863, 18.207290650643074], [83.43321352148689, 18.2058043357016], [83.44251001222733, 18.199579904788834], [83.44577529319525, 18.20773438513379], [83.45422828910432, 18.202059550607828], [83.45651743513156, 18.181558034175964], [83.48401401783269, 18.183030485168786], [83.49741153311584, 18.179588731135084], [83.52060085694404, 18.156377190455032], [83.53015036115028, 18.15640102608654], [83.53342742863299, 18.18163221115765], [83.54434787825204, 18.197115016844577], [83.57777815903489, 18.20705076008454], [83.584234152784, 18.193354597037057], [83.60993091148242, 18.19278407702359], [83.61328968507098, 18.17148805453013], [83.61161765922765, 18.165415191757745], [83.60291791273153, 18.164728430772527], [83.60233925475285, 18.16042913179905], [83.60738181192113, 18.14339743544332], [83.6239749745655, 18.12941582667912], [83.62189161050946, 18.114661822585106], [83.63479202373298, 18.10566019975846], [83.64473950582357, 18.106373454771187], [83.66768307371495, 18.07952179029843], [83.56863683642092, 18.009861126589783], [83.55881840524529, 17.996669356405732], [83.55806197827775, 17.98219704875487], [83.54182062592122, 17.961260496075056], [83.5246055299213, 17.947537669028236], [83.51044791124218, 17.95494440266208], [83.48232473669731, 17.948677261146713], [83.47542626301168, 17.953310613294207], [83.47309829235235, 17.96459763557249], [83.46674121953174, 17.96606447209774], [83.45132517321821, 17.96024503018407], [83.45053246310277, 17.945091910563292], [83.43705742176269, 17.947042057145268], [83.44594105443616, 17.93815244128217], [83.4446804414493, 17.927955530423446], [83.45055849218073, 17.9232662845115], [83.42169029407188, 17.941218109628096], [83.40632357557263, 17.96375296622648], [83.40701243377686, 17.96896701151843], [83.4137105025377, 17.971406094315853], [83.4144723479206, 17.9869647641126], [83.42025940794537, 17.9873845388654], [83.42411276369313, 17.994016317698936], [83.4209414007251, 18.013912248651422], [83.39263883211646, 18.017471839054167], [83.40365980795383, 18.044058674768053], [83.40294909262656, 18.057010563386825], [83.40863655633206, 18.07717546267753], [83.41719726404256, 18.075994541315083], [83.41871529537462, 18.08135279829304], [83.42832171317656, 18.082056389191052], [83.43670771768706, 18.09615610951687], [83.44195291279675, 18.09610489492502], [83.4540277025165, 18.122894417143698], [83.45169813286259, 18.133140299685124], [83.45591876633807, 18.13552236996145], [83.43880427929412, 18.143233080742107], [83.430722365245, 18.154212250694854], [83.43188752958588, 18.159622628781335], [83.41377687430338, 18.16079668022269], [83.3960401895032, 18.168467394554682], [83.38521285299083, 18.16689746424663], [83.3845385754949, 18.172440180270144], [83.39325445223125, 18.176843627931135], [83.39246434115648, 18.187156241967045], [83.38247371319136, 18.191312965121313], [83.38967408389192, 18.2065349773074], [83.39994795333541, 18.211997496287495], [83.39958909955737, 18.221310675747134], [83.38778422516191, 18.237242137015073], [83.39570687287392, 18.250100556395637], [83.40792524115699, 18.247991296361306]]]}}, {"type": "Feature", "properties": {"ac_name": "Srungavarapukota", "district_key": "Vizianagaram", "display": "Srungavarapukota"}, "geometry": {"type": "Polygon", "coordinates": [[[83.1978255123376, 18.197686364234357], [83.20307545496831, 18.193967123484015], [83.2074751335706, 18.190930840485976], [83.20630575140933, 18.17845330197838], [83.19650230923423, 18.170239499653235], [83.22019795856897, 18.172537929381974], [83.21915706614573, 18.162183301718073], [83.23223400189772, 18.155710996065693], [83.22730871452563, 18.12615570961833], [83.23750612630676, 18.123651450254272], [83.23701555152655, 18.09869233078649], [83.22774618074169, 18.077664458248194], [83.20193819748988, 18.07710829231388], [83.17438195016695, 18.066452048223482], [83.1551674436227, 18.07484682022465], [83.1376354247351, 18.073075375228427], [83.12768891481164, 18.069246883037295], [83.12305245280851, 18.060288928591206], [83.10486777972432, 18.060734562450136], [83.08879930224606, 18.046173345123805], [83.08798613525198, 18.038029630563074], [83.1046944219101, 18.029668663178313], [83.1165258056215, 18.054425132114204], [83.1225226235203, 18.05392013220836], [83.13938803433035, 18.039796393688675], [83.14152098070878, 18.045576261835038], [83.15999994074474, 18.047561964013482], [83.18410132011991, 18.063663332396914], [83.19639902749316, 18.05234677548333], [83.21731749570591, 18.042819148185174], [83.2210605487054, 18.03161025361038], [83.2845689844711, 18.042540503141765], [83.31570255772692, 18.05358841367439], [83.32613270595965, 18.057923422927672], [83.33403463239245, 18.04615822032565], [83.32033630287816, 18.035318912038235], [83.31748455806598, 18.026121194737414], [83.30476586005648, 18.030770337181366], [83.32085653100415, 18.00214103408149], [83.30857569401314, 17.98431398090554], [83.24256156446467, 17.95075070388191], [83.2241559909063, 17.946304164305786], [83.23361318060387, 17.93632529047983], [83.23601133615432, 17.924822245650148], [83.24658786793583, 17.928745926583304], [83.26073192483852, 17.91584714472998], [83.23891405364071, 17.904468422180003], [83.23077849862887, 17.875959564382413], [83.22301305330984, 17.87364061931919], [83.21701691349983, 17.875945661762955], [83.21642549324196, 17.881991612323077], [83.21117728090684, 17.882112764492547], [83.20558346360599, 17.86311705310959], [83.21387645213662, 17.861955048986374], [83.20523577491116, 17.847770456941078], [83.18625152898494, 17.85329420896062], [83.18565178100494, 17.846023569731983], [83.16405009063925, 17.84932626699367], [83.16113920011406, 17.840732621613256], [83.14540470656203, 17.84539840331371], [83.14853370786437, 17.85808091889936], [83.14436439689945, 17.871914429107676], [83.13602988217337, 17.877089866504207], [83.1291272194457, 17.874187747066912], [83.1244352162123, 17.886467246766074], [83.12504709514741, 17.907895500177233], [83.11939107713658, 17.911771427109727], [83.1201376331453, 17.917520772265902], [83.10770777939058, 17.92368028651606], [83.1104775213206, 17.939742791596586], [83.06928103798958, 17.94449348278806], [83.05255326212341, 17.9636889722683], [83.03317340442914, 17.972997854767243], [83.02055257064467, 17.970625034917475], [83.0061223890371, 17.97692548012685], [83.01134615600034, 18.004300457400234], [83.00616494765427, 18.0236671679055], [83.0151829282496, 18.033914521737813], [83.0073270713873, 18.035587334487957], [83.01394904940918, 18.04246219917121], [83.01380732614723, 18.051002480580053], [83.02488159580906, 18.06040258581072], [83.0499018700753, 18.064016781249506], [83.04623391766125, 18.07203364373771], [83.06805404345937, 18.073297983515204], [83.07382251269888, 18.085495730343723], [83.09892501108044, 18.09022411654979], [83.10767363123313, 18.096037997055987], [83.12360957562146, 18.096631283407078], [83.13069246788314, 18.104814753398216], [83.12571424012015, 18.109035289746885], [83.10455156820035, 18.110108599132616], [83.12659622593515, 18.118492445270192], [83.10200133729194, 18.13496971857768], [83.10369119759076, 18.14314936734945], [83.11215209584259, 18.141262615777123], [83.11689954677672, 18.156993923031166], [83.10540966622318, 18.15887507092782], [83.09751822048952, 18.151945907877405], [83.086021380982, 18.152943192174632], [83.07227695671622, 18.17547515925122], [83.0779264465483, 18.18988981136573], [83.12309147798936, 18.192546325952208], [83.12405512404479, 18.183025817687394], [83.13878502271069, 18.169085134371528], [83.15123713648472, 18.170329286167657], [83.16042639206438, 18.182441635173348], [83.16172691966165, 18.194487640292436], [83.1548029690818, 18.208672856467217], [83.16601926507707, 18.211062440579212], [83.17302550452348, 18.229276723841792], [83.1895040620629, 18.19771244007711], [83.1978255123376, 18.197686364234357]]]}}, {"type": "Feature", "properties": {"ac_name": "Vizianagaram", "district_key": "Vizianagaram", "display": "Vizianagaram"}, "geometry": {"type": "Polygon", "coordinates": [[[83.38521285299083, 18.16689746424663], [83.3960401895032, 18.168467394554682], [83.41377687430338, 18.16079668022269], [83.43188752958588, 18.159622628781335], [83.430722365245, 18.154212250694854], [83.43880427929412, 18.143233080742107], [83.45591876633807, 18.13552236996145], [83.45169813286259, 18.133140299685124], [83.4540277025165, 18.122894417143698], [83.44195291279675, 18.09610489492502], [83.43670771768706, 18.09615610951687], [83.42832171317656, 18.082056389191052], [83.41871529537462, 18.08135279829304], [83.41719726404256, 18.075994541315083], [83.40863655633206, 18.07717546267753], [83.40294909262656, 18.057010563386825], [83.39296786077819, 18.050455049760785], [83.37556091960084, 18.051804439323462], [83.3640705219371, 18.05714178346659], [83.36564806770423, 18.064818966622056], [83.3582573923648, 18.064867780923407], [83.35189797411226, 18.056427820687418], [83.35305478554994, 18.049003951371333], [83.34450301260398, 18.051200768500735], [83.34080675133055, 18.045920314570935], [83.33403463239245, 18.04615822032565], [83.32613270595965, 18.057923422927672], [83.31570255772692, 18.05358841367439], [83.3124724951096, 18.07563965084927], [83.3156710292946, 18.089604168897324], [83.3126985675849, 18.08998473770555], [83.31998219662114, 18.108212435255723], [83.34442222110869, 18.105514175039218], [83.35330911562323, 18.113666132785852], [83.36092242982636, 18.110718691114755], [83.35996749910083, 18.1196312073144], [83.36563813739019, 18.127643805217474], [83.33600719637508, 18.1414362478846], [83.34441294819908, 18.176843108122966], [83.3593029657593, 18.176554205412288], [83.35970110102505, 18.151877160102913], [83.38203922013395, 18.151802430937494], [83.38521285299083, 18.16689746424663]]]}}, {"type": "Feature", "properties": {"ac_name": "Paderu_ST", "district_key": "Alluri_Seetha_Rama_Raju", "display": "Paderu (ST)"}, "geometry": {"type": "Polygon", "coordinates": [[[82.65971407154723, 18.10385436288857], [82.6625495970863, 18.097388288638683], [82.66922242367599, 18.09598890216614], [82.71200686782277, 18.10155676593206], [82.71723306115689, 18.082818968420725], [82.72861275047813, 18.06546059243243], [82.72297018542577, 18.05130840925574], [82.73257133409987, 18.035438448125944], [82.74373387581778, 18.036654321639674], [82.76022801950757, 18.047327487373707], [82.76848482291632, 18.036147028462665], [82.80306368454148, 18.011600604284524], [82.82286989193204, 18.010592027200346], [82.85590647110683, 18.019859256699363], [82.88258277587448, 18.01088475382835], [82.8715002225573, 17.99062785569106], [82.82431414648073, 17.980686027638114], [82.82514663091234, 17.967276651196528], [82.84350265362463, 17.97010316912599], [82.84620493650868, 17.95875553074319], [82.85779367953472, 17.952728127800924], [82.84160386642537, 17.93537364407848], [82.83213257715676, 17.917103820484954], [82.79787133719253, 17.910673563534203], [82.78886510623971, 17.923745163608487], [82.77400361517476, 17.920941891355255], [82.76594700714872, 17.94265035552951], [82.76032929935775, 17.9449934419938], [82.75505008109644, 17.92127619903738], [82.74744165291003, 17.922713642120925], [82.74028044678522, 17.938717148977275], [82.72364454116268, 17.93943439518125], [82.71818754671796, 17.93072646395518], [82.72792416386915, 17.918829594310353], [82.71403580490852, 17.912353378405726], [82.70924845375322, 17.89983935530205], [82.68516286017791, 17.90372530607806], [82.67523928746323, 17.898425264914067], [82.672579271816, 17.89474565278971], [82.67620613870241, 17.88772699820248], [82.6928269195268, 17.879446271028655], [82.71589832694627, 17.85730891387533], [82.69896660732314, 17.839428783611538], [82.68361586887733, 17.834388065556823], [82.6368562755967, 17.8224561781102], [82.63161523715354, 17.81552796024721], [82.62733335265216, 17.807773254632025], [82.63755061696747, 17.807964168111937], [82.64805620123275, 17.795250615123848], [82.64472566096055, 17.766764199008605], [82.63991257660416, 17.760239328881994], [82.63262409932281, 17.76017462445941], [82.62733257293996, 17.77471483362274], [82.62354198807236, 17.775429505966997], [82.61102250248655, 17.769927756760637], [82.60752936388911, 17.756265316491238], [82.59134685597269, 17.763001815981056], [82.58001409597381, 17.76191315336939], [82.57834462330578, 17.749140829685587], [82.5506111987479, 17.70159023050479], [82.5335828766485, 17.690478442925837], [82.51256863423515, 17.68773746311348], [82.51070456896076, 17.696729026123705], [82.5167853511631, 17.717056752167423], [82.49888954751464, 17.71762916345517], [82.4746610040022, 17.731053062149158], [82.46540446294568, 17.713174474222683], [82.44329625192057, 17.712288811979136], [82.43535488751809, 17.688634020643576], [82.42760647985523, 17.68239804243575], [82.39129259667607, 17.679740637520467], [82.36352402121668, 17.670472023065486], [82.36007548359675, 17.660039453857735], [82.3655938558718, 17.63786664363073], [82.37279059870724, 17.630953942670374], [82.38901796121002, 17.631987053259934], [82.41520402664457, 17.665267759699418], [82.42543722244989, 17.655864709189018], [82.41666896110371, 17.64616000358137], [82.41754591611118, 17.637043886266383], [82.44411942297307, 17.642272879190045], [82.45951990382054, 17.63101113865315], [82.47407760749564, 17.63275104712318], [82.47566879328025, 17.624149979637878], [82.47298547529948, 17.61515753529204], [82.46080006896807, 17.610433514395197], [82.45084849136487, 17.593372882352696], [82.38577406791893, 17.573639216077027], [82.37026806691779, 17.571089512171284], [82.35808677678335, 17.57629979739778], [82.34207748458829, 17.575220528204852], [82.3410160228712, 17.587333862867524], [82.32185902617317, 17.58519608712976], [82.30402220456114, 17.59022536311005], [82.28884367189801, 17.605303618667108], [82.27500553557707, 17.6119027125402], [82.27636491750701, 17.624514438890287], [82.24864011834683, 17.619462173540512], [82.22811952549574, 17.638792616186322], [82.21075098806773, 17.634650944085877], [82.1908302538132, 17.622599350579605], [82.18140582012256, 17.608841851070622], [82.16289288549831, 17.610563532980734], [82.1376519220986, 17.63544237086876], [82.13725756578407, 17.64800828575386], [82.11653360294349, 17.65588379999741], [82.10603475909693, 17.650980994777115], [82.08996484180409, 17.65689266936124], [82.07618955640294, 17.644924256849038], [82.06443630219366, 17.64387188457988], [82.05677483559026, 17.63564072533927], [82.05156099534372, 17.64344180449575], [82.03350183973816, 17.632607981173464], [82.02332625720106, 17.632433563058555], [82.02438971361443, 17.623654333580703], [82.01614366160078, 17.61875760777741], [82.00496067469544, 17.628001002544295], [82.00177887599438, 17.639154742597327], [82.0103196241514, 17.64673043006536], [82.0064243447078, 17.647974025181156], [82.00599380327145, 17.6594326857699], [82.0162719696757, 17.66164748124629], [82.02214802031494, 17.66961691079183], [82.01926111021214, 17.676803244873895], [82.02861158905364, 17.69585025718368], [82.0245895924358, 17.7033246459157], [82.03286877997027, 17.708975077337982], [82.03327037133062, 17.71442436099551], [82.02874604579341, 17.715434093708495], [82.02777498033112, 17.7281619135415], [82.01127935455861, 17.73805430136497], [82.0180540122829, 17.749605756700362], [82.01612804127615, 17.753490304533955], [82.01041061845535, 17.752842626286224], [81.9982755013134, 17.764514380334447], [81.98167958224695, 17.768796095763264], [81.96087238894967, 17.7579585744287], [81.97242921233834, 17.74702968737023], [81.93531147104761, 17.73870414338154], [81.92309647162494, 17.742922543840393], [81.90786528455527, 17.740569605303108], [81.898353043758, 17.745531988810285], [81.87712674840077, 17.74171608802709], [81.8614075352296, 17.752425074657538], [81.87399494031428, 17.759410488503306], [81.87999853820202, 17.772540415008223], [81.90108096361564, 17.788632646279666], [81.92679017612579, 17.80076787403823], [81.92492125541168, 17.80784114175532], [81.9347414186816, 17.813588254794183], [81.96172121316351, 17.816824175595286], [81.97742878101349, 17.845283788316237], [81.98897238436808, 17.852639418874105], [81.99493221584913, 17.844940808471563], [82.00784810100913, 17.845371421853713], [82.00955576608578, 17.827995737513334], [82.01964136875421, 17.83961054828825], [82.01704213828413, 17.8624295564789], [82.00477082781151, 17.871214269123243], [82.00085958630092, 17.88618124796625], [82.00269024445925, 17.900896556930604], [82.02027939637708, 17.921221540042097], [82.02059635164039, 17.92795926530789], [82.02772199137684, 17.931737147251567], [82.02954863676024, 17.939377359277785], [82.02234004805484, 17.95722945407607], [82.00716491662763, 17.965559094476703], [82.00981738696288, 17.980570681491827], [82.00036979123291, 17.98711921458016], [81.99699353572316, 17.999338366172708], [81.98713127608755, 18.001989913803527], [81.97927391196151, 18.01426002727851], [81.9920009215054, 18.019997716321598], [81.994356061583, 18.027267184632933], [82.01027995055932, 18.031270089543057], [82.00617333852881, 18.052169278089764], [82.00863988662155, 18.05769622270259], [82.03292822965415, 18.069465614346655], [82.04085937865744, 18.057163989526543], [82.06575399245287, 18.056369172299526], [82.07660240098005, 18.075250730037226], [82.09606003114556, 18.067459671126983], [82.1019972878446, 18.060275257996807], [82.12059589998086, 18.06426230785928], [82.12494707364857, 18.059704338684355], [82.13345899493675, 18.05992035134318], [82.13714396522187, 18.043969505188556], [82.14674293393932, 18.052339028723225], [82.15317460822166, 18.04790541690153], [82.16880034406068, 18.051993600024673], [82.18428902681717, 18.02882256301092], [82.17859071548918, 18.020420229510023], [82.18776861622871, 18.014766451710443], [82.20528286361332, 18.018407043150546], [82.208172015726, 18.010478449121194], [82.22222438314884, 18.001712129411317], [82.23642855073706, 18.002697122674135], [82.24953863370104, 17.99338792990909], [82.2641616902099, 17.995861132085622], [82.2685969693747, 18.000984433085193], [82.27335201238554, 18.02247745656939], [82.26158250742685, 18.04188855940953], [82.26891647331666, 18.0452220512567], [82.27257824379097, 18.057251293912145], [82.2834600198641, 18.064529279702526], [82.28763556133214, 18.06274872457402], [82.29135272554788, 18.068942315935203], [82.30196911078588, 18.06919255319383], [82.30432993997482, 18.06643786951213], [82.2987135110198, 18.055308014553304], [82.31030613282184, 18.053958502682804], [82.30771076314124, 18.04514407913598], [82.32010132461647, 18.044822157816384], [82.31936055214783, 18.057688086536018], [82.32837007461933, 18.05901230137664], [82.33659734968802, 18.052099839635957], [82.34384455078543, 18.058030704853195], [82.35030041952882, 18.07769296226047], [82.40180517137162, 18.078448665273754], [82.42011582328666, 18.083616801074584], [82.43772352821833, 18.10797283337962], [82.44822383166456, 18.113729032269077], [82.48067546120365, 18.107441641618493], [82.51711393645905, 18.10922518969079], [82.57834935643768, 18.10344173235012], [82.58750652690475, 18.111216817502168], [82.62034577413823, 18.114892415052964], [82.62471951809135, 18.119253475867254], [82.62657917488906, 18.13620017100112], [82.63793721662933, 18.148536585195302], [82.64950663052662, 18.147360823243446], [82.65868162555665, 18.124020463673503], [82.65971407154723, 18.10385436288857]]]}}, {"type": "Feature", "properties": {"ac_name": "Madugula", "district_key": "Anakapalle", "display": "Madugula"}, "geometry": {"type": "Polygon", "coordinates": [[[83.07382251269888, 18.085495730343723], [83.06805404345937, 18.073297983515204], [83.04623391766125, 18.07203364373771], [83.0499018700753, 18.064016781249506], [83.02488159580906, 18.06040258581072], [83.01380732614723, 18.051002480580053], [83.01394904940918, 18.04246219917121], [83.0073270713873, 18.035587334487957], [83.0151829282496, 18.033914521737813], [83.00616494765427, 18.0236671679055], [83.01134615600034, 18.004300457400234], [83.0061223890371, 17.97692548012685], [83.02055257064467, 17.970625034917475], [83.03317340442914, 17.972997854767243], [83.05255326212341, 17.9636889722683], [83.06928103798958, 17.94449348278806], [83.1104775213206, 17.939742791596586], [83.10770777939058, 17.92368028651606], [83.1201376331453, 17.917520772265902], [83.11939107713658, 17.911771427109727], [83.12504709514741, 17.907895500177233], [83.1244352162123, 17.886467246766074], [83.1291272194457, 17.874187747066912], [83.12553228029054, 17.863401392660194], [83.1074693340426, 17.848640266834877], [83.02967786464177, 17.820740749186257], [82.98931622376477, 17.80691084705802], [82.9939683132871, 17.821997480699224], [82.97789336788469, 17.81976639850052], [82.9696315624467, 17.828831266150075], [82.97214013945592, 17.839087263366537], [82.98413709015466, 17.850856324060146], [82.98573315476136, 17.868935941940208], [82.96622015693475, 17.871420218368428], [82.95501572209793, 17.868231178326255], [82.94089816102138, 17.88664995123429], [82.93390322425444, 17.880243386023494], [82.9354206008801, 17.85618371270823], [82.9322782347528, 17.852151298343813], [82.92470336207055, 17.85590205583526], [82.91334366467845, 17.849405381253405], [82.89672974927856, 17.851472932529873], [82.86975921511572, 17.871361687791705], [82.86712003316308, 17.86422766547446], [82.8731448811314, 17.848908152389356], [82.87066053995204, 17.84460027927952], [82.81502694573703, 17.82163756662044], [82.78052593662272, 17.823367194040827], [82.77710109434008, 17.819175170697633], [82.74578877543172, 17.827303811721606], [82.68361586887733, 17.834388065556823], [82.69896660732314, 17.839428783611538], [82.71589832694627, 17.85730891387533], [82.6928269195268, 17.879446271028655], [82.67620613870241, 17.88772699820248], [82.672579271816, 17.89474565278971], [82.67523928746323, 17.898425264914067], [82.68516286017791, 17.90372530607806], [82.70924845375322, 17.89983935530205], [82.71403580490852, 17.912353378405726], [82.72792416386915, 17.918829594310353], [82.71818754671796, 17.93072646395518], [82.72364454116268, 17.93943439518125], [82.74028044678522, 17.938717148977275], [82.74744165291003, 17.922713642120925], [82.75505008109644, 17.92127619903738], [82.76032929935775, 17.9449934419938], [82.76594700714872, 17.94265035552951], [82.77400361517476, 17.920941891355255], [82.78886510623971, 17.923745163608487], [82.79787133719253, 17.910673563534203], [82.83213257715676, 17.917103820484954], [82.84160386642537, 17.93537364407848], [82.85779367953472, 17.952728127800924], [82.84620493650868, 17.95875553074319], [82.84350265362463, 17.97010316912599], [82.82514663091234, 17.967276651196528], [82.82431414648073, 17.980686027638114], [82.8715002225573, 17.99062785569106], [82.88258277587448, 18.01088475382835], [82.88998313691229, 17.991911654998944], [82.93216012229186, 17.991819345886142], [82.94229193392567, 17.974466240824427], [82.96865732867286, 17.992215235544734], [82.97306490961796, 18.01035529865817], [82.9916651414332, 18.031783159065583], [82.99506852948912, 18.046996262567518], [83.00949210827423, 18.064633590268045], [83.00305663795353, 18.074875112896166], [83.00264433656696, 18.096410310087776], [82.98432922671248, 18.107582063561438], [82.98909573068346, 18.117990266537618], [83.01123699449175, 18.12376438351953], [83.0199254580935, 18.11362987931551], [83.03351522414835, 18.117467943890574], [83.03706959308732, 18.11062498625415], [83.02601604110748, 18.09830748839994], [83.02762389312824, 18.092953202828085], [83.03841238522347, 18.086476973433605], [83.06054943211063, 18.089967745914805], [83.07382251269888, 18.085495730343723]]]}}, {"type": "Feature", "properties": {"ac_name": "Bhimili", "district_key": "Visakhapatnam", "display": "Bhimili"}, "geometry": {"type": "Polygon", "coordinates": [[[83.40294909262656, 18.057010563386825], [83.40365980795383, 18.044058674768053], [83.39263883211646, 18.017471839054167], [83.4209414007251, 18.013912248651422], [83.42411276369313, 17.994016317698936], [83.42025940794537, 17.9873845388654], [83.4144723479206, 17.9869647641126], [83.4137105025377, 17.971406094315853], [83.40701243377686, 17.96896701151843], [83.40632357557263, 17.96375296622648], [83.42169029407188, 17.941218109628096], [83.45055849218073, 17.9232662845115], [83.4446804414493, 17.927955530423446], [83.44594105443616, 17.93815244128217], [83.43705742176269, 17.947042057145268], [83.45053246310277, 17.945091910563292], [83.45132517321821, 17.96024503018407], [83.46674121953174, 17.96606447209774], [83.47309829235235, 17.96459763557249], [83.47542626301168, 17.953310613294207], [83.48232473669731, 17.948677261146713], [83.51044791124218, 17.95494440266208], [83.5246055299213, 17.947537669028236], [83.4715079717156, 17.912573326497863], [83.45516730362823, 17.896368651192347], [83.45677672856323, 17.889413368232397], [83.4447212760661, 17.87303517503335], [83.42025566856432, 17.85709287153884], [83.41177826505492, 17.841594699136124], [83.41733047252336, 17.834372429044436], [83.41136976600194, 17.80987465279304], [83.3911833648205, 17.79305911208843], [83.3857151756149, 17.777238415820307], [83.35438307521878, 17.755658543007428], [83.3446421817913, 17.7390876556708], [83.34748648471356, 17.72761229736966], [83.34438924386859, 17.723535284725642], [83.32478007973697, 17.713451665961657], [83.31318857489288, 17.72651392837514], [83.28908887994788, 17.731948963174148], [83.28000087633944, 17.73204091165877], [83.25329990676533, 17.730414507523562], [83.23816955977742, 17.746308103736055], [83.21609697539515, 17.730730164165777], [83.20978596135308, 17.7262749137563], [83.19852858792405, 17.72719727823187], [83.19749338820935, 17.72903678751777], [83.19124097219316, 17.764982021503158], [83.19782597458914, 17.767044928680548], [83.2072290574751, 17.761025573771235], [83.22069091835124, 17.765668295055832], [83.22509548297023, 17.773703246507694], [83.22004674566085, 17.782198226367086], [83.22324533290583, 17.79192013510618], [83.23753757380007, 17.804840857719455], [83.26397000221391, 17.817090963976852], [83.25824708813269, 17.83142235505767], [83.23700727416644, 17.829411321675195], [83.2404570672399, 17.833165382376535], [83.23925433821717, 17.851939001683604], [83.23123465455575, 17.85753167864408], [83.23625237065045, 17.873601072531528], [83.23077849862887, 17.875959564382413], [83.23891405364071, 17.904468422180003], [83.26073192483852, 17.91584714472998], [83.24658786793583, 17.928745926583304], [83.23601133615432, 17.924822245650148], [83.23361318060387, 17.93632529047983], [83.2241559909063, 17.946304164305786], [83.24256156446467, 17.95075070388191], [83.30857569401314, 17.98431398090554], [83.32085653100415, 18.00214103408149], [83.30476586005648, 18.030770337181366], [83.31748455806598, 18.026121194737414], [83.32033630287816, 18.035318912038235], [83.33403463239245, 18.04615822032565], [83.34080675133055, 18.045920314570935], [83.34450301260398, 18.051200768500735], [83.35305478554994, 18.049003951371333], [83.35189797411226, 18.056427820687418], [83.3582573923648, 18.064867780923407], [83.36564806770423, 18.064818966622056], [83.3640705219371, 18.05714178346659], [83.37556091960084, 18.051804439323462], [83.39296786077819, 18.050455049760785], [83.40294909262656, 18.057010563386825]]]}}, {"type": "Feature", "properties": {"ac_name": "Rampachodavaram_ST", "district_key": "Polavaram", "display": "Rampachodavaram(ST)"}, "geometry": {"type": "Polygon", "coordinates": [[[81.97927391196151, 18.01426002727851], [81.98713127608755, 18.001989913803527], [81.99699353572316, 17.999338366172708], [82.00036979123291, 17.98711921458016], [82.00981738696288, 17.980570681491827], [82.00716491662763, 17.965559094476703], [82.02234004805484, 17.95722945407607], [82.02954863676024, 17.939377359277785], [82.02772199137684, 17.931737147251567], [82.02059635164039, 17.92795926530789], [82.02027939637708, 17.921221540042097], [82.00269024445925, 17.900896556930604], [82.00085958630092, 17.88618124796625], [82.00477082781151, 17.871214269123243], [82.01704213828413, 17.8624295564789], [82.01964136875421, 17.83961054828825], [82.00955576608578, 17.827995737513334], [82.00784810100913, 17.845371421853713], [81.99493221584913, 17.844940808471563], [81.98897238436808, 17.852639418874105], [81.97742878101349, 17.845283788316237], [81.96172121316351, 17.816824175595286], [81.9347414186816, 17.813588254794183], [81.92492125541168, 17.80784114175532], [81.92679017612579, 17.80076787403823], [81.90108096361564, 17.788632646279666], [81.87999853820202, 17.772540415008223], [81.87399494031428, 17.759410488503306], [81.8614075352296, 17.752425074657538], [81.87712674840077, 17.74171608802709], [81.898353043758, 17.745531988810285], [81.90786528455527, 17.740569605303108], [81.92309647162494, 17.742922543840393], [81.93531147104761, 17.73870414338154], [81.97242921233834, 17.74702968737023], [81.96087238894967, 17.7579585744287], [81.98167958224695, 17.768796095763264], [81.9982755013134, 17.764514380334447], [82.01041061845535, 17.752842626286224], [82.01612804127615, 17.753490304533955], [82.0180540122829, 17.749605756700362], [82.01127935455861, 17.73805430136497], [82.02777498033112, 17.7281619135415], [82.02874604579341, 17.715434093708495], [82.03327037133062, 17.71442436099551], [82.03286877997027, 17.708975077337982], [82.0245895924358, 17.7033246459157], [82.02861158905364, 17.69585025718368], [82.01926111021214, 17.676803244873895], [82.02214802031494, 17.66961691079183], [82.0162719696757, 17.66164748124629], [82.00599380327145, 17.6594326857699], [82.0064243447078, 17.647974025181156], [82.0103196241514, 17.64673043006536], [82.00177887599438, 17.639154742597327], [82.00496067469544, 17.628001002544295], [82.01614366160078, 17.61875760777741], [82.02438971361443, 17.623654333580703], [82.02332625720106, 17.632433563058555], [82.03350183973816, 17.632607981173464], [82.05156099534372, 17.64344180449575], [82.05677483559026, 17.63564072533927], [82.06443630219366, 17.64387188457988], [82.07618955640294, 17.644924256849038], [82.08996484180409, 17.65689266936124], [82.10603475909693, 17.650980994777115], [82.11653360294349, 17.65588379999741], [82.13725756578407, 17.64800828575386], [82.1376519220986, 17.63544237086876], [82.16289288549831, 17.610563532980734], [82.18140582012256, 17.608841851070622], [82.1908302538132, 17.622599350579605], [82.21075098806773, 17.634650944085877], [82.22811952549574, 17.638792616186322], [82.24864011834683, 17.619462173540512], [82.27636491750701, 17.624514438890287], [82.27500553557707, 17.6119027125402], [82.28884367189801, 17.605303618667108], [82.30402220456114, 17.59022536311005], [82.32185902617317, 17.58519608712976], [82.3410160228712, 17.587333862867524], [82.34207748458829, 17.575220528204852], [82.32897164192781, 17.55723624385763], [82.33755128036734, 17.52404516655122], [82.33262660093692, 17.518376476193453], [82.3318869310371, 17.50479677265298], [82.2838187621262, 17.475888152716152], [82.27973041082987, 17.463834492567855], [82.27072122290616, 17.439113425444305], [82.22972010829642, 17.409368373951338], [82.20379917918882, 17.379720495104834], [82.17920731856293, 17.36431727582169], [82.1680271564282, 17.361492462107492], [82.14367614054152, 17.366134445048658], [82.1222943883754, 17.37992608821844], [82.10806810286073, 17.396599555824878], [82.09757530785424, 17.380092063497955], [82.09172287610988, 17.38085909886837], [82.0882031427609, 17.39128319826102], [82.0836430376961, 17.383811801573415], [82.07898041621331, 17.383553432644874], [82.07334112199521, 17.390962833667913], [82.06663194750644, 17.37903116115922], [82.05409472639059, 17.380189764046406], [82.0449942680711, 17.366532508368607], [82.05103597113322, 17.353652225569817], [82.04409984193421, 17.339238461985474], [82.04359715958128, 17.313996161293858], [82.0590445913349, 17.296975200145425], [82.0869206078998, 17.28429309554997], [82.07801965338433, 17.268378269941252], [82.05892466674004, 17.276136354309358], [82.03470328812631, 17.272040998193575], [82.02174396481217, 17.290986212643645], [81.9976793425277, 17.295403072793647], [81.97419112811815, 17.291860526342248], [81.96971218866662, 17.28409637784563], [81.9586038427932, 17.28103064744647], [81.94518978897764, 17.267628152617192], [81.91545488453534, 17.262287889274717], [81.91327133600339, 17.26926465973628], [81.9217289724142, 17.293506340545207], [81.89839744508606, 17.29535919397165], [81.88938067767617, 17.301769298014733], [81.88452212989245, 17.300352421527066], [81.8774628250494, 17.293344143317597], [81.87815171652858, 17.274219900827802], [81.8642611686181, 17.269653903404958], [81.85111823611777, 17.278079161524147], [81.83213420512953, 17.30005201109151], [81.82405128294039, 17.290949546384525], [81.82610203488105, 17.270640787042737], [81.8211950406187, 17.25401300049964], [81.81003701889335, 17.24976571021938], [81.80096111836099, 17.236439906876228], [81.77003379562325, 17.2375076197809], [81.76259153067468, 17.236220065803423], [81.75136612724503, 17.224417599792446], [81.72328054526099, 17.22480867807809], [81.71049835421576, 17.21608694585592], [81.69995047663326, 17.225800268767443], [81.6914020815409, 17.22413274942687], [81.68304648041078, 17.255685705331075], [81.66423192396417, 17.260534799441473], [81.6572677790848, 17.26831017687323], [81.66308803668358, 17.28288309617801], [81.68025390469398, 17.291181492332043], [81.67943694975548, 17.30172122835205], [81.64252543380178, 17.324283534957203], [81.62772957436044, 17.325040742536316], [81.61488699204108, 17.331365063846647], [81.61103830737204, 17.343583918662944], [81.61474651703821, 17.35227792388713], [81.6046688706719, 17.376162198826478], [81.6098550243899, 17.397421836548574], [81.61629359287508, 17.40093278262185], [81.61451868458965, 17.406807068791238], [81.60317759417069, 17.411680701802993], [81.58624358667225, 17.40595737223498], [81.57594279152664, 17.433111267371146], [81.56358658775088, 17.440334542904907], [81.5408888513395, 17.43691172859343], [81.53089976211442, 17.44066724979382], [81.51721685147658, 17.456924324997658], [81.5126314916501, 17.472888400179556], [81.49834408730982, 17.48149327269641], [81.51574451110037, 17.4844842964132], [81.52464714465009, 17.504837441794564], [81.52360341756372, 17.508883829824924], [81.51659308620202, 17.509044011671847], [81.51049188399332, 17.519394443099145], [81.51508899616033, 17.533618805863227], [81.51227154519569, 17.544979957459134], [81.52168636423437, 17.562883971917813], [81.52661761141371, 17.560491395761346], [81.53182883013648, 17.567495816778546], [81.52963702582815, 17.571788601063133], [81.53415837820666, 17.574108647795924], [81.53667908796962, 17.584566392624993], [81.51646370523588, 17.600346681454255], [81.52349813213317, 17.605874163861643], [81.52422504514976, 17.621517783618856], [81.54154595358295, 17.637603941768532], [81.54429159817875, 17.636054265991618], [81.56778363021044, 17.68166981730826], [81.57295500267128, 17.682267781932637], [81.58156068817527, 17.69324588618872], [81.58348036212908, 17.732415162729637], [81.61577278558565, 17.75102583567383], [81.63398908063164, 17.773681576443664], [81.67595791162836, 17.776182971466994], [81.69902434309904, 17.782356710293982], [81.70632951899216, 17.791013358579676], [81.71197879388626, 17.810264724737294], [81.731350037874, 17.824704566862295], [81.74671980417565, 17.831843121762688], [81.76414131077291, 17.827090568075334], [81.77422147074435, 17.84002328224875], [81.7895024559736, 17.83992693607928], [81.8113643292005, 17.859526082662626], [81.80690127357497, 17.86917689279943], [81.77456984831991, 17.886431929490016], [81.77265987085639, 17.897527017557877], [81.76328218572434, 17.90256814840137], [81.77135442756486, 17.912496046855154], [81.79011117828833, 17.92084141909629], [81.79704820321206, 17.937310872798605], [81.80987586128202, 17.951019444691667], [81.86646656527984, 17.963324582263738], [81.89335215038147, 17.976261940536176], [81.90369340602592, 17.976687281193108], [81.91988133415629, 17.991238250744743], [81.93655412547258, 17.990312817782353], [81.96294402944346, 17.99927621492543], [81.97927391196151, 18.01426002727851]]]}}, {"type": "Feature", "properties": {"ac_name": "Chodavaram", "district_key": "Anakapalle", "display": "Chodavaram"}, "geometry": {"type": "Polygon", "coordinates": [[[82.68361586887733, 17.834388065556823], [82.74578877543172, 17.827303811721606], [82.77710109434008, 17.819175170697633], [82.78052593662272, 17.823367194040827], [82.81502694573703, 17.82163756662044], [82.87066053995204, 17.84460027927952], [82.8731448811314, 17.848908152389356], [82.86712003316308, 17.86422766547446], [82.86975921511572, 17.871361687791705], [82.89672974927856, 17.851472932529873], [82.91334366467845, 17.849405381253405], [82.92470336207055, 17.85590205583526], [82.9322782347528, 17.852151298343813], [82.9354206008801, 17.85618371270823], [82.93390322425444, 17.880243386023494], [82.94089816102138, 17.88664995123429], [82.95501572209793, 17.868231178326255], [82.96622015693475, 17.871420218368428], [82.98573315476136, 17.868935941940208], [82.98413709015466, 17.850856324060146], [82.97214013945592, 17.839087263366537], [82.9696315624467, 17.828831266150075], [82.97789336788469, 17.81976639850052], [82.9939683132871, 17.821997480699224], [82.98931622376477, 17.80691084705802], [83.02967786464177, 17.820740749186257], [83.0321192218247, 17.80507427585718], [83.01747824902202, 17.772774745058484], [83.00887788120929, 17.773553145161543], [82.97615850730932, 17.756847695864508], [82.95759552541324, 17.756882610244304], [82.94263162315093, 17.76399464323822], [82.92651942603072, 17.75224657541918], [82.91170613323152, 17.756163968292526], [82.9084798504648, 17.7314107809828], [82.91809250416577, 17.703931641532108], [82.90221111984738, 17.691365494621948], [82.88829386297147, 17.66752489975437], [82.88011808128448, 17.66820378717506], [82.87096942559856, 17.67971407514449], [82.85639198630116, 17.685345019157353], [82.84375801701896, 17.673958628088258], [82.81092165750857, 17.672669639692174], [82.7873058814613, 17.67963590877025], [82.75912137135424, 17.695372498641973], [82.7235029689869, 17.698478658063664], [82.70753332880014, 17.689857381013383], [82.70572693255195, 17.682504661560927], [82.71140281568745, 17.675191608505997], [82.70691217875412, 17.661815681448616], [82.6889043222767, 17.65594493501078], [82.67178685038289, 17.642941837196076], [82.66440685449282, 17.664242996617077], [82.67262642596882, 17.687050827133987], [82.65108052144899, 17.68354202324582], [82.64130084026164, 17.68623454129107], [82.622619978829, 17.705180506675106], [82.61176162200132, 17.706530255966584], [82.602925113803, 17.720581349949384], [82.6071068201237, 17.730100598264073], [82.59051464493496, 17.73125936572717], [82.58541509053407, 17.744279229602796], [82.57834462330578, 17.749140829685587], [82.58001409597381, 17.76191315336939], [82.59134685597269, 17.763001815981056], [82.60752936388911, 17.756265316491238], [82.61102250248655, 17.769927756760637], [82.62354198807236, 17.775429505966997], [82.62733257293996, 17.77471483362274], [82.63262409932281, 17.76017462445941], [82.63991257660416, 17.760239328881994], [82.64472566096055, 17.766764199008605], [82.64805620123275, 17.795250615123848], [82.63755061696747, 17.807964168111937], [82.62733335265216, 17.807773254632025], [82.63161523715354, 17.81552796024721], [82.6368562755967, 17.8224561781102], [82.68361586887733, 17.834388065556823]]]}}, {"type": "Feature", "properties": {"ac_name": "Pendurthi", "district_key": "Visakhapatnam", "display": "Pendurthi"}, "geometry": {"type": "Polygon", "coordinates": [[[83.23077849862887, 17.875959564382413], [83.23625237065045, 17.873601072531528], [83.23123465455575, 17.85753167864408], [83.23925433821717, 17.851939001683604], [83.2404570672399, 17.833165382376535], [83.23700727416644, 17.829411321675195], [83.25824708813269, 17.83142235505767], [83.26397000221391, 17.817090963976852], [83.23753757380007, 17.804840857719455], [83.22324533290583, 17.79192013510618], [83.22004674566085, 17.782198226367086], [83.22509548297023, 17.773703246507694], [83.22069091835124, 17.765668295055832], [83.2072290574751, 17.761025573771235], [83.19782597458914, 17.767044928680548], [83.19124097219316, 17.764982021503158], [83.19749338820935, 17.72903678751777], [83.19483181763434, 17.72749989020781], [83.1824710803761, 17.723892953197264], [83.16313038905628, 17.727458482722852], [83.1491909009394, 17.707857130102525], [83.1283910065398, 17.715345654378496], [83.1054809276028, 17.69481180552043], [83.1092387240879, 17.684869609644807], [83.12123890964801, 17.682845790600823], [83.1382387169433, 17.67031681357014], [83.13867905289601, 17.643509129542736], [83.14911006267931, 17.64055642593837], [83.18284339340795, 17.647229757947002], [83.18819975551435, 17.656089981267655], [83.18126324410349, 17.667814614552867], [83.19807310648872, 17.681548421422576], [83.22898746549919, 17.669789174131154], [83.26752370565453, 17.675369321736866], [83.27601692644004, 17.669116134102353], [83.28195841085204, 17.660617659477452], [83.25972945325174, 17.649855562484277], [83.25925692786501, 17.64349581058326], [83.23956068327897, 17.631583833227353], [83.23257442496981, 17.62023098866922], [83.23804661705776, 17.612312568670177], [83.21744321912934, 17.598641721538286], [83.21292661337259, 17.591004988989084], [83.1751658649128, 17.574386329665458], [83.16187074643784, 17.560089160486427], [83.102259509269, 17.54174078830681], [83.08878201637702, 17.532173893010793], [83.06608843303479, 17.52500715245816], [83.0600781378958, 17.537859000492517], [83.06014566978689, 17.554066014035357], [83.07710274219784, 17.591085127576605], [83.07446635084148, 17.59339756424623], [83.05568581754648, 17.58625579966548], [83.04542173092818, 17.59105735831048], [83.05383175093459, 17.616043812671876], [83.0450743524994, 17.627921837922543], [83.05090803068111, 17.65978801870216], [83.05562904874165, 17.680090802048937], [83.07426676789709, 17.699168747439785], [83.0756729424524, 17.720011807498963], [83.08860850028213, 17.728035605558773], [83.07799218339261, 17.747690154876807], [83.06377769608389, 17.739184260845036], [83.05438307941563, 17.745983131916034], [83.04741595867961, 17.73614788881406], [83.0429407055492, 17.736605670715164], [83.0466246434126, 17.770010805554307], [83.04049694537781, 17.772091594851247], [83.03234001887682, 17.767379218376277], [83.01747824902202, 17.772774745058484], [83.0321192218247, 17.80507427585718], [83.02967786464177, 17.820740749186257], [83.1074693340426, 17.848640266834877], [83.12553228029054, 17.863401392660194], [83.1291272194457, 17.874187747066912], [83.13602988217337, 17.877089866504207], [83.14436439689945, 17.871914429107676], [83.14853370786437, 17.85808091889936], [83.14540470656203, 17.84539840331371], [83.16113920011406, 17.840732621613256], [83.16405009063925, 17.84932626699367], [83.18565178100494, 17.846023569731983], [83.18625152898494, 17.85329420896062], [83.20523577491116, 17.847770456941078], [83.21387645213662, 17.861955048986374], [83.20558346360599, 17.86311705310959], [83.21117728090684, 17.882112764492547], [83.21642549324196, 17.881991612323077], [83.21701691349983, 17.875945661762955], [83.22301305330984, 17.87364061931919], [83.23077849862887, 17.875959564382413]]]}}, {"type": "Feature", "properties": {"ac_name": "Anakapalli", "district_key": "Anakapalle", "display": "Anakapalle"}, "geometry": {"type": "Polygon", "coordinates": [[[82.81092165750857, 17.672669639692174], [82.84375801701896, 17.673958628088258], [82.85639198630116, 17.685345019157353], [82.87096942559856, 17.67971407514449], [82.88011808128448, 17.66820378717506], [82.88829386297147, 17.66752489975437], [82.90221111984738, 17.691365494621948], [82.91809250416577, 17.703931641532108], [82.9084798504648, 17.7314107809828], [82.91170613323152, 17.756163968292526], [82.92651942603072, 17.75224657541918], [82.94263162315093, 17.76399464323822], [82.95759552541324, 17.756882610244304], [82.97615850730932, 17.756847695864508], [83.00887788120929, 17.773553145161543], [83.01747824902202, 17.772774745058484], [83.03234001887682, 17.767379218376277], [83.04049694537781, 17.772091594851247], [83.0466246434126, 17.770010805554307], [83.0429407055492, 17.736605670715164], [83.04741595867961, 17.73614788881406], [83.05438307941563, 17.745983131916034], [83.06377769608389, 17.739184260845036], [83.07799218339261, 17.747690154876807], [83.08860850028213, 17.728035605558773], [83.0756729424524, 17.720011807498963], [83.07426676789709, 17.699168747439785], [83.05562904874165, 17.680090802048937], [83.05090803068111, 17.65978801870216], [83.01897293395382, 17.65892269102943], [82.97903626231368, 17.666576856037125], [82.96915954697556, 17.64637494244971], [82.94459843327115, 17.641032074670534], [82.93507931985476, 17.624213183991287], [82.90975293255184, 17.60992226959712], [82.90031191446332, 17.58557429881489], [82.86795389715468, 17.587678430015558], [82.84784949795602, 17.60161746847143], [82.80372675288737, 17.5932868253268], [82.79300706972055, 17.601989790496475], [82.78954204393023, 17.612285940643687], [82.8034334210156, 17.632861344475543], [82.80290368795488, 17.660436990175015], [82.81092165750857, 17.672669639692174]]]}}, {"type": "Feature", "properties": {"ac_name": "Visakhapatnam_North", "district_key": "Visakhapatnam", "display": "Visakhapatnam North"}, "geometry": {"type": "Polygon", "coordinates": [[[83.28000087633944, 17.73204091165877], [83.28908887994788, 17.731948963174148], [83.2966512511544, 17.721570471999712], [83.29135336926265, 17.713097336672774], [83.27015657076919, 17.712213495556398], [83.2706706709148, 17.697275821122275], [83.26237862037709, 17.709414236078203], [83.2171149746764, 17.723035568336854], [83.21609697539515, 17.730730164165777], [83.23816955977742, 17.746308103736055], [83.25329990676533, 17.730414507523562], [83.28000087633944, 17.73204091165877]]]}}, {"type": "Feature", "properties": {"ac_name": "Narsipatnam", "district_key": "Anakapalle", "display": "Narsipatnam"}, "geometry": {"type": "Polygon", "coordinates": [[[82.59051464493496, 17.73125936572717], [82.6071068201237, 17.730100598264073], [82.602925113803, 17.720581349949384], [82.61176162200132, 17.706530255966584], [82.622619978829, 17.705180506675106], [82.64130084026164, 17.68623454129107], [82.65108052144899, 17.68354202324582], [82.67262642596882, 17.687050827133987], [82.66440685449282, 17.664242996617077], [82.67178685038289, 17.642941837196076], [82.6889043222767, 17.65594493501078], [82.70691217875412, 17.661815681448616], [82.71140281568745, 17.675191608505997], [82.70572693255195, 17.682504661560927], [82.70753332880014, 17.689857381013383], [82.7235029689869, 17.698478658063664], [82.75912137135424, 17.695372498641973], [82.7873058814613, 17.67963590877025], [82.81092165750857, 17.672669639692174], [82.80290368795488, 17.660436990175015], [82.8034334210156, 17.632861344475543], [82.78954204393023, 17.612285940643687], [82.79300706972055, 17.601989790496475], [82.80372675288737, 17.5932868253268], [82.78523571135906, 17.56794545351994], [82.78847674570528, 17.55866912557974], [82.75711131103822, 17.557080171013126], [82.74296362177381, 17.56421328951177], [82.72839733676773, 17.561947372972952], [82.72165696299851, 17.570449712884], [82.71319289823373, 17.563715014736204], [82.70287946671408, 17.56422600952277], [82.70673227837199, 17.584591857828002], [82.70423916610468, 17.5974774781032], [82.69521297919567, 17.59115280785585], [82.69045455293531, 17.602275641807466], [82.67004443550235, 17.600335609001206], [82.65851287047263, 17.619213939072097], [82.63819204132972, 17.618922230476585], [82.6318552437246, 17.614959652965638], [82.63065539612967, 17.60627407798637], [82.63752222716909, 17.596420501305147], [82.65089741948037, 17.592849567753376], [82.65066830999456, 17.584940965653118], [82.6442990027968, 17.577911230518907], [82.62821280058034, 17.574454816636546], [82.61673031695062, 17.585010446375065], [82.61113178630296, 17.583595918017238], [82.6022904784229, 17.563479414843187], [82.61779417086433, 17.561087803659234], [82.60901468238177, 17.550868522164592], [82.61055496384057, 17.538399409405258], [82.59298150868972, 17.538709404815222], [82.57610067450656, 17.52881864296603], [82.5520654114896, 17.527714599249407], [82.55202962836472, 17.52771702292233], [82.54649900192743, 17.513434863428245], [82.53845352301175, 17.507760684508014], [82.516969196871, 17.501971430137417], [82.50544712418548, 17.50357161993435], [82.5023324571772, 17.509663825325333], [82.49440030183251, 17.500486574795616], [82.487263963761, 17.499667930031023], [82.48027240934425, 17.50129799260833], [82.47744642651145, 17.5201769108358], [82.47228874802738, 17.52184304162313], [82.47632358606472, 17.527564928678544], [82.46659862052996, 17.53622142947546], [82.46808343000635, 17.531542872006014], [82.46064525787239, 17.53046628369208], [82.46800301892426, 17.52108178439687], [82.46542851531376, 17.512461410265928], [82.44974718338585, 17.511497148174897], [82.45473629384492, 17.494174814316295], [82.45123866942913, 17.48088291631359], [82.43903531892488, 17.47842233162538], [82.43775555937162, 17.471427013545906], [82.41028932699089, 17.467010286495565], [82.38883699603059, 17.479337276694025], [82.37288463092102, 17.479691027718786], [82.36743045225364, 17.489762368038896], [82.37856303485626, 17.507346614154983], [82.37554267255638, 17.51082723059227], [82.35922117531703, 17.50836459724843], [82.34478095277882, 17.49447689209495], [82.3318869310371, 17.50479677265298], [82.33262660093692, 17.518376476193453], [82.33755128036734, 17.52404516655122], [82.32897164192781, 17.55723624385763], [82.34207748458829, 17.575220528204852], [82.35808677678335, 17.57629979739778], [82.37026806691779, 17.571089512171284], [82.38577406791893, 17.573639216077027], [82.45084849136487, 17.593372882352696], [82.46080006896807, 17.610433514395197], [82.47298547529948, 17.61515753529204], [82.47566879328025, 17.624149979637878], [82.47407760749564, 17.63275104712318], [82.45951990382054, 17.63101113865315], [82.44411942297307, 17.642272879190045], [82.41754591611118, 17.637043886266383], [82.41666896110371, 17.64616000358137], [82.42543722244989, 17.655864709189018], [82.41520402664457, 17.665267759699418], [82.38901796121002, 17.631987053259934], [82.37279059870724, 17.630953942670374], [82.3655938558718, 17.63786664363073], [82.36007548359675, 17.660039453857735], [82.36352402121668, 17.670472023065486], [82.39129259667607, 17.679740637520467], [82.42760647985523, 17.68239804243575], [82.43535488751809, 17.688634020643576], [82.44329625192057, 17.712288811979136], [82.46540446294568, 17.713174474222683], [82.4746610040022, 17.731053062149158], [82.49888954751464, 17.71762916345517], [82.5167853511631, 17.717056752167423], [82.51070456896076, 17.696729026123705], [82.51256863423515, 17.68773746311348], [82.5335828766485, 17.690478442925837], [82.5506111987479, 17.70159023050479], [82.57834462330578, 17.749140829685587], [82.58541509053407, 17.744279229602796], [82.59051464493496, 17.73125936572717]]]}}, {"type": "Feature", "properties": {"ac_name": "Visakhapatnam_East", "district_key": "Visakhapatnam", "display": "Visakhapatnam East"}, "geometry": {"type": "Polygon", "coordinates": [[[83.28908887994788, 17.731948963174148], [83.31318857489288, 17.72651392837514], [83.32478007973697, 17.713451665961657], [83.30051494550838, 17.69647105829273], [83.30554441394361, 17.693506543891942], [83.30818509596548, 17.697509193394637], [83.30619263987847, 17.688398340710933], [83.30607722088712, 17.69326020249639], [83.29646085028804, 17.693293750805992], [83.28542671107391, 17.696990729738445], [83.29135336926265, 17.713097336672774], [83.2966512511544, 17.721570471999712], [83.28908887994788, 17.731948963174148]]]}}, {"type": "Feature", "properties": {"ac_name": "Visakhapatnam_West", "district_key": "Visakhapatnam", "display": "Visakhapatnam West"}, "geometry": {"type": "Polygon", "coordinates": [[[83.19852858792405, 17.72719727823187], [83.20978596135308, 17.7262749137563], [83.21609697539515, 17.730730164165777], [83.2171149746764, 17.723035568336854], [83.26237862037709, 17.709414236078203], [83.25897308294151, 17.708851401670927], [83.26408163865676, 17.694031327983453], [83.26956109636757, 17.69666820227576], [83.27310040525953, 17.6929493113617], [83.27601692644004, 17.669116134102353], [83.26752370565453, 17.675369321736866], [83.22898746549919, 17.669789174131154], [83.19807310648872, 17.681548421422576], [83.2110261210587, 17.70974747806372], [83.19852858792405, 17.72719727823187]]]}}, {"type": "Feature", "properties": {"ac_name": "Gajuwaka", "district_key": "Visakhapatnam", "display": "Gajuwaka"}, "geometry": {"type": "Polygon", "coordinates": [[[83.19483181763434, 17.72749989020781], [83.19749338820935, 17.72903678751777], [83.19852858792405, 17.72719727823187], [83.2110261210587, 17.70974747806372], [83.19807310648872, 17.681548421422576], [83.18126324410349, 17.667814614552867], [83.18819975551435, 17.656089981267655], [83.18284339340795, 17.647229757947002], [83.14911006267931, 17.64055642593837], [83.13867905289601, 17.643509129542736], [83.1382387169433, 17.67031681357014], [83.12123890964801, 17.682845790600823], [83.1092387240879, 17.684869609644807], [83.1054809276028, 17.69481180552043], [83.1283910065398, 17.715345654378496], [83.1491909009394, 17.707857130102525], [83.16313038905628, 17.727458482722852], [83.1824710803761, 17.723892953197264], [83.19483181763434, 17.72749989020781]]]}}, {"type": "Feature", "properties": {"ac_name": "Visakhapatnam_South", "district_key": "Visakhapatnam", "display": "Visakhapatnam South"}, "geometry": {"type": "Polygon", "coordinates": [[[83.29135336926265, 17.713097336672774], [83.28542671107391, 17.696990729738445], [83.29646085028804, 17.693293750805992], [83.29928498321544, 17.69056874385251], [83.29612951666394, 17.692876427605086], [83.29476300940541, 17.68965248577365], [83.29471664036072, 17.67485534749636], [83.28195841085204, 17.660617659477452], [83.27601692644004, 17.669116134102353], [83.27310040525953, 17.6929493113617], [83.26956109636757, 17.69666820227576], [83.26408163865676, 17.694031327983453], [83.25897308294151, 17.708851401670927], [83.26237862037709, 17.709414236078203], [83.2706706709148, 17.697275821122275], [83.27015657076919, 17.712213495556398], [83.29135336926265, 17.713097336672774]]]}}, {"type": "Feature", "properties": {"ac_name": "Yelamanchili", "district_key": "Anakapalle", "display": "Yelamanchili"}, "geometry": {"type": "Polygon", "coordinates": [[[83.05090803068111, 17.65978801870216], [83.0450743524994, 17.627921837922543], [83.05383175093459, 17.616043812671876], [83.04542173092818, 17.59105735831048], [83.05568581754648, 17.58625579966548], [83.07446635084148, 17.59339756424623], [83.07710274219784, 17.591085127576605], [83.06014566978689, 17.554066014035357], [83.0600781378958, 17.537859000492517], [83.06608843303479, 17.52500715245816], [83.01453165900892, 17.50341690866344], [82.9919566926473, 17.47253311131408], [82.89878537734336, 17.432104809089708], [82.8924795173159, 17.44296013250414], [82.87179055519005, 17.44796007439794], [82.85302309623899, 17.46611423888106], [82.85088021954653, 17.495879707682434], [82.86423599909216, 17.517613405934014], [82.8498929743813, 17.515668645391713], [82.84618659843284, 17.533245188814476], [82.83822304505753, 17.533198086822324], [82.82724622773128, 17.525275895965876], [82.81724176819313, 17.506103463304214], [82.81733952899611, 17.48223721527529], [82.80406163163906, 17.46872864810865], [82.79732548468343, 17.466654736826683], [82.78971612929598, 17.470624030474653], [82.78053475087813, 17.48559411647534], [82.76469117945442, 17.479862763156063], [82.7552514384032, 17.48464453221942], [82.74243553177445, 17.505502143309343], [82.7950982443885, 17.54679895230987], [82.78847674570528, 17.55866912557974], [82.78523571135906, 17.56794545351994], [82.80372675288737, 17.5932868253268], [82.84784949795602, 17.60161746847143], [82.86795389715468, 17.587678430015558], [82.90031191446332, 17.58557429881489], [82.90975293255184, 17.60992226959712], [82.93507931985476, 17.624213183991287], [82.94459843327115, 17.641032074670534], [82.96915954697556, 17.64637494244971], [82.97903626231368, 17.666576856037125], [83.01897293395382, 17.65892269102943], [83.05090803068111, 17.65978801870216]]]}}, {"type": "Feature", "properties": {"ac_name": "Payakaraopet_SC", "district_key": "Anakapalle", "display": "Payakaraopet (SC)"}, "geometry": {"type": "Polygon", "coordinates": [[[82.78847674570528, 17.55866912557974], [82.7950982443885, 17.54679895230987], [82.74243553177445, 17.505502143309343], [82.7552514384032, 17.48464453221942], [82.76469117945442, 17.479862763156063], [82.78053475087813, 17.48559411647534], [82.78971612929598, 17.470624030474653], [82.79732548468343, 17.466654736826683], [82.80406163163906, 17.46872864810865], [82.81733952899611, 17.48223721527529], [82.81724176819313, 17.506103463304214], [82.82724622773128, 17.525275895965876], [82.83822304505753, 17.533198086822324], [82.84618659843284, 17.533245188814476], [82.8498929743813, 17.515668645391713], [82.86423599909216, 17.517613405934014], [82.85088021954653, 17.495879707682434], [82.85302309623899, 17.46611423888106], [82.87179055519005, 17.44796007439794], [82.8924795173159, 17.44296013250414], [82.89878537734336, 17.432104809089708], [82.70303038194663, 17.343862016019273], [82.54243334682155, 17.248890409065154], [82.53895689514468, 17.26389689602496], [82.52550564536932, 17.271535880476563], [82.51811076210203, 17.298663225827283], [82.53450963970818, 17.30646298567831], [82.53548082028368, 17.32761092670296], [82.55753965403187, 17.326111133621964], [82.55981643707895, 17.3422541091399], [82.56505396007225, 17.342484666534176], [82.56579861311553, 17.350164730218182], [82.5556604315837, 17.35265913571061], [82.54293309828392, 17.374869358634044], [82.55597757840258, 17.390654406675594], [82.56030582025744, 17.408293063574092], [82.5829775563692, 17.42512238548977], [82.59846565726434, 17.44371211861943], [82.60484445860493, 17.459600842305065], [82.5853860181503, 17.469472512446544], [82.56782461301555, 17.49265773086961], [82.56100655490866, 17.49122793562077], [82.55821990752275, 17.521751568879836], [82.5520654114896, 17.527714599249407], [82.57610067450656, 17.52881864296603], [82.59298150868972, 17.538709404815222], [82.61055496384057, 17.538399409405258], [82.60901468238177, 17.550868522164592], [82.61779417086433, 17.561087803659234], [82.6022904784229, 17.563479414843187], [82.61113178630296, 17.583595918017238], [82.61673031695062, 17.585010446375065], [82.62821280058034, 17.574454816636546], [82.6442990027968, 17.577911230518907], [82.65066830999456, 17.584940965653118], [82.65089741948037, 17.592849567753376], [82.63752222716909, 17.596420501305147], [82.63065539612967, 17.60627407798637], [82.6318552437246, 17.614959652965638], [82.63819204132972, 17.618922230476585], [82.65851287047263, 17.619213939072097], [82.67004443550235, 17.600335609001206], [82.69045455293531, 17.602275641807466], [82.69521297919567, 17.59115280785585], [82.70423916610468, 17.5974774781032], [82.70673227837199, 17.584591857828002], [82.70287946671408, 17.56422600952277], [82.71319289823373, 17.563715014736204], [82.72165696299851, 17.570449712884], [82.72839733676773, 17.561947372972952], [82.74296362177381, 17.56421328951177], [82.75711131103822, 17.557080171013126], [82.78847674570528, 17.55866912557974]]]}}, {"type": "Feature", "properties": {"ac_name": "Tuni", "district_key": "Kakinada", "display": "Tuni"}, "geometry": {"type": "Polygon", "coordinates": [[[82.55202962836472, 17.52771702292233], [82.5520654114896, 17.527714599249407], [82.55821990752275, 17.521751568879836], [82.56100655490866, 17.49122793562077], [82.56782461301555, 17.49265773086961], [82.5853860181503, 17.469472512446544], [82.60484445860493, 17.459600842305065], [82.59846565726434, 17.44371211861943], [82.5829775563692, 17.42512238548977], [82.56030582025744, 17.408293063574092], [82.55597757840258, 17.390654406675594], [82.54293309828392, 17.374869358634044], [82.5556604315837, 17.35265913571061], [82.56579861311553, 17.350164730218182], [82.56505396007225, 17.342484666534176], [82.55981643707895, 17.3422541091399], [82.55753965403187, 17.326111133621964], [82.53548082028368, 17.32761092670296], [82.53450963970818, 17.30646298567831], [82.51811076210203, 17.298663225827283], [82.52550564536932, 17.271535880476563], [82.53895689514468, 17.26389689602496], [82.54243334682155, 17.248890409065154], [82.44414995585583, 17.175495134293044], [82.42827991828364, 17.193139785173003], [82.40114350776673, 17.16483391695175], [82.37422009178385, 17.17759341810182], [82.36532471486373, 17.184228975886583], [82.35852322226896, 17.19898239182396], [82.35415234355588, 17.23199698707134], [82.34972286052164, 17.259296460863027], [82.35815289224223, 17.26991431649259], [82.35865318059984, 17.280735670714705], [82.38633890961307, 17.294098240141693], [82.39077815209009, 17.271096648891273], [82.39768712086402, 17.265313935289953], [82.40564338883138, 17.265493563177472], [82.40650722812615, 17.27714661762235], [82.41162338491137, 17.28302484372159], [82.41070551884468, 17.324693001680714], [82.43099401736009, 17.33673566042245], [82.44249830505277, 17.35997915131685], [82.4200776020997, 17.361471905404187], [82.41295428890936, 17.36743354182454], [82.37087780366778, 17.371333483353624], [82.3549936557327, 17.377396627152677], [82.32816592941418, 17.378597555732654], [82.30875066271295, 17.389657742011252], [82.30505130057713, 17.394525746166323], [82.31147262006544, 17.403985819989657], [82.31114136648091, 17.41438721329928], [82.29416089550898, 17.44226280268623], [82.29055809088322, 17.458001502367495], [82.27973041082987, 17.463834492567855], [82.2838187621262, 17.475888152716152], [82.3318869310371, 17.50479677265298], [82.34478095277882, 17.49447689209495], [82.35922117531703, 17.50836459724843], [82.37554267255638, 17.51082723059227], [82.37856303485626, 17.507346614154983], [82.36743045225364, 17.489762368038896], [82.37288463092102, 17.479691027718786], [82.38883699603059, 17.479337276694025], [82.41028932699089, 17.467010286495565], [82.43775555937162, 17.471427013545906], [82.43903531892488, 17.47842233162538], [82.45123866942913, 17.48088291631359], [82.45473629384492, 17.494174814316295], [82.44974718338585, 17.511497148174897], [82.46542851531376, 17.512461410265928], [82.46800301892426, 17.52108178439687], [82.46064525787239, 17.53046628369208], [82.46808343000635, 17.531542872006014], [82.46659862052996, 17.53622142947546], [82.47632358606472, 17.527564928678544], [82.47228874802738, 17.52184304162313], [82.47744642651145, 17.5201769108358], [82.48027240934425, 17.50129799260833], [82.487263963761, 17.499667930031023], [82.49440030183251, 17.500486574795616], [82.5023324571772, 17.509663825325333], [82.50544712418548, 17.50357161993435], [82.516969196871, 17.501971430137417], [82.53845352301175, 17.507760684508014], [82.54649900192743, 17.513434863428245], [82.55202962836472, 17.52771702292233]]]}}, {"type": "Feature", "properties": {"ac_name": "Polavaram_ST", "district_key": "Eluru", "display": "Polavaram (ST)"}, "geometry": {"type": "Polygon", "coordinates": [[[81.49834408730982, 17.48149327269641], [81.5126314916501, 17.472888400179556], [81.51721685147658, 17.456924324997658], [81.53089976211442, 17.44066724979382], [81.5408888513395, 17.43691172859343], [81.56358658775088, 17.440334542904907], [81.57594279152664, 17.433111267371146], [81.58624358667225, 17.40595737223498], [81.60317759417069, 17.411680701802993], [81.61451868458965, 17.406807068791238], [81.61629359287508, 17.40093278262185], [81.6098550243899, 17.397421836548574], [81.6046688706719, 17.376162198826478], [81.61474651703821, 17.35227792388713], [81.61103830737204, 17.343583918662944], [81.61488699204108, 17.331365063846647], [81.62772957436044, 17.325040742536316], [81.64252543380178, 17.324283534957203], [81.67943694975548, 17.30172122835205], [81.68025390469398, 17.291181492332043], [81.66308803668358, 17.28288309617801], [81.6572677790848, 17.26831017687323], [81.65539113499295, 17.249535328192906], [81.6416224721994, 17.23012266862628], [81.64065194453167, 17.207320853674503], [81.66352812892006, 17.151659399361847], [81.6445969672763, 17.151763279152078], [81.61303427261367, 17.167911674883953], [81.61046421165412, 17.175293492800506], [81.5978544143498, 17.174250392541637], [81.589211267586, 17.18491770009183], [81.59617893870711, 17.19901144082536], [81.57122327083732, 17.19913715255757], [81.56083485564415, 17.200298362579417], [81.54468597517769, 17.210887090067217], [81.52879123412822, 17.20346016575411], [81.51806648957688, 17.189882696129587], [81.49426827975736, 17.18610846723203], [81.46646083020323, 17.16993949770972], [81.47751321576237, 17.14122751094095], [81.46738145449058, 17.132186520291725], [81.46602219127118, 17.113636705369686], [81.44750583652518, 17.099884744785186], [81.44845366890178, 17.07212506182219], [81.42609256761796, 17.06087417790104], [81.43115066866847, 17.04186559901825], [81.44760823333337, 17.032707581389843], [81.45028207695634, 17.00710681632654], [81.44618973896536, 17.00133467875247], [81.43404075787475, 17.011089641174067], [81.42172785465681, 17.037138553701368], [81.41533531167534, 17.041911847553763], [81.3915262713204, 17.041401834826843], [81.38763417008096, 17.032940964453985], [81.37046555284303, 17.02971392625676], [81.35778324230284, 17.021109122088376], [81.34751577513299, 17.026504949144112], [81.3448012407847, 17.046339492373704], [81.34570351440573, 17.053751069756117], [81.35834596879147, 17.05392489251983], [81.36183979716895, 17.0679275328294], [81.37494481065454, 17.07096922165232], [81.3790438243131, 17.07845862186798], [81.40032229743616, 17.089311186162377], [81.40297008500147, 17.108917182881726], [81.39078082687371, 17.116587607632027], [81.37407466891091, 17.119345730321243], [81.36395630483963, 17.111544740197644], [81.33971631025958, 17.11204926166414], [81.33132000221639, 17.10527757260195], [81.31974717808987, 17.10408156331357], [81.3073955563599, 17.12476207540948], [81.3210350783063, 17.14283831004002], [81.28937297618194, 17.15118816899883], [81.27951910722106, 17.17534194557436], [81.28220078483838, 17.193434406672566], [81.27647787795178, 17.197323259560847], [81.26494095566062, 17.18814361503587], [81.27304784478224, 17.16867507969124], [81.27163921507776, 17.162644150507163], [81.26033119542836, 17.1698982853776], [81.24621220442975, 17.16775343107605], [81.24112992240805, 17.160738920564768], [81.23026968869522, 17.161591617259376], [81.22431543391019, 17.146830117316085], [81.21793270343159, 17.144906444077208], [81.20142615179554, 17.170937427720162], [81.18683438719728, 17.174735066869914], [81.17567863536078, 17.165821981399347], [81.17279515886952, 17.14013192175082], [81.15155195625783, 17.151858714308275], [81.1458204140809, 17.153209499618754], [81.14131741416736, 17.14899761294953], [81.15489591261633, 17.123911536188473], [81.19717317510202, 17.111480587958795], [81.20851649494034, 17.094263127641284], [81.22386678732244, 17.088468703967578], [81.23270200679224, 17.061112732966308], [81.22466927037061, 17.036320212907526], [81.19173238194395, 17.040500335522097], [81.17508980155316, 17.032685527315266], [81.15678672732565, 17.04083484375309], [81.13691911962172, 17.03087903843692], [81.11561448881764, 17.033568550947905], [81.1128454672446, 17.019266760152902], [81.09821535015834, 17.00748744449004], [81.09345202708943, 16.98591219868905], [81.0829671677007, 16.983613505458948], [81.07319973527962, 16.9935876506496], [81.0577053652105, 16.991301023623407], [81.06653950099724, 17.01555459886572], [81.0735534287478, 17.02010157922456], [81.07071915956163, 17.03873398428601], [81.0435552180989, 17.04097430611938], [81.0214963951426, 17.0354932629038], [81.01950592655731, 17.05577213147876], [81.01005560857953, 17.064930200368508], [81.01729659266368, 17.084508353178023], [81.03891656984388, 17.08169877667723], [81.04531162822911, 17.09038291184197], [81.04764594000818, 17.119197966313152], [81.03407957970887, 17.127165159244726], [81.03597408253796, 17.141624733394792], [81.02964293627252, 17.157488886702822], [81.0391643456581, 17.17409763819552], [81.03199911236919, 17.19210469697424], [81.04758486255145, 17.205597576367097], [81.05492691694371, 17.225346800014847], [81.07942052303878, 17.215405386549378], [81.1013714660204, 17.222534208087268], [81.17360666121851, 17.23104714830731], [81.18755049665816, 17.254976268839812], [81.17813270176282, 17.269361657014883], [81.17661427472905, 17.287986086888452], [81.19036517501286, 17.325133803482288], [81.21026168063213, 17.32637068336038], [81.2335192297287, 17.320685896037332], [81.24562236338141, 17.326115371227445], [81.27397369053347, 17.317510718145172], [81.30524731341285, 17.346220424233252], [81.33415912864092, 17.398648037876683], [81.35176587849253, 17.395413887840675], [81.35009545614042, 17.382359083504923], [81.35396342407284, 17.377518259560077], [81.37972744936235, 17.363511552516172], [81.38839953361162, 17.36238993874474], [81.4080804123812, 17.369609310321437], [81.42396158445962, 17.367584174669958], [81.42647485053396, 17.38053576831112], [81.43977458343034, 17.37990404943241], [81.46036336737558, 17.41124804156391], [81.48701132910963, 17.435151215756036], [81.50310670531024, 17.463912716498726], [81.49563527264979, 17.47738059833597], [81.49834408730982, 17.48149327269641]]]}}, {"type": "Feature", "properties": {"ac_name": "Prathipadu", "district_key": "Kakinada", "display": "Prathipadu"}, "geometry": {"type": "Polygon", "coordinates": [[[82.27973041082987, 17.463834492567855], [82.29055809088322, 17.458001502367495], [82.29416089550898, 17.44226280268623], [82.31114136648091, 17.41438721329928], [82.31147262006544, 17.403985819989657], [82.30505130057713, 17.394525746166323], [82.30875066271295, 17.389657742011252], [82.32816592941418, 17.378597555732654], [82.3549936557327, 17.377396627152677], [82.37087780366778, 17.371333483353624], [82.41295428890936, 17.36743354182454], [82.4200776020997, 17.361471905404187], [82.44249830505277, 17.35997915131685], [82.43099401736009, 17.33673566042245], [82.41070551884468, 17.324693001680714], [82.41162338491137, 17.28302484372159], [82.40650722812615, 17.27714661762235], [82.40564338883138, 17.265493563177472], [82.39768712086402, 17.265313935289953], [82.39077815209009, 17.271096648891273], [82.38633890961307, 17.294098240141693], [82.35865318059984, 17.280735670714705], [82.35815289224223, 17.26991431649259], [82.34972286052164, 17.259296460863027], [82.35415234355588, 17.23199698707134], [82.34198928178, 17.234478656364956], [82.31973689234377, 17.21977390364276], [82.31566970119582, 17.219942854778992], [82.30914812438647, 17.23218200549519], [82.28594398332825, 17.233870672393664], [82.2866022205161, 17.24672425971687], [82.27987871712912, 17.25017406807882], [82.2691983981876, 17.236993534024407], [82.23823634183378, 17.233903006618505], [82.22867162199782, 17.21908559312567], [82.20127371920682, 17.214356137625714], [82.1809152066715, 17.224123963949808], [82.16770453273807, 17.21706372920778], [82.14422701756286, 17.213878418654133], [82.13313114888348, 17.19750788588027], [82.12659550308007, 17.22131360054226], [82.09190821918901, 17.237013872192506], [82.09098669917688, 17.242241720279196], [82.09801724010362, 17.250553626049054], [82.07801965338433, 17.268378269941252], [82.0869206078998, 17.28429309554997], [82.0590445913349, 17.296975200145425], [82.04359715958128, 17.313996161293858], [82.04409984193421, 17.339238461985474], [82.05103597113322, 17.353652225569817], [82.0449942680711, 17.366532508368607], [82.05409472639059, 17.380189764046406], [82.06663194750644, 17.37903116115922], [82.07334112199521, 17.390962833667913], [82.07898041621331, 17.383553432644874], [82.0836430376961, 17.383811801573415], [82.0882031427609, 17.39128319826102], [82.09172287610988, 17.38085909886837], [82.09757530785424, 17.380092063497955], [82.10806810286073, 17.396599555824878], [82.1222943883754, 17.37992608821844], [82.14367614054152, 17.366134445048658], [82.1680271564282, 17.361492462107492], [82.17920731856293, 17.36431727582169], [82.20379917918882, 17.379720495104834], [82.22972010829642, 17.409368373951338], [82.27072122290616, 17.439113425444305], [82.27973041082987, 17.463834492567855]]]}}, {"type": "Feature", "properties": {"ac_name": "Jaggampeta", "district_key": "Kakinada", "display": "Jaggampeta"}, "geometry": {"type": "Polygon", "coordinates": [[[81.89839744508606, 17.29535919397165], [81.9217289724142, 17.293506340545207], [81.91327133600339, 17.26926465973628], [81.91545488453534, 17.262287889274717], [81.94518978897764, 17.267628152617192], [81.9586038427932, 17.28103064744647], [81.96971218866662, 17.28409637784563], [81.97419112811815, 17.291860526342248], [81.9976793425277, 17.295403072793647], [82.02174396481217, 17.290986212643645], [82.03470328812631, 17.272040998193575], [82.05892466674004, 17.276136354309358], [82.07801965338433, 17.268378269941252], [82.09801724010362, 17.250553626049054], [82.09098669917688, 17.242241720279196], [82.09190821918901, 17.237013872192506], [82.12659550308007, 17.22131360054226], [82.13313114888348, 17.19750788588027], [82.14422701756286, 17.213878418654133], [82.16770453273807, 17.21706372920778], [82.1809152066715, 17.224123963949808], [82.20127371920682, 17.214356137625714], [82.19596815080956, 17.196180539600277], [82.1999570712619, 17.178902497352396], [82.18141946103935, 17.147585688129027], [82.13501927821716, 17.1670690982603], [82.12222436176495, 17.170149376092866], [82.11192016538337, 17.166861904353425], [82.09705598444617, 17.13110339120857], [82.08754454314618, 17.12672043460043], [82.08166371171097, 17.117632734962797], [82.07667652490176, 17.084890397773677], [82.07239304050648, 17.078348144651216], [82.0568966046946, 17.071317621710932], [82.0431205233935, 17.077224915697343], [82.04217313708068, 17.08591407357568], [82.03461633447631, 17.09310900697517], [81.99409673757441, 17.113045247340324], [81.96442381800483, 17.115936940937104], [81.93309549386203, 17.098453331656003], [81.91946504157846, 17.09569906346104], [81.91286671572641, 17.133015127745978], [81.90644993421716, 17.143274912007655], [81.91006332296405, 17.151977498562758], [81.902390673291, 17.168075223792584], [81.90476194900481, 17.180377499721885], [81.8808180364233, 17.173757005581365], [81.86597621892741, 17.183682648535466], [81.82052938941985, 17.17569589534935], [81.81748688491189, 17.181638328546057], [81.80746631851582, 17.184342323739315], [81.80935451889599, 17.19992913602084], [81.78312327332048, 17.2028920352393], [81.77003379562325, 17.2375076197809], [81.80096111836099, 17.236439906876228], [81.81003701889335, 17.24976571021938], [81.8211950406187, 17.25401300049964], [81.82610203488105, 17.270640787042737], [81.82405128294039, 17.290949546384525], [81.83213420512953, 17.30005201109151], [81.85111823611777, 17.278079161524147], [81.8642611686181, 17.269653903404958], [81.87815171652858, 17.274219900827802], [81.8774628250494, 17.293344143317597], [81.88452212989245, 17.300352421527066], [81.88938067767617, 17.301769298014733], [81.89839744508606, 17.29535919397165]]]}}, {"type": "Feature", "properties": {"ac_name": "Rajanagaram", "district_key": "East_Godavari", "display": "Rajanagaram"}, "geometry": {"type": "Polygon", "coordinates": [[[81.6572677790848, 17.26831017687323], [81.66423192396417, 17.260534799441473], [81.68304648041078, 17.255685705331075], [81.6914020815409, 17.22413274942687], [81.69995047663326, 17.225800268767443], [81.71049835421576, 17.21608694585592], [81.72328054526099, 17.22480867807809], [81.75136612724503, 17.224417599792446], [81.76259153067468, 17.236220065803423], [81.77003379562325, 17.2375076197809], [81.78312327332048, 17.2028920352393], [81.80935451889599, 17.19992913602084], [81.80746631851582, 17.184342323739315], [81.81748688491189, 17.181638328546057], [81.82052938941985, 17.17569589534935], [81.86597621892741, 17.183682648535466], [81.8808180364233, 17.173757005581365], [81.90476194900481, 17.180377499721885], [81.902390673291, 17.168075223792584], [81.91006332296405, 17.151977498562758], [81.90644993421716, 17.143274912007655], [81.91286671572641, 17.133015127745978], [81.91946504157846, 17.09569906346104], [81.91566052081646, 17.07637461479669], [81.91769829913727, 17.055360461416228], [81.92456292144175, 17.056038970222346], [81.92908326118362, 17.069908437124695], [81.94157407278527, 17.068173331034473], [81.9647024072903, 17.045457296117377], [81.93344313849013, 17.02939425414155], [81.92996713377624, 17.022795169261713], [81.95963648933258, 16.989432998634015], [81.98189261814986, 16.987084241044954], [81.96548811168708, 16.9701540286855], [81.96161804563633, 16.949205006006252], [81.9368628582344, 16.9398533877237], [81.93414520143995, 16.95393342009129], [81.92112894834236, 16.970141116219565], [81.91560410544514, 16.969656593876778], [81.8983585386157, 16.945833222825], [81.88245163693358, 16.945505617790104], [81.8648849716642, 16.9358308173384], [81.85686477718775, 16.924039418384496], [81.84014560783362, 16.924800631543974], [81.82822639273388, 16.933874654291913], [81.82630788070418, 16.938585467745213], [81.83293136419115, 16.94858096014326], [81.82847375396062, 16.96002732610026], [81.84635494902176, 16.974694015016837], [81.84924916611618, 16.98894394101012], [81.8459922245616, 16.997009259869515], [81.82371144982363, 17.003366092571184], [81.80855547935192, 17.024664347181954], [81.78417162831806, 17.030167608148645], [81.78510701227884, 17.065584463452296], [81.77697197437715, 17.07621440866808], [81.76144532044526, 17.078317151315503], [81.7491640050149, 17.065304047643735], [81.72265030127045, 17.05100242232396], [81.69703053443169, 17.085565535920807], [81.68070217176785, 17.094835131536115], [81.67554434309699, 17.116156450160076], [81.66477566216713, 17.133592630095848], [81.66352812892006, 17.151659399361847], [81.64065194453167, 17.207320853674503], [81.6416224721994, 17.23012266862628], [81.65539113499295, 17.249535328192906], [81.6572677790848, 17.26831017687323]]]}}, {"type": "Feature", "properties": {"ac_name": "Pithapuram", "district_key": "Kakinada", "display": "Pithapuram"}, "geometry": {"type": "Polygon", "coordinates": [[[82.28594398332825, 17.233870672393664], [82.30914812438647, 17.23218200549519], [82.31566970119582, 17.219942854778992], [82.31973689234377, 17.21977390364276], [82.34198928178, 17.234478656364956], [82.35415234355588, 17.23199698707134], [82.35852322226896, 17.19898239182396], [82.36532471486373, 17.184228975886583], [82.37422009178385, 17.17759341810182], [82.40114350776673, 17.16483391695175], [82.42827991828364, 17.193139785173003], [82.44414995585583, 17.175495134293044], [82.30703586511316, 17.042383598624212], [82.2924256500238, 17.05311570412647], [82.26897680073881, 17.05932716231871], [82.2601432683972, 17.06769426487847], [82.224282475356, 17.090664365468115], [82.1967326231121, 17.08206739979073], [82.17684785184696, 17.085389998149935], [82.16369985436484, 17.12950494879442], [82.18141946103935, 17.147585688129027], [82.1999570712619, 17.178902497352396], [82.19596815080956, 17.196180539600277], [82.20127371920682, 17.214356137625714], [82.22867162199782, 17.21908559312567], [82.23823634183378, 17.233903006618505], [82.2691983981876, 17.236993534024407], [82.27987871712912, 17.25017406807882], [82.2866022205161, 17.24672425971687], [82.28594398332825, 17.233870672393664]]]}}, {"type": "Feature", "properties": {"ac_name": "Chintalapudi_SC", "district_key": "Eluru", "display": "Chintalapudi (SC)"}, "geometry": {"type": "Polygon", "coordinates": [[[80.94296222692532, 17.21841831954987], [80.95892798923535, 17.205264052893767], [80.96821070236206, 17.20313207868253], [80.9677383865174, 17.198728845060202], [80.9754400627088, 17.200823867027907], [80.99841348539411, 17.19064784921892], [81.01250695543172, 17.1947979209873], [81.03199911236919, 17.19210469697424], [81.0391643456581, 17.17409763819552], [81.02964293627252, 17.157488886702822], [81.03597408253796, 17.141624733394792], [81.03407957970887, 17.127165159244726], [81.04764594000818, 17.119197966313152], [81.04531162822911, 17.09038291184197], [81.03891656984388, 17.08169877667723], [81.01729659266368, 17.084508353178023], [81.01005560857953, 17.064930200368508], [81.01950592655731, 17.05577213147876], [81.0214963951426, 17.0354932629038], [81.0435552180989, 17.04097430611938], [81.07071915956163, 17.03873398428601], [81.0735534287478, 17.02010157922456], [81.06653950099724, 17.01555459886572], [81.0577053652105, 16.991301023623407], [81.07319973527962, 16.9935876506496], [81.0829671677007, 16.983613505458948], [81.09345202708943, 16.98591219868905], [81.09821535015834, 17.00748744449004], [81.1128454672446, 17.019266760152902], [81.11561448881764, 17.033568550947905], [81.13691911962172, 17.03087903843692], [81.15678672732565, 17.04083484375309], [81.17508980155316, 17.032685527315266], [81.19173238194395, 17.040500335522097], [81.22466927037061, 17.036320212907526], [81.23270200679224, 17.061112732966308], [81.22386678732244, 17.088468703967578], [81.20851649494034, 17.094263127641284], [81.19717317510202, 17.111480587958795], [81.15489591261633, 17.123911536188473], [81.14131741416736, 17.14899761294953], [81.1458204140809, 17.153209499618754], [81.15155195625783, 17.151858714308275], [81.17279515886952, 17.14013192175082], [81.17567863536078, 17.165821981399347], [81.18683438719728, 17.174735066869914], [81.20142615179554, 17.170937427720162], [81.21793270343159, 17.144906444077208], [81.22431543391019, 17.146830117316085], [81.23026968869522, 17.161591617259376], [81.24112992240805, 17.160738920564768], [81.24621220442975, 17.16775343107605], [81.26033119542836, 17.1698982853776], [81.27163921507776, 17.162644150507163], [81.27304784478224, 17.16867507969124], [81.26494095566062, 17.18814361503587], [81.27647787795178, 17.197323259560847], [81.28220078483838, 17.193434406672566], [81.27951910722106, 17.17534194557436], [81.28937297618194, 17.15118816899883], [81.3210350783063, 17.14283831004002], [81.3073955563599, 17.12476207540948], [81.31974717808987, 17.10408156331357], [81.33132000221639, 17.10527757260195], [81.33971631025958, 17.11204926166414], [81.36395630483963, 17.111544740197644], [81.37407466891091, 17.119345730321243], [81.39078082687371, 17.116587607632027], [81.40297008500147, 17.108917182881726], [81.40032229743616, 17.089311186162377], [81.3790438243131, 17.07845862186798], [81.37494481065454, 17.07096922165232], [81.36183979716895, 17.0679275328294], [81.35834596879147, 17.05392489251983], [81.34570351440573, 17.053751069756117], [81.3448012407847, 17.046339492373704], [81.33251843427837, 17.048604430450155], [81.32452408361962, 17.042668727779585], [81.31256072799528, 17.041717495965713], [81.30515084223765, 17.033792487533333], [81.29812002791704, 17.00952018031211], [81.29116796632866, 17.0050015447855], [81.2790915227556, 17.011012598952334], [81.27295364439522, 17.022112822149097], [81.2557858158628, 17.02402662892581], [81.23717707466233, 16.96755944141512], [81.23303068381904, 16.964542964186478], [81.21124392017083, 16.969524700204772], [81.20493210932943, 16.96486281976337], [81.20362359755103, 16.939213778193334], [81.21035927595989, 16.924721054133386], [81.19958936565678, 16.893494629473594], [81.17801710380633, 16.889835183746754], [81.17680042719803, 16.88446165987773], [81.18620158913211, 16.872786494701018], [81.15628340825276, 16.87966400159246], [81.12329803287798, 16.905352322851456], [81.08715298482247, 16.9130957069014], [81.06288851968947, 16.88614800742465], [81.05619233231033, 16.86803639436414], [81.03864305273476, 16.864581392417392], [81.02196504624993, 16.87099536804186], [81.00311961337951, 16.866091457554774], [80.98304264530191, 16.87424532366282], [80.97523405950432, 16.895669023806477], [80.96780257832637, 16.899050188715307], [80.96091533087787, 16.912735433993134], [80.96258989101074, 16.921608565283123], [80.95791970892748, 16.924973536999175], [80.95625501975343, 16.936313504164957], [80.93415581813656, 16.959896838968007], [80.9383670761797, 16.97334872906066], [80.93608092669348, 16.98273189825852], [80.95215139527073, 16.99067090823587], [80.95154717406291, 16.99750050014802], [80.96001751339759, 17.012369257735088], [80.96425726286247, 17.03291254138071], [80.96093283977876, 17.046484837205526], [80.94294699690641, 17.06708331943969], [80.92715676876992, 17.07133401994912], [80.91822456731, 17.065012054862507], [80.9071276005584, 17.07083467138301], [80.89756041118409, 17.065657288752902], [80.88580437806962, 17.07168836002984], [80.87697783885625, 17.070207226082687], [80.86750502343813, 17.080633839080463], [80.87633502144416, 17.105582734155917], [80.8679474925828, 17.12334478793167], [80.879620254771, 17.134357391080812], [80.87947366887477, 17.160574657594395], [80.9096366623022, 17.153926256591546], [80.92384886623222, 17.157742312957453], [80.92549442772571, 17.18355749528223], [80.91813767211596, 17.19005153664915], [80.91654971669612, 17.21583191790876], [80.91891083636608, 17.219937097319246], [80.93538890557357, 17.22022256102241], [80.94296222692532, 17.21841831954987]]]}}, {"type": "Feature", "properties": {"ac_name": "Gopalapuram_SC", "district_key": "East_Godavari", "display": "Gopalapuram (SC)"}, "geometry": {"type": "Polygon", "coordinates": [[[81.57122327083732, 17.19913715255757], [81.59617893870711, 17.19901144082536], [81.589211267586, 17.18491770009183], [81.5978544143498, 17.174250392541637], [81.61046421165412, 17.175293492800506], [81.61303427261367, 17.167911674883953], [81.60016970906486, 17.15502867523321], [81.5852233219988, 17.153000086185102], [81.58585819120265, 17.118097269873147], [81.59202941012921, 17.10739836104557], [81.60962447149222, 17.10075073435894], [81.60749324551693, 17.08057612149088], [81.6229442259953, 17.082279800772255], [81.62929407905858, 17.078517177625713], [81.62960124250338, 17.07010822871183], [81.61127896145496, 17.068755654649806], [81.60840677325405, 17.063188478865243], [81.64447025639726, 17.043965315446997], [81.64345501803473, 17.01860770548126], [81.63882683698898, 17.01490255261075], [81.62921127847778, 17.01787235412587], [81.59852992301757, 17.01122936884036], [81.5995962770466, 16.99584918749008], [81.5924945646725, 16.97791633357201], [81.57272357922983, 16.975417319953408], [81.56319243738113, 16.954419048600244], [81.53468705456396, 16.95268559456457], [81.53359850346823, 16.942743423869956], [81.5106473830703, 16.942289857990602], [81.49160807435322, 16.958723499789755], [81.48297159066641, 16.94097563551719], [81.4814334010307, 16.900810426360124], [81.47386266972649, 16.894313314707745], [81.45784045966951, 16.89248601821521], [81.44645082294716, 16.89744300129354], [81.4038048222348, 16.892882551788375], [81.3809614505106, 16.89989440030638], [81.36254093381712, 16.89780064998007], [81.35623448113643, 16.88962117747542], [81.35278896074198, 16.869315018073678], [81.32246870646571, 16.82826661171481], [81.29603646331219, 16.822218911973266], [81.28648589790595, 16.82955851931024], [81.29006973133312, 16.8458423790226], [81.2830253678265, 16.85122565424058], [81.27016067027876, 16.851750707229428], [81.26735343561262, 16.84836759978498], [81.26878367062994, 16.823294477757997], [81.25563907078657, 16.817756979600972], [81.24935119270344, 16.824583699078516], [81.24386548650307, 16.846259876691988], [81.2186267345362, 16.846097346715226], [81.21208488610864, 16.847860483774355], [81.20799390159732, 16.865777991661048], [81.18620158913211, 16.872786494701018], [81.17680042719803, 16.88446165987773], [81.17801710380633, 16.889835183746754], [81.19958936565678, 16.893494629473594], [81.21035927595989, 16.924721054133386], [81.20362359755103, 16.939213778193334], [81.20493210932943, 16.96486281976337], [81.21124392017083, 16.969524700204772], [81.23303068381904, 16.964542964186478], [81.23717707466233, 16.96755944141512], [81.2557858158628, 17.02402662892581], [81.27295364439522, 17.022112822149097], [81.2790915227556, 17.011012598952334], [81.29116796632866, 17.0050015447855], [81.29812002791704, 17.00952018031211], [81.30515084223765, 17.033792487533333], [81.31256072799528, 17.041717495965713], [81.32452408361962, 17.042668727779585], [81.33251843427837, 17.048604430450155], [81.3448012407847, 17.046339492373704], [81.34751577513299, 17.026504949144112], [81.35778324230284, 17.021109122088376], [81.37046555284303, 17.02971392625676], [81.38763417008096, 17.032940964453985], [81.3915262713204, 17.041401834826843], [81.41533531167534, 17.041911847553763], [81.42172785465681, 17.037138553701368], [81.43404075787475, 17.011089641174067], [81.44618973896536, 17.00133467875247], [81.45028207695634, 17.00710681632654], [81.44760823333337, 17.032707581389843], [81.43115066866847, 17.04186559901825], [81.42609256761796, 17.06087417790104], [81.44845366890178, 17.07212506182219], [81.44750583652518, 17.099884744785186], [81.46602219127118, 17.113636705369686], [81.46738145449058, 17.132186520291725], [81.47751321576237, 17.14122751094095], [81.46646083020323, 17.16993949770972], [81.49426827975736, 17.18610846723203], [81.51806648957688, 17.189882696129587], [81.52879123412822, 17.20346016575411], [81.54468597517769, 17.210887090067217], [81.56083485564415, 17.200298362579417], [81.57122327083732, 17.19913715255757]]]}}, {"type": "Feature", "properties": {"ac_name": "Peddapuram", "district_key": "Kakinada", "display": "Peddapuram"}, "geometry": {"type": "Polygon", "coordinates": [[[82.18141946103935, 17.147585688129027], [82.16369985436484, 17.12950494879442], [82.17684785184696, 17.085389998149935], [82.1967326231121, 17.08206739979073], [82.224282475356, 17.090664365468115], [82.2601432683972, 17.06769426487847], [82.22892764729312, 17.04076020991579], [82.23109910713816, 17.014720313092027], [82.20280930530527, 17.015472195785264], [82.19440629641349, 17.010791452063927], [82.1920700016293, 16.998535615326432], [82.2022554137564, 16.994813480557752], [82.19994723357803, 16.985791958432173], [82.17993051917819, 16.98020775128674], [82.16394587650103, 16.993151547805724], [82.15116984761045, 16.982989054001678], [82.13747286168325, 16.980203169240895], [82.11287162292712, 16.982986732851487], [82.105735383781, 16.968825329825165], [82.0954551633252, 16.96716056870531], [82.08824184508512, 16.958242636788327], [82.07389699834783, 16.9565398856073], [82.06470159230469, 16.967165743404394], [82.05622102767836, 16.988566226650107], [82.05462036393868, 17.00916998970331], [82.0713010018398, 17.023763021446314], [82.07159086412713, 17.030137329773993], [82.06857140384727, 17.055611039517885], [82.05783036627844, 17.055508095022617], [82.0568966046946, 17.071317621710932], [82.07239304050648, 17.078348144651216], [82.07667652490176, 17.084890397773677], [82.08166371171097, 17.117632734962797], [82.08754454314618, 17.12672043460043], [82.09705598444617, 17.13110339120857], [82.11192016538337, 17.166861904353425], [82.12222436176495, 17.170149376092866], [82.13501927821716, 17.1670690982603], [82.18141946103935, 17.147585688129027]]]}}, {"type": "Feature", "properties": {"ac_name": "Kovvur_SC", "district_key": "East_Godavari", "display": "Kovvur (SC)"}, "geometry": {"type": "Polygon", "coordinates": [[[81.61303427261367, 17.167911674883953], [81.6445969672763, 17.151763279152078], [81.66352812892006, 17.151659399361847], [81.66477566216713, 17.133592630095848], [81.67554434309699, 17.116156450160076], [81.68070217176785, 17.094835131536115], [81.69703053443169, 17.085565535920807], [81.72265030127045, 17.05100242232396], [81.72418355902408, 17.03717409221065], [81.731588005682, 17.02000745707852], [81.73993818749739, 17.014435033749862], [81.74277792276297, 17.001784256138535], [81.74484801462421, 16.965219668053294], [81.72917018915297, 16.944379595541932], [81.72442333087207, 16.914947967674607], [81.6978816042527, 16.921762415902833], [81.6900270577026, 16.92009034239544], [81.6886335500983, 16.91087537519843], [81.68397431636168, 16.909318414013626], [81.67745642497408, 16.919298179967086], [81.66237266106953, 16.918501430996287], [81.65346566400922, 16.929221398348886], [81.63829646810757, 16.922228279111835], [81.62321558293286, 16.925920954788296], [81.60386588580207, 16.92270371920131], [81.600790216995, 16.930945979673254], [81.5913325812337, 16.928532416937514], [81.58296416566378, 16.932032679064946], [81.56319243738113, 16.954419048600244], [81.57272357922983, 16.975417319953408], [81.5924945646725, 16.97791633357201], [81.5995962770466, 16.99584918749008], [81.59852992301757, 17.01122936884036], [81.62921127847778, 17.01787235412587], [81.63882683698898, 17.01490255261075], [81.64345501803473, 17.01860770548126], [81.64447025639726, 17.043965315446997], [81.60840677325405, 17.063188478865243], [81.61127896145496, 17.068755654649806], [81.62960124250338, 17.07010822871183], [81.62929407905858, 17.078517177625713], [81.6229442259953, 17.082279800772255], [81.60749324551693, 17.08057612149088], [81.60962447149222, 17.10075073435894], [81.59202941012921, 17.10739836104557], [81.58585819120265, 17.118097269873147], [81.5852233219988, 17.153000086185102], [81.60016970906486, 17.15502867523321], [81.61303427261367, 17.167911674883953]]]}}, {"type": "Feature", "properties": {"ac_name": "Tiruvuru_SC", "district_key": "Ntr", "display": "Tiruvuru (SC)"}, "geometry": {"type": "Polygon", "coordinates": [[[80.3944248152531, 17.076445460689513], [80.4121259480541, 17.09250771395989], [80.41897017103662, 17.092346167841413], [80.41703252593038, 17.07393289338836], [80.43170588961516, 17.055846733839758], [80.43861746372505, 17.037907062161253], [80.46484748981987, 17.03034688080396], [80.47136335143756, 17.050691778502824], [80.49091889529086, 17.05129503743609], [80.50550122420219, 17.069138382730216], [80.51001059131579, 17.08718978348179], [80.50415253611072, 17.093294028096977], [80.51278957018258, 17.109228708937792], [80.51394713255416, 17.122336586764106], [80.52765033729327, 17.11925617133528], [80.5541191423846, 17.133900924887826], [80.56260688360084, 17.13318948830431], [80.5799683910285, 17.15336838644191], [80.61818900242059, 17.12855538702155], [80.63684458750777, 17.1283676697322], [80.64529135381298, 17.12346105678239], [80.64182085924534, 17.11602581014307], [80.67039738473159, 17.101205508927137], [80.66802167985668, 17.09508051695235], [80.65674809434915, 17.08929165468618], [80.64971561808136, 17.07175690725552], [80.65353463231747, 17.06893728442816], [80.67108536969414, 17.070344391580477], [80.67323118447166, 17.06700124101451], [80.6794459305853, 17.072322132060776], [80.69509429516563, 17.074881541450054], [80.69943844243022, 17.083794721349363], [80.7388638683729, 17.079635576320868], [80.7647843568127, 17.06692538409925], [80.79663893723722, 17.06224988072745], [80.7827047803014, 17.037712103530794], [80.78401468333101, 17.03203441006002], [80.79676990460746, 17.027132956520802], [80.8054426435632, 17.015298816387315], [80.82362690835521, 17.013056013324388], [80.83030879741312, 17.0015432324343], [80.83021933915126, 16.94550649013246], [80.80434704268191, 16.907296938602883], [80.79974054429073, 16.891390569319356], [80.77517961494732, 16.892824130029624], [80.76929527705545, 16.90119550257043], [80.7668522696166, 16.91792430546235], [80.77688146500765, 16.936425619047156], [80.74711872744734, 16.9738297971075], [80.71582553352164, 16.971670439439265], [80.71058125572046, 16.944098084359155], [80.71869313607942, 16.929126198815084], [80.7119901624161, 16.89719180086098], [80.66833318702703, 16.929645913428203], [80.66957763559947, 16.899899109156593], [80.6580151222002, 16.88521458938186], [80.64959143789463, 16.862252588985825], [80.61344125381089, 16.880267648133497], [80.59495664783111, 16.884089407100532], [80.59414471380757, 16.899874748321054], [80.58684712639382, 16.90370331875323], [80.60220991035914, 16.91879061249682], [80.58433565536626, 16.92915421359612], [80.58075043788244, 16.93734086448933], [80.53542346821854, 16.961187412868867], [80.52649953512548, 16.947794284478675], [80.50512185958621, 16.956803107277608], [80.4971159616324, 16.95466961680944], [80.4933256420648, 16.927198677377135], [80.44744806877344, 16.95593245741702], [80.36501269278159, 16.97525322335764], [80.3878585969967, 17.0093127444876], [80.40703995093304, 17.015842607650256], [80.4074819119607, 17.025880774678058], [80.3957636611641, 17.035773757852667], [80.39850076040182, 17.052650680884256], [80.38572513800477, 17.0671091821431], [80.3944248152531, 17.076445460689513]]]}}, {"type": "Feature", "properties": {"ac_name": "Anaparthy", "district_key": "East_Godavari", "display": "Anaparthy"}, "geometry": {"type": "Polygon", "coordinates": [[[81.91946504157846, 17.09569906346104], [81.93309549386203, 17.098453331656003], [81.96442381800483, 17.115936940937104], [81.99409673757441, 17.113045247340324], [82.03461633447631, 17.09310900697517], [82.04217313708068, 17.08591407357568], [82.0431205233935, 17.077224915697343], [82.0568966046946, 17.071317621710932], [82.05783036627844, 17.055508095022617], [82.06857140384727, 17.055611039517885], [82.07159086412713, 17.030137329773993], [82.0713010018398, 17.023763021446314], [82.05462036393868, 17.00916998970331], [82.05622102767836, 16.988566226650107], [82.06470159230469, 16.967165743404394], [82.07389699834783, 16.9565398856073], [82.08824184508512, 16.958242636788327], [82.0954551633252, 16.96716056870531], [82.105735383781, 16.968825329825165], [82.11287162292712, 16.982986732851487], [82.13747286168325, 16.980203169240895], [82.15116984761045, 16.982989054001678], [82.16394587650103, 16.993151547805724], [82.17993051917819, 16.98020775128674], [82.19994723357803, 16.985791958432173], [82.20096688851118, 16.95944817259516], [82.18581578247245, 16.93759661009551], [82.16492197367023, 16.933125662919053], [82.14941956186334, 16.916475259325807], [82.14807144214342, 16.892589104803392], [82.14168777367189, 16.881701005596994], [82.13308491833436, 16.87814888136586], [82.1239136123234, 16.882194902472804], [82.11492617630205, 16.87410671295447], [82.10383045421213, 16.87278761165902], [82.09955002751184, 16.86631064122315], [82.09083115243578, 16.865448536720635], [82.07429460121494, 16.867537303903475], [82.05200013339947, 16.857143390255317], [82.03776580884505, 16.883651559571888], [82.024556459613, 16.882505288188554], [82.01223089034335, 16.895182404244622], [82.00417337220341, 16.89460657463377], [81.98930980820114, 16.86697442093282], [81.98384006856435, 16.84510876785538], [81.97448946831435, 16.8437732710197], [81.97117005625313, 16.811039735495456], [81.96800918117884, 16.80253667792539], [81.96302775722529, 16.805129147292348], [81.95353805523712, 16.82029206592614], [81.95908133873286, 16.8465018878519], [81.95269722060033, 16.859655947663896], [81.95799265183945, 16.87399610533606], [81.94031578274723, 16.89450598366426], [81.9368628582344, 16.9398533877237], [81.96161804563633, 16.949205006006252], [81.96548811168708, 16.9701540286855], [81.98189261814986, 16.987084241044954], [81.95963648933258, 16.989432998634015], [81.92996713377624, 17.022795169261713], [81.93344313849013, 17.02939425414155], [81.9647024072903, 17.045457296117377], [81.94157407278527, 17.068173331034473], [81.92908326118362, 17.069908437124695], [81.92456292144175, 17.056038970222346], [81.91769829913727, 17.055360461416228], [81.91566052081646, 17.07637461479669], [81.91946504157846, 17.09569906346104]]]}}, {"type": "Feature", "properties": {"ac_name": "Rajahmundry_City", "district_key": "East_Godavari", "display": "Rajahmundry City"}, "geometry": {"type": "Polygon", "coordinates": [[[81.72265030127045, 17.05100242232396], [81.7491640050149, 17.065304047643735], [81.76144532044526, 17.078317151315503], [81.77697197437715, 17.07621440866808], [81.78510701227884, 17.065584463452296], [81.78417162831806, 17.030167608148645], [81.80855547935192, 17.024664347181954], [81.82371144982363, 17.003366092571184], [81.81885563507956, 16.987030480472356], [81.79805252650294, 16.96771811060239], [81.78572399036995, 16.94658789161798], [81.78146766999703, 16.975234281836663], [81.77346978050605, 16.99221344699305], [81.75869650034326, 17.000416340541733], [81.74277792276297, 17.001784256138535], [81.73993818749739, 17.014435033749862], [81.731588005682, 17.02000745707852], [81.72418355902408, 17.03717409221065], [81.72265030127045, 17.05100242232396]]]}}, {"type": "Feature", "properties": {"ac_name": "Nuzvid", "district_key": "Eluru", "display": "Nuzvid"}, "geometry": {"type": "Polygon", "coordinates": [[[80.84519636252219, 17.039625390499396], [80.87697783885625, 17.070207226082687], [80.88580437806962, 17.07168836002984], [80.89756041118409, 17.065657288752902], [80.9071276005584, 17.07083467138301], [80.91822456731, 17.065012054862507], [80.92715676876992, 17.07133401994912], [80.94294699690641, 17.06708331943969], [80.96093283977876, 17.046484837205526], [80.96425726286247, 17.03291254138071], [80.96001751339759, 17.012369257735088], [80.95154717406291, 16.99750050014802], [80.95215139527073, 16.99067090823587], [80.93608092669348, 16.98273189825852], [80.9383670761797, 16.97334872906066], [80.93415581813656, 16.959896838968007], [80.95625501975343, 16.936313504164957], [80.95791970892748, 16.924973536999175], [80.96258989101074, 16.921608565283123], [80.96091533087787, 16.912735433993134], [80.96780257832637, 16.899050188715307], [80.97523405950432, 16.895669023806477], [80.98304264530191, 16.87424532366282], [80.99957563880474, 16.83707486321441], [80.99841337387818, 16.826474131575935], [81.01638267012419, 16.821438222196264], [81.02460119389002, 16.807861302956837], [81.03681256095098, 16.807989183853806], [81.04275562277383, 16.78550339606494], [81.03223305750964, 16.782793566070268], [81.02715173866187, 16.77654726274602], [81.01729028391952, 16.777059643387872], [81.000710094895, 16.752479452364867], [80.99328789741861, 16.727427093885296], [80.98935474302704, 16.722009836884524], [80.98148415976624, 16.723574695915545], [80.98985077759136, 16.681629478417733], [81.00731358555356, 16.672422659977826], [80.99870432344585, 16.66491849918941], [81.01856828349952, 16.650494394300893], [81.0110965063987, 16.636646477852707], [80.99546912480031, 16.635868993259464], [80.97596054174568, 16.665381285817716], [80.95424771226214, 16.67112197589853], [80.94092035309188, 16.68235133094919], [80.94357591079972, 16.695979702201555], [80.9317195565124, 16.703261608136756], [80.90884098262529, 16.677150659475387], [80.89599831037378, 16.671682851582375], [80.88938519696933, 16.66018637000502], [80.8854352998992, 16.643533515759202], [80.89219461698804, 16.63201588482525], [80.88523387963988, 16.622284121315204], [80.866720864976, 16.630410238841478], [80.8556562711201, 16.618740291531253], [80.84099848369311, 16.618833767064757], [80.83630487606922, 16.64572139003019], [80.82505641492168, 16.6521805098227], [80.82641100256575, 16.677203999165272], [80.8229881217045, 16.680193546195255], [80.81646279202431, 16.67642658022254], [80.8179057209723, 16.654903176740277], [80.80597956220709, 16.646422748810835], [80.79455515589581, 16.646753983509598], [80.78393801252929, 16.632775821846735], [80.76395731238011, 16.634225002881635], [80.74340368922896, 16.62746742058505], [80.70702644341571, 16.627032095654727], [80.69453688816691, 16.635477761189804], [80.69274789919626, 16.656455600845334], [80.69439204335816, 16.682994190629472], [80.70808218454522, 16.699620230689163], [80.72584151517384, 16.71951902778096], [80.73957478694689, 16.72655759515692], [80.74707266687011, 16.757110310692326], [80.76200539952964, 16.77861271140756], [80.77789128405556, 16.8141979971399], [80.81630922289236, 16.792171701762697], [80.82553706298512, 16.792701120960032], [80.8182437374586, 16.827456883728246], [80.80844681087166, 16.839835964458246], [80.80941689517363, 16.858892526668797], [80.79974054429073, 16.891390569319356], [80.80434704268191, 16.907296938602883], [80.83021933915126, 16.94550649013246], [80.83030879741312, 17.0015432324343], [80.82362690835521, 17.013056013324388], [80.8054426435632, 17.015298816387315], [80.79676990460746, 17.027132956520802], [80.78401468333101, 17.03203441006002], [80.7827047803014, 17.037712103530794], [80.79663893723722, 17.06224988072745], [80.83351983397324, 17.050912419972235], [80.84519636252219, 17.039625390499396]]]}}, {"type": "Feature", "properties": {"ac_name": "Kakinada_Rural", "district_key": "Kakinada", "display": "Kakinada Rural"}, "geometry": {"type": "Polygon", "coordinates": [[[82.2601432683972, 17.06769426487847], [82.26897680073881, 17.05932716231871], [82.2924256500238, 17.05311570412647], [82.30703586511316, 17.042383598624212], [82.2884931710231, 17.01489105028179], [82.2686118828322, 16.954624564372182], [82.27136209868195, 16.948026466947965], [82.27786615399987, 16.950771119591536], [82.27069209836174, 16.940917923323525], [82.25749767427828, 16.9372347148103], [82.25594631497052, 16.9416624117909], [82.23423038732255, 16.956691268487305], [82.22337606665224, 16.948078644713746], [82.22707375604904, 16.938527746558293], [82.24954392441265, 16.935592792873138], [82.24824244083601, 16.904761921525505], [82.25239903988387, 16.89578665602943], [82.23080540204774, 16.892091561176642], [82.21441264163019, 16.867965935179825], [82.20238849543279, 16.87016657802519], [82.19564368620723, 16.84499288301521], [82.17665253618566, 16.845142666900585], [82.15147797332986, 16.85296048154106], [82.14817093234274, 16.847940616066637], [82.15009681791389, 16.831153404006443], [82.14279461517941, 16.816673646371726], [82.13408379263296, 16.807832990500174], [82.12849646484005, 16.807876832449892], [82.10748511014975, 16.828044667127756], [82.09332109459291, 16.8211222804689], [82.08601027995053, 16.834897090128663], [82.10146066687633, 16.849316542824226], [82.09083115243578, 16.865448536720635], [82.09955002751184, 16.86631064122315], [82.10383045421213, 16.87278761165902], [82.11492617630205, 16.87410671295447], [82.1239136123234, 16.882194902472804], [82.13308491833436, 16.87814888136586], [82.14168777367189, 16.881701005596994], [82.14807144214342, 16.892589104803392], [82.14941956186334, 16.916475259325807], [82.16492197367023, 16.933125662919053], [82.18581578247245, 16.93759661009551], [82.20096688851118, 16.95944817259516], [82.19994723357803, 16.985791958432173], [82.2022554137564, 16.994813480557752], [82.1920700016293, 16.998535615326432], [82.19440629641349, 17.010791452063927], [82.20280930530527, 17.015472195785264], [82.23109910713816, 17.014720313092027], [82.22892764729312, 17.04076020991579], [82.2601432683972, 17.06769426487847]]]}}, {"type": "Feature", "properties": {"ac_name": "Jaggayyapeta", "district_key": "Ntr", "display": "Jaggayyapeta"}, "geometry": {"type": "Polygon", "coordinates": [[[80.05628803206707, 16.970781985700114], [80.0913561051002, 16.96827952587944], [80.09541722312639, 16.990395940520273], [80.120261862495, 16.987874190241712], [80.12048505803904, 16.991835132785184], [80.14050658561047, 16.99035493053566], [80.15336767327955, 17.006985063410013], [80.16777426836785, 17.005633666560527], [80.17017577389294, 17.01686934564384], [80.18729775588679, 17.019997682347196], [80.1964635652414, 17.044076212647155], [80.2041013877689, 17.038331399174808], [80.19959163124884, 17.026535812078123], [80.20206018123241, 17.01734691173067], [80.21143191555052, 17.010595182221948], [80.22287015973012, 17.008159033012987], [80.22616340601644, 17.01564307866522], [80.24040259230583, 17.002469709509512], [80.26410876101056, 16.99755049705783], [80.27047268846388, 17.004311528254448], [80.28310696081763, 17.00782034113587], [80.29406953917794, 16.995923278136843], [80.29303682698804, 16.97693897375467], [80.30732978913852, 16.973646885795176], [80.30328029215184, 16.95424892294949], [80.3161595919916, 16.948621851417386], [80.31270765763236, 16.917435018511355], [80.32455644952057, 16.90606840083609], [80.32178769144883, 16.879296436081688], [80.32601034570092, 16.861400308677332], [80.31894796427719, 16.851538376395013], [80.3096139295393, 16.84447619372139], [80.29458778969479, 16.842767413485376], [80.29448113099943, 16.83302334185379], [80.30762449157709, 16.815991150870957], [80.30183496920853, 16.80685504882149], [80.27443773821113, 16.80804775759799], [80.27217727246324, 16.795886254347238], [80.26687558464056, 16.793686920015375], [80.25015755922402, 16.797668265478137], [80.23474338170178, 16.791570482491807], [80.20166532399554, 16.79552724678507], [80.18244497545533, 16.7934432855792], [80.17603224539187, 16.783780344487354], [80.1701631716931, 16.783589236753926], [80.15974771838256, 16.793046099997582], [80.14274123541975, 16.78682253872921], [80.13150394834861, 16.78849006886162], [80.12577037730114, 16.808210845154406], [80.11364581640134, 16.823274610834687], [80.07292100500041, 16.81819905754054], [80.04822340838365, 16.83289030334487], [80.04662747777593, 16.853209331145763], [80.01806472540682, 16.85369729699272], [80.003748897094, 16.86172310323866], [80.00233413940907, 16.871360543154594], [80.01395675360135, 16.903904543859653], [80.01715204752901, 16.917293138767377], [80.04050312521912, 16.919663799344903], [80.05142419537037, 16.93828623182418], [80.04812382915145, 16.949430481331717], [80.05761053549787, 16.96365447807176], [80.05628803206707, 16.970781985700114]]]}}, {"type": "Feature", "properties": {"ac_name": "Rajahmundry_Rural", "district_key": "East_Godavari", "display": "Rajahmundry Rural"}, "geometry": {"type": "Polygon", "coordinates": [[[81.78572399036995, 16.94658789161798], [81.79805252650294, 16.96771811060239], [81.81885563507956, 16.987030480472356], [81.82371144982363, 17.003366092571184], [81.8459922245616, 16.997009259869515], [81.84924916611618, 16.98894394101012], [81.84635494902176, 16.974694015016837], [81.82847375396062, 16.96002732610026], [81.83293136419115, 16.94858096014326], [81.82630788070418, 16.938585467745213], [81.82822639273388, 16.933874654291913], [81.84014560783362, 16.924800631543974], [81.85686477718775, 16.924039418384496], [81.86913723789326, 16.901670010062958], [81.87091532348347, 16.880115920813125], [81.88370502386783, 16.87587264510654], [81.88010741012891, 16.858174650040098], [81.86806870120967, 16.85232924739688], [81.86901049373932, 16.828495972111455], [81.8641082577899, 16.822628278872003], [81.85629824926485, 16.823877070270612], [81.85211647729363, 16.843773061477634], [81.84171054600495, 16.849762721672334], [81.80995843343499, 16.841708641640537], [81.78572399036995, 16.94658789161798]]]}}, {"type": "Feature", "properties": {"ac_name": "Kothapeta", "district_key": "Dr.B.R.Ambedkar_Konaseema", "display": "Kothapeta"}, "geometry": {"type": "Polygon", "coordinates": [[[81.74277792276297, 17.001784256138535], [81.75869650034326, 17.000416340541733], [81.77346978050605, 16.99221344699305], [81.78146766999703, 16.975234281836663], [81.78572399036995, 16.94658789161798], [81.80995843343499, 16.841708641640537], [81.84171054600495, 16.849762721672334], [81.85211647729363, 16.843773061477634], [81.85629824926485, 16.823877070270612], [81.8641082577899, 16.822628278872003], [81.86901049373932, 16.828495972111455], [81.91431039380967, 16.81420751106782], [81.91924170663953, 16.798146383748644], [81.93167238597186, 16.79333703337744], [81.9261795607382, 16.766606674858224], [81.91221946195867, 16.751035935260234], [81.88598606340616, 16.748064224484438], [81.91511567914534, 16.715886888169393], [81.93781270239435, 16.713764696783358], [81.96629020712743, 16.703035831538443], [81.96306770241262, 16.68282516754749], [81.95958485835456, 16.672336774722453], [81.9353439869355, 16.657583912767393], [81.92060447002035, 16.656548071836085], [81.91733484892421, 16.66851094812182], [81.89290928913243, 16.6677189781484], [81.8832861061689, 16.663578147813325], [81.88235225735087, 16.650811744366536], [81.84460196800649, 16.641211627214886], [81.80214864164657, 16.69401104487389], [81.78499927889368, 16.709338679736334], [81.79483274763328, 16.733071506145166], [81.79085438072514, 16.745478207753138], [81.7650201228804, 16.76148847751125], [81.74453893652276, 16.79346464267917], [81.75008461851041, 16.805498372052284], [81.74655373536666, 16.811370121234177], [81.75328223628622, 16.824858009389686], [81.75159389224439, 16.851133284873242], [81.74667159511807, 16.866596039275862], [81.73318354058796, 16.880081825715706], [81.73121257110336, 16.91423347159747], [81.72442333087207, 16.914947967674607], [81.72917018915297, 16.944379595541932], [81.74484801462421, 16.965219668053294], [81.74277792276297, 17.001784256138535]]]}}, {"type": "Feature", "properties": {"ac_name": "Mummidivaram", "district_key": "Dr.B.R.Ambedkar_Konaseema", "display": "Mummidivaram"}, "geometry": {"type": "MultiPolygon", "coordinates": [[[[82.32032967777246, 16.56566703840315], [82.31958805634378, 16.566162232101362], [82.3199986049517, 16.566940544970237], [82.32032967777246, 16.56566703840315]]], [[[82.31957683370399, 16.567432755617233], [82.31902807728397, 16.566319979483524], [82.31813102692541, 16.56722338984764], [82.31957683370399, 16.567432755617233]]], [[[82.32055940059593, 16.56812984261819], [82.3197844880637, 16.568579411910378], [82.32034722804218, 16.56858389503077], [82.32055940059593, 16.56812984261819]]], [[[82.31942489234495, 16.572838460826347], [82.31726264965164, 16.567727988655804], [82.31512270924571, 16.57214739208854], [82.31894459231916, 16.575655900099775], [82.31942489234495, 16.572838460826347]]], [[[82.34454601298819, 16.60691302851353], [82.33589018848147, 16.58953915450843], [82.33127702341596, 16.591786853480528], [82.32947935149093, 16.59512615404884], [82.33561381242754, 16.59564354481381], [82.34454601298819, 16.60691302851353]]], [[[82.33763516193324, 16.60463014446566], [82.33516125019162, 16.602869325858762], [82.33063185337738, 16.607101622641835], [82.33521871956833, 16.604546566870624], [82.33698720219769, 16.60758876291112], [82.33091558138904, 16.617993820058814], [82.33673760885364, 16.61254267840195], [82.33763516193324, 16.60463014446566]]], [[[82.35911266941423, 16.962088836630528], [82.36696174628764, 16.91133548904162], [82.36620429589158, 16.878505020989962], [82.35847018115402, 16.809657204116718], [82.34427552209775, 16.744069641900523], [82.34842573146238, 16.71622848845402], [82.35521765706926, 16.71298124608768], [82.35666910619437, 16.70660961324313], [82.35951296485149, 16.71155474415616], [82.36594347181381, 16.70684047191031], [82.32903636613543, 16.676775423646916], [82.31715960263364, 16.661986590608706], [82.32996115248528, 16.62075092921208], [82.32313782435119, 16.577803866055604], [82.3212354263739, 16.57545094910205], [82.32138459332435, 16.58090407466335], [82.3137213577545, 16.5747862646744], [82.31081901168812, 16.567674387263196], [82.31341533285138, 16.5648890726726], [82.31365478184279, 16.558804623034973], [82.31283059725433, 16.563559275740033], [82.29946409868927, 16.55601115878801], [82.26034822748875, 16.552466391011194], [82.17380399206064, 16.51122175348121], [82.13497990140138, 16.571470789845137], [82.12565109532187, 16.574932971079818], [82.10936112651484, 16.57239236381656], [82.09353287774019, 16.58733998745049], [82.0865540478311, 16.58544755755878], [82.07873675389811, 16.58998226756762], [82.06866162743222, 16.585129019488704], [82.06179494478096, 16.591668763502696], [82.0519298109121, 16.59241864790232], [82.04343416465503, 16.603674903474086], [82.06740916050444, 16.613377210589874], [82.08599254442044, 16.63213931317881], [82.08735436171446, 16.665067374759587], [82.06606953847847, 16.672841280001137], [82.10540472105112, 16.684077336799703], [82.12545992553521, 16.677978483620166], [82.14959289629519, 16.677184555822635], [82.16328798015621, 16.6818931947152], [82.15686514710893, 16.710539795375325], [82.12874819227534, 16.709607052723356], [82.12421336715323, 16.71492876215268], [82.14011584327159, 16.73420450173643], [82.15186582304938, 16.733230503584934], [82.15335043737286, 16.72553482856955], [82.15918014864502, 16.723699984067082], [82.16736856131013, 16.735164669214157], [82.18164803093197, 16.7391708674416], [82.19185310583623, 16.752809407328357], [82.21905780097677, 16.764073240587607], [82.22126346563647, 16.77214988191156], [82.21121592317638, 16.78018988305672], [82.20834247682393, 16.80894798256338], [82.19564368620723, 16.84499288301521], [82.20238849543279, 16.87016657802519], [82.21441264163019, 16.867965935179825], [82.23080540204774, 16.892091561176642], [82.25239903988387, 16.89578665602943], [82.25455892095749, 16.88616780689881], [82.2482598705966, 16.876066330296965], [82.25873591393133, 16.889000438419544], [82.26418354733289, 16.882614643950717], [82.26564736933068, 16.870365367767533], [82.2699352064447, 16.872345663221836], [82.27519973787764, 16.86758912553779], [82.28292949090331, 16.877433860983956], [82.28321875873877, 16.864728354230238], [82.28859649862954, 16.876680853238838], [82.29187905017807, 16.864297542097916], [82.2946075177228, 16.87198498381997], [82.30243665842511, 16.874547107363185], [82.30932093631225, 16.867234248561772], [82.31421192534015, 16.84595085614717], [82.32038282770537, 16.849073304989076], [82.32177803862567, 16.859200259384522], [82.33262174909453, 16.86383703165376], [82.33918022418806, 16.86003220871953], [82.33952694431309, 16.854366751424493], [82.34460728200054, 16.85823499005278], [82.34940052101729, 16.850568694989306], [82.35223745939129, 16.85910058302551], [82.35485034157006, 16.85131241723434], [82.35816228296306, 16.86289204922872], [82.36114512824514, 16.854592933617027], [82.36273612787005, 16.918056331334697], [82.35855814024603, 16.94068048971286], [82.3515149332676, 16.95812113837991], [82.3384527176189, 16.965154377272768], [82.324761736465, 16.985546282534983], [82.32606597286639, 16.991232403552658], [82.34130974504876, 16.986632829041866], [82.35911266941423, 16.962088836630528]], [[82.22599744472637, 16.758619784075847], [82.22070331750416, 16.757509991892675], [82.21985880733814, 16.750305924978477], [82.21192147189845, 16.75110395278523], [82.20558060665974, 16.73459044849045], [82.18632227435353, 16.73708372353508], [82.18636352355782, 16.729997505580457], [82.1949642151265, 16.73018178925821], [82.19341125592479, 16.721634859161497], [82.20379615836606, 16.717715542638246], [82.23904142122467, 16.71629207861656], [82.26746941198383, 16.694650883731356], [82.29448075917975, 16.704536242453685], [82.30914608112681, 16.71680800078866], [82.31378634636286, 16.729395269176393], [82.30549417261801, 16.748266777889512], [82.2897133963562, 16.726669781984924], [82.27596947930806, 16.727404884228065], [82.27038634775181, 16.72193045192887], [82.25806297102935, 16.720423436392537], [82.24347233058364, 16.72227357746368], [82.21747587191402, 16.732766348188477], [82.22439967050843, 16.753038763228403], [82.23198202914739, 16.754827173934984], [82.2281423628798, 16.76072757281929], [82.22599744472637, 16.758619784075847]]]]}}, {"type": "Feature", "properties": {"ac_name": "Mylavaram", "district_key": "Ntr", "display": "Mylavaram"}, "geometry": {"type": "Polygon", "coordinates": [[[80.74711872744734, 16.9738297971075], [80.77688146500765, 16.936425619047156], [80.7668522696166, 16.91792430546235], [80.76929527705545, 16.90119550257043], [80.77517961494732, 16.892824130029624], [80.79974054429073, 16.891390569319356], [80.80941689517363, 16.858892526668797], [80.80844681087166, 16.839835964458246], [80.8182437374586, 16.827456883728246], [80.82553706298512, 16.792701120960032], [80.81630922289236, 16.792171701762697], [80.77789128405556, 16.8141979971399], [80.76200539952964, 16.77861271140756], [80.74707266687011, 16.757110310692326], [80.73957478694689, 16.72655759515692], [80.72584151517384, 16.71951902778096], [80.70808218454522, 16.699620230689163], [80.70196395547225, 16.70274782185453], [80.69169958376881, 16.689235289577027], [80.68684339580614, 16.68890370324334], [80.68577163865024, 16.701383544914734], [80.67805450671017, 16.703989447455058], [80.66833653969962, 16.69375795046909], [80.64365081952974, 16.64781631307244], [80.61901392805038, 16.631713574122216], [80.59895073848583, 16.60742257359294], [80.58743668235707, 16.605685583422996], [80.57880218886999, 16.597190563993365], [80.56296241348463, 16.551235141788425], [80.55401533903671, 16.542193799504275], [80.52879286210094, 16.562912278279043], [80.49848176921836, 16.579669612162945], [80.46716822903062, 16.590710049329346], [80.41030846226579, 16.584796630959772], [80.42496739093241, 16.623098619305892], [80.456573140638, 16.642389927053557], [80.48114730800194, 16.68346829522568], [80.50007867559049, 16.69554198957121], [80.50319677890826, 16.70809007719538], [80.51119747338475, 16.711434922983358], [80.51319387839482, 16.73101021954602], [80.50194969981885, 16.75911081391297], [80.50329888613476, 16.779862354464115], [80.5163170835666, 16.775739360383227], [80.5519926135683, 16.775047873460665], [80.57013317940277, 16.768805839218146], [80.57803719136336, 16.779725108027378], [80.59703737237692, 16.79288991024123], [80.61284862666287, 16.79386389760083], [80.59452939071889, 16.802677347181884], [80.5760322733708, 16.82640782366218], [80.5652986336251, 16.82703908478601], [80.56337627699367, 16.8332621505279], [80.5702731849596, 16.84734242481312], [80.5689430336941, 16.869681652786085], [80.57764513731331, 16.87978544784022], [80.59495664783111, 16.884089407100532], [80.61344125381089, 16.880267648133497], [80.64959143789463, 16.862252588985825], [80.6580151222002, 16.88521458938186], [80.66957763559947, 16.899899109156593], [80.66833318702703, 16.929645913428203], [80.7119901624161, 16.89719180086098], [80.71869313607942, 16.929126198815084], [80.71058125572046, 16.944098084359155], [80.71582553352164, 16.971670439439265], [80.74711872744734, 16.9738297971075]]]}}, {"type": "Feature", "properties": {"ac_name": "Mandapeta", "district_key": "East_Godavari", "display": "Mandapeta"}, "geometry": {"type": "Polygon", "coordinates": [[[81.93414520143995, 16.95393342009129], [81.9368628582344, 16.9398533877237], [81.94031578274723, 16.89450598366426], [81.95799265183945, 16.87399610533606], [81.95269722060033, 16.859655947663896], [81.95908133873286, 16.8465018878519], [81.95353805523712, 16.82029206592614], [81.96302775722529, 16.805129147292348], [81.96800918117884, 16.80253667792539], [81.97117005625313, 16.811039735495456], [81.97448946831435, 16.8437732710197], [81.98384006856435, 16.84510876785538], [81.98930980820114, 16.86697442093282], [82.00417337220341, 16.89460657463377], [82.01223089034335, 16.895182404244622], [82.024556459613, 16.882505288188554], [82.03776580884505, 16.883651559571888], [82.05200013339947, 16.857143390255317], [82.03951000798054, 16.8509304364905], [82.02427776150955, 16.851940814017382], [82.02893657886011, 16.83179028409438], [82.00748596110827, 16.82326263366366], [82.02353685773983, 16.804452205105235], [82.02813151116038, 16.791081973454368], [82.01850472461342, 16.759954239496608], [81.98072264873133, 16.75122264890615], [81.98125702049515, 16.74717662330255], [81.99339249017135, 16.744489523672655], [81.99847081337737, 16.73342031089868], [82.01568266462334, 16.722694473671083], [82.01581105183863, 16.70542435534975], [81.99442495774565, 16.700579242538083], [81.99897154330216, 16.684654007276663], [81.99241015260651, 16.678891736164758], [81.96306770241262, 16.68282516754749], [81.96629020712743, 16.703035831538443], [81.93781270239435, 16.713764696783358], [81.91511567914534, 16.715886888169393], [81.88598606340616, 16.748064224484438], [81.91221946195867, 16.751035935260234], [81.9261795607382, 16.766606674858224], [81.93167238597186, 16.79333703337744], [81.91924170663953, 16.798146383748644], [81.91431039380967, 16.81420751106782], [81.86901049373932, 16.828495972111455], [81.86806870120967, 16.85232924739688], [81.88010741012891, 16.858174650040098], [81.88370502386783, 16.87587264510654], [81.87091532348347, 16.880115920813125], [81.86913723789326, 16.901670010062958], [81.85686477718775, 16.924039418384496], [81.8648849716642, 16.9358308173384], [81.88245163693358, 16.945505617790104], [81.8983585386157, 16.945833222825], [81.91560410544514, 16.969656593876778], [81.92112894834236, 16.970141116219565], [81.93414520143995, 16.95393342009129]]]}}, {"type": "Feature", "properties": {"ac_name": "Tadepalligudem", "district_key": "West_Godavari", "display": "Tadepalligudem"}, "geometry": {"type": "Polygon", "coordinates": [[[81.53359850346823, 16.942743423869956], [81.5507985987764, 16.92566350226889], [81.54852845632325, 16.913942711786774], [81.5714354092168, 16.89755231298892], [81.60299238509054, 16.896053491175735], [81.61935686992365, 16.887602364057898], [81.63563912344682, 16.851056543025095], [81.65137033177547, 16.8431509104862], [81.63837426755845, 16.81674662815442], [81.6210470368913, 16.819800526173367], [81.61536408958113, 16.81564866655276], [81.61399805446672, 16.80602804305977], [81.60228167066265, 16.801363596852582], [81.59536063208753, 16.78105167009852], [81.604383994226, 16.77424906414302], [81.60619086081965, 16.74892052206451], [81.59222484270236, 16.730749266865246], [81.58941012837477, 16.718600206634278], [81.56366463361599, 16.717015683926718], [81.56287962979115, 16.74611118118611], [81.55456732742027, 16.758858825674338], [81.54795748664873, 16.755839288052755], [81.5385564434252, 16.73049677590552], [81.52911396213972, 16.733190207662005], [81.5223810275624, 16.72858746034308], [81.5125289347626, 16.733653484420813], [81.49916372132873, 16.721687539648258], [81.47799502125326, 16.731034425698226], [81.45929478932311, 16.72146752230833], [81.44336492884844, 16.72180993018418], [81.43607032538529, 16.74792784319544], [81.44309090272304, 16.753076483492976], [81.47096631314491, 16.75717607631492], [81.46786481940597, 16.771206663956434], [81.47386053833321, 16.787317887110873], [81.49298637891832, 16.791753239120737], [81.49173300637318, 16.803560389700294], [81.46051707770101, 16.858139616050494], [81.45553933017601, 16.88323048080207], [81.45784045966951, 16.89248601821521], [81.47386266972649, 16.894313314707745], [81.4814334010307, 16.900810426360124], [81.48297159066641, 16.94097563551719], [81.49160807435322, 16.958723499789755], [81.5106473830703, 16.942289857990602], [81.53359850346823, 16.942743423869956]]]}}, {"type": "Feature", "properties": {"ac_name": "Kakinada_City", "district_key": "Kakinada", "display": "Kakinada City"}, "geometry": {"type": "Polygon", "coordinates": [[[82.25594631497052, 16.9416624117909], [82.25749767427828, 16.9372347148103], [82.24954392441265, 16.935592792873138], [82.22707375604904, 16.938527746558293], [82.22337606665224, 16.948078644713746], [82.23423038732255, 16.956691268487305], [82.25594631497052, 16.9416624117909]]]}}, {"type": "Feature", "properties": {"ac_name": "Nidadavole", "district_key": "East_Godavari", "display": "Nidadavole"}, "geometry": {"type": "Polygon", "coordinates": [[[81.56319243738113, 16.954419048600244], [81.58296416566378, 16.932032679064946], [81.5913325812337, 16.928532416937514], [81.600790216995, 16.930945979673254], [81.60386588580207, 16.92270371920131], [81.62321558293286, 16.925920954788296], [81.63829646810757, 16.922228279111835], [81.65346566400922, 16.929221398348886], [81.66237266106953, 16.918501430996287], [81.67745642497408, 16.919298179967086], [81.68397431636168, 16.909318414013626], [81.6886335500983, 16.91087537519843], [81.6900270577026, 16.92009034239544], [81.6978816042527, 16.921762415902833], [81.72442333087207, 16.914947967674607], [81.73121257110336, 16.91423347159747], [81.73318354058796, 16.880081825715706], [81.74667159511807, 16.866596039275862], [81.75159389224439, 16.851133284873242], [81.75328223628622, 16.824858009389686], [81.74655373536666, 16.811370121234177], [81.75008461851041, 16.805498372052284], [81.74453893652276, 16.79346464267917], [81.7650201228804, 16.76148847751125], [81.79085438072514, 16.745478207753138], [81.79483274763328, 16.733071506145166], [81.78499927889368, 16.709338679736334], [81.80214864164657, 16.69401104487389], [81.78875749716082, 16.67875729291478], [81.77673009901491, 16.6759360486098], [81.76665852756906, 16.6674293577787], [81.76081731666591, 16.67078764303534], [81.76203978310957, 16.68291929149217], [81.7523838864073, 16.695092563271203], [81.75061248817582, 16.708577525932128], [81.72309257975883, 16.72349850984841], [81.72401046561055, 16.7586253508793], [81.67396976689128, 16.757756186698714], [81.66896409811471, 16.768180503727308], [81.64946922432529, 16.769756874979862], [81.64341532555687, 16.778133157819013], [81.6305503815949, 16.782293811010618], [81.62655796817575, 16.794250347075888], [81.63837426755845, 16.81674662815442], [81.65137033177547, 16.8431509104862], [81.63563912344682, 16.851056543025095], [81.61935686992365, 16.887602364057898], [81.60299238509054, 16.896053491175735], [81.5714354092168, 16.89755231298892], [81.54852845632325, 16.913942711786774], [81.5507985987764, 16.92566350226889], [81.53359850346823, 16.942743423869956], [81.53468705456396, 16.95268559456457], [81.56319243738113, 16.954419048600244]]]}}, {"type": "Feature", "properties": {"ac_name": "Denduluru", "district_key": "Eluru", "display": "Denduluru"}, "geometry": {"type": "Polygon", "coordinates": [[[81.18620158913211, 16.872786494701018], [81.20799390159732, 16.865777991661048], [81.21208488610864, 16.847860483774355], [81.2186267345362, 16.846097346715226], [81.22059349609304, 16.82526988449763], [81.21272781143938, 16.810693775297523], [81.21539416820633, 16.782222225875046], [81.21103418567918, 16.76351919705337], [81.24065958866913, 16.74090218378882], [81.24232056903907, 16.706827716825728], [81.1783348459764, 16.685185574055026], [81.14976898375164, 16.708559265198005], [81.15308271299688, 16.732872418727197], [81.14554931794675, 16.746098341565244], [81.12887749879758, 16.74388876575398], [81.11511702523057, 16.72568564038005], [81.10074222387459, 16.735989488723988], [81.0930249651301, 16.744691187648243], [81.08445116868654, 16.77489214145919], [81.07155202530578, 16.777394023015802], [81.07101005157267, 16.760010713323823], [81.07903991555969, 16.736162840242912], [81.07130749514482, 16.731956946655828], [81.06594833075093, 16.746124131423585], [81.06131620078207, 16.75072239742076], [81.05551488110694, 16.74888478390568], [81.06486158279586, 16.726502831840264], [81.05530396760406, 16.716106982851045], [81.06180871719857, 16.708966904499107], [81.0627607691942, 16.689410456827147], [81.07544736500392, 16.68662051342602], [81.10157515706788, 16.692739014993606], [81.10684895871253, 16.68309605144168], [81.10568395355165, 16.678689033472153], [81.09110798014922, 16.675564831851545], [81.0805010323968, 16.657713089587446], [81.09426984897442, 16.63416604872424], [81.09162762101795, 16.60565110251639], [81.0868727938444, 16.592665100813804], [81.09213573257807, 16.592918463216563], [81.09489526450488, 16.587605318031024], [81.07877849792942, 16.57519075005314], [81.04972394320549, 16.570317597279313], [81.04007190459475, 16.566292014165185], [81.0398396915486, 16.56193279066582], [81.02775218271711, 16.5623200522287], [81.0224392362818, 16.557009435037457], [81.0185279246241, 16.562053782755925], [81.01144330836206, 16.560469232169396], [81.00634777482998, 16.586448813262166], [80.97292238725845, 16.62658636197108], [80.96943751882651, 16.64678584199305], [80.95406160475932, 16.66557346014713], [80.95424771226214, 16.67112197589853], [80.97596054174568, 16.665381285817716], [80.99546912480031, 16.635868993259464], [81.0110965063987, 16.636646477852707], [81.01856828349952, 16.650494394300893], [80.99870432344585, 16.66491849918941], [81.00731358555356, 16.672422659977826], [80.98985077759136, 16.681629478417733], [80.98148415976624, 16.723574695915545], [80.98935474302704, 16.722009836884524], [80.99328789741861, 16.727427093885296], [81.000710094895, 16.752479452364867], [81.01729028391952, 16.777059643387872], [81.02715173866187, 16.77654726274602], [81.03223305750964, 16.782793566070268], [81.04275562277383, 16.78550339606494], [81.03681256095098, 16.807989183853806], [81.02460119389002, 16.807861302956837], [81.01638267012419, 16.821438222196264], [80.99841337387818, 16.826474131575935], [80.99957563880474, 16.83707486321441], [80.98304264530191, 16.87424532366282], [81.00311961337951, 16.866091457554774], [81.02196504624993, 16.87099536804186], [81.03864305273476, 16.864581392417392], [81.05619233231033, 16.86803639436414], [81.06288851968947, 16.88614800742465], [81.08715298482247, 16.9130957069014], [81.12329803287798, 16.905352322851456], [81.15628340825276, 16.87966400159246], [81.18620158913211, 16.872786494701018]]]}}, {"type": "Feature", "properties": {"ac_name": "Ungutur", "district_key": "Eluru", "display": "Ungutur"}, "geometry": {"type": "Polygon", "coordinates": [[[81.45784045966951, 16.89248601821521], [81.45553933017601, 16.88323048080207], [81.46051707770101, 16.858139616050494], [81.49173300637318, 16.803560389700294], [81.49298637891832, 16.791753239120737], [81.47386053833321, 16.787317887110873], [81.46786481940597, 16.771206663956434], [81.47096631314491, 16.75717607631492], [81.44309090272304, 16.753076483492976], [81.43607032538529, 16.74792784319544], [81.44336492884844, 16.72180993018418], [81.45929478932311, 16.72146752230833], [81.47799502125326, 16.731034425698226], [81.49916372132873, 16.721687539648258], [81.5125289347626, 16.733653484420813], [81.5223810275624, 16.72858746034308], [81.52911396213972, 16.733190207662005], [81.5385564434252, 16.73049677590552], [81.54795748664873, 16.755839288052755], [81.55456732742027, 16.758858825674338], [81.56287962979115, 16.74611118118611], [81.56366463361599, 16.717015683926718], [81.58941012837477, 16.718600206634278], [81.59668479926415, 16.709904842534513], [81.59612907579628, 16.702559225927587], [81.5725961515912, 16.689545993652757], [81.56676791071055, 16.67883887581354], [81.5514015429469, 16.674232640923663], [81.54743098934875, 16.663878190426203], [81.55493855676906, 16.64697717006038], [81.54231676520658, 16.637070723135423], [81.52930771747725, 16.65191558213843], [81.52759503148559, 16.665829990861425], [81.50888465700137, 16.667816042876154], [81.4986779435323, 16.662078875439818], [81.48963555353805, 16.66914872483386], [81.47619647968384, 16.669599338238925], [81.4678009360644, 16.674858935091834], [81.44466607248131, 16.669561566712957], [81.43527186230665, 16.656352778657833], [81.38562935371175, 16.66549544306031], [81.3436865077262, 16.659699512122813], [81.33163873454004, 16.659363706170154], [81.33035699647826, 16.685633035336366], [81.32891157820683, 16.689237749222798], [81.30729954563759, 16.692803013448383], [81.27901820912314, 16.65128074890748], [81.23533833879338, 16.665032178891977], [81.23513852742116, 16.673781507710487], [81.24806560464401, 16.69367445291374], [81.24760594046182, 16.70194868338507], [81.24232056903907, 16.706827716825728], [81.24065958866913, 16.74090218378882], [81.21103418567918, 16.76351919705337], [81.21539416820633, 16.782222225875046], [81.21272781143938, 16.810693775297523], [81.22059349609304, 16.82526988449763], [81.2186267345362, 16.846097346715226], [81.24386548650307, 16.846259876691988], [81.24935119270344, 16.824583699078516], [81.25563907078657, 16.817756979600972], [81.26878367062994, 16.823294477757997], [81.26735343561262, 16.84836759978498], [81.27016067027876, 16.851750707229428], [81.2830253678265, 16.85122565424058], [81.29006973133312, 16.8458423790226], [81.28648589790595, 16.82955851931024], [81.29603646331219, 16.822218911973266], [81.32246870646571, 16.82826661171481], [81.35278896074198, 16.869315018073678], [81.35623448113643, 16.88962117747542], [81.36254093381712, 16.89780064998007], [81.3809614505106, 16.89989440030638], [81.4038048222348, 16.892882551788375], [81.44645082294716, 16.89744300129354], [81.45784045966951, 16.89248601821521]]]}}, {"type": "Feature", "properties": {"ac_name": "Nandigama_SC", "district_key": "Ntr", "display": "Nandigama (SC)"}, "geometry": {"type": "Polygon", "coordinates": [[[80.32178769144883, 16.879296436081688], [80.34434293208074, 16.87452401007505], [80.34051792476248, 16.85968953104708], [80.37364529949105, 16.85205647042983], [80.37272841998066, 16.840203159448322], [80.38012679621471, 16.84168695718739], [80.37344275777713, 16.82983047429701], [80.38173055182358, 16.816010699434287], [80.38534926095969, 16.817128753689076], [80.38569689389658, 16.82532368374109], [80.39863731346128, 16.83330397979489], [80.40438105044518, 16.83244191126522], [80.40800315272338, 16.848705284421385], [80.37832231642182, 16.85271436317737], [80.3828412316376, 16.865447007873172], [80.4263444436412, 16.849829914518978], [80.42835945922172, 16.838118339389894], [80.44076702867551, 16.834106970060645], [80.45362573404043, 16.822732488713427], [80.46497493094836, 16.820278765852436], [80.46499838077074, 16.79522186669584], [80.48551395900205, 16.791996208957926], [80.50329888613476, 16.779862354464115], [80.50194969981885, 16.75911081391297], [80.51319387839482, 16.73101021954602], [80.51119747338475, 16.711434922983358], [80.50319677890826, 16.70809007719538], [80.50007867559049, 16.69554198957121], [80.48114730800194, 16.68346829522568], [80.456573140638, 16.642389927053557], [80.42496739093241, 16.623098619305892], [80.41030846226579, 16.584796630959772], [80.3888673305629, 16.58611101710983], [80.36745547628925, 16.587811095505685], [80.33131338340598, 16.611757792388232], [80.25261639473086, 16.61113203781332], [80.22795849508856, 16.618911746380036], [80.18153647762642, 16.642747379687876], [80.16270739263211, 16.641926595436075], [80.14101516122076, 16.65058666564215], [80.13646461235203, 16.658058857330445], [80.13717062692297, 16.66985879714582], [80.14893736556701, 16.68795075822095], [80.14107932065417, 16.70558828377233], [80.14420754764029, 16.73486591173247], [80.13407555164542, 16.762248144736134], [80.13150394834861, 16.78849006886162], [80.14274123541975, 16.78682253872921], [80.15974771838256, 16.793046099997582], [80.1701631716931, 16.783589236753926], [80.17603224539187, 16.783780344487354], [80.18244497545533, 16.7934432855792], [80.20166532399554, 16.79552724678507], [80.23474338170178, 16.791570482491807], [80.25015755922402, 16.797668265478137], [80.26687558464056, 16.793686920015375], [80.27217727246324, 16.795886254347238], [80.27443773821113, 16.80804775759799], [80.30183496920853, 16.80685504882149], [80.30762449157709, 16.815991150870957], [80.29448113099943, 16.83302334185379], [80.29458778969479, 16.842767413485376], [80.3096139295393, 16.84447619372139], [80.31894796427719, 16.851538376395013], [80.32601034570092, 16.861400308677332], [80.32178769144883, 16.879296436081688]]]}}, {"type": "Feature", "properties": {"ac_name": "Ramachandrapuram", "district_key": "Dr.B.R.Ambedkar_Konaseema", "display": "Ramachandrapuram"}, "geometry": {"type": "Polygon", "coordinates": [[[82.09083115243578, 16.865448536720635], [82.10146066687633, 16.849316542824226], [82.08601027995053, 16.834897090128663], [82.09332109459291, 16.8211222804689], [82.10748511014975, 16.828044667127756], [82.12849646484005, 16.807876832449892], [82.13408379263296, 16.807832990500174], [82.14279461517941, 16.816673646371726], [82.15009681791389, 16.831153404006443], [82.14817093234274, 16.847940616066637], [82.15147797332986, 16.85296048154106], [82.17665253618566, 16.845142666900585], [82.19564368620723, 16.84499288301521], [82.20834247682393, 16.80894798256338], [82.21121592317638, 16.78018988305672], [82.22126346563647, 16.77214988191156], [82.21905780097677, 16.764073240587607], [82.19185310583623, 16.752809407328357], [82.18164803093197, 16.7391708674416], [82.16736856131013, 16.735164669214157], [82.15918014864502, 16.723699984067082], [82.15335043737286, 16.72553482856955], [82.15186582304938, 16.733230503584934], [82.14011584327159, 16.73420450173643], [82.12421336715323, 16.71492876215268], [82.12874819227534, 16.709607052723356], [82.15686514710893, 16.710539795375325], [82.16328798015621, 16.6818931947152], [82.14959289629519, 16.677184555822635], [82.12545992553521, 16.677978483620166], [82.10540472105112, 16.684077336799703], [82.06606953847847, 16.672841280001137], [82.05819408718742, 16.676744916844484], [82.03982585887633, 16.667565249836457], [82.02854111727879, 16.67019962491281], [82.01883145370869, 16.68010570131713], [82.0229849698805, 16.70141430802397], [82.01581105183863, 16.70542435534975], [82.01568266462334, 16.722694473671083], [81.99847081337737, 16.73342031089868], [81.99339249017135, 16.744489523672655], [81.98125702049515, 16.74717662330255], [81.98072264873133, 16.75122264890615], [82.01850472461342, 16.759954239496608], [82.02813151116038, 16.791081973454368], [82.02353685773983, 16.804452205105235], [82.00748596110827, 16.82326263366366], [82.02893657886011, 16.83179028409438], [82.02427776150955, 16.851940814017382], [82.03951000798054, 16.8509304364905], [82.05200013339947, 16.857143390255317], [82.07429460121494, 16.867537303903475], [82.09083115243578, 16.865448536720635]]]}}, {"type": "Feature", "properties": {"ac_name": "Pedakurapadu", "district_key": "Palnadu", "display": "Pedakurapadu"}, "geometry": {"type": "Polygon", "coordinates": [[[80.07292100500041, 16.81819905754054], [80.11364581640134, 16.823274610834687], [80.12577037730114, 16.808210845154406], [80.13150394834861, 16.78849006886162], [80.13407555164542, 16.762248144736134], [80.14420754764029, 16.73486591173247], [80.14107932065417, 16.70558828377233], [80.14893736556701, 16.68795075822095], [80.13717062692297, 16.66985879714582], [80.13646461235203, 16.658058857330445], [80.14101516122076, 16.65058666564215], [80.16270739263211, 16.641926595436075], [80.18153647762642, 16.642747379687876], [80.22795849508856, 16.618911746380036], [80.25261639473086, 16.61113203781332], [80.33131338340598, 16.611757792388232], [80.36745547628925, 16.587811095505685], [80.3888673305629, 16.58611101710983], [80.40228205347404, 16.555859139187987], [80.39482160783098, 16.519906198911997], [80.4050062996011, 16.50340973856862], [80.41412431538492, 16.498666285121033], [80.42550453350748, 16.471224405481962], [80.40321776838533, 16.474407045049134], [80.38604200243651, 16.470934863353307], [80.37669914894661, 16.4593778924758], [80.36025499407276, 16.449536677875415], [80.32107090120121, 16.457304408371783], [80.30852331629808, 16.44601256392872], [80.3042886866736, 16.418429680485417], [80.2805083122089, 16.41840601572511], [80.27100754945889, 16.412156401097093], [80.25021331719091, 16.4211070170752], [80.24330989723404, 16.433848454442682], [80.22406460419819, 16.441625310359825], [80.21811863846443, 16.451858933343146], [80.20503468530256, 16.459551100103226], [80.20431288583109, 16.469386085099813], [80.21051796872933, 16.474323209348654], [80.21118710570045, 16.480967667723746], [80.19771684335768, 16.491031235203366], [80.18255078069404, 16.492885830616615], [80.1822778175673, 16.503647850268123], [80.167637320506, 16.5111971021646], [80.1582904326574, 16.50799586371818], [80.1469128891186, 16.4770045038548], [80.13815673354645, 16.472198882972123], [80.12435349541755, 16.483747886755623], [80.09904603254842, 16.47040824554415], [80.08538936862453, 16.47956208132507], [80.07190692406533, 16.47221016316854], [80.06679815161345, 16.462049475203173], [80.05002711745755, 16.459259366326762], [80.0304906985869, 16.466809785543205], [80.00072128805704, 16.451892044582223], [79.99421179274009, 16.45813832542342], [79.99127421573252, 16.470428982111912], [79.96075797849795, 16.46456667671083], [79.95808260422888, 16.473378413083367], [79.97131688896332, 16.4768909032926], [79.98206426765188, 16.505923790650456], [79.99548751343804, 16.51687469041468], [79.98397769851204, 16.52607013512869], [79.98466913057598, 16.539749363942065], [79.97815999139056, 16.544843286788307], [79.97022529006512, 16.540890627900183], [79.956120656743, 16.513000534247283], [79.94648874675829, 16.512276931635142], [79.94528187545825, 16.52450223279186], [79.95699804882094, 16.542642793230357], [79.95069724658072, 16.5665232946144], [79.94514772718594, 16.571140474253525], [79.90955571452469, 16.56385692885425], [79.90545839159154, 16.570105680133054], [79.90709492748897, 16.578703797842024], [79.92030500427256, 16.59243930083312], [79.90802494699375, 16.596337688333676], [79.9046325513512, 16.60284036049427], [79.9076114710926, 16.63573127108134], [79.93237278107904, 16.63164751532065], [79.96162571905177, 16.642916688754212], [79.97939629570254, 16.665677960469566], [79.9975486192734, 16.70227990279534], [80.00764263599893, 16.70930206473855], [80.03095570114476, 16.715251927234704], [80.0379463229645, 16.729793668842774], [80.05294109985192, 16.74444579233949], [80.05430861525048, 16.766654803876122], [80.06686335875708, 16.788400462211598], [80.07292100500041, 16.81819905754054]]]}}, {"type": "Feature", "properties": {"ac_name": "Tanuku", "district_key": "West_Godavari", "display": "Tanuku"}, "geometry": {"type": "Polygon", "coordinates": [[[81.63837426755845, 16.81674662815442], [81.62655796817575, 16.794250347075888], [81.6305503815949, 16.782293811010618], [81.64341532555687, 16.778133157819013], [81.64946922432529, 16.769756874979862], [81.66896409811471, 16.768180503727308], [81.67396976689128, 16.757756186698714], [81.72401046561055, 16.7586253508793], [81.72309257975883, 16.72349850984841], [81.75061248817582, 16.708577525932128], [81.7523838864073, 16.695092563271203], [81.76203978310957, 16.68291929149217], [81.76081731666591, 16.67078764303534], [81.73738372437941, 16.66367005043253], [81.73139009727521, 16.65386913984895], [81.73190101292147, 16.641840579779], [81.71158504371488, 16.648804357734946], [81.69818693308054, 16.636333027247474], [81.690119050254, 16.63617553257484], [81.68055267386688, 16.644732059337116], [81.68366357001781, 16.659293916980744], [81.67641770980953, 16.667336788761816], [81.67375852423658, 16.681662621133114], [81.65405464710432, 16.686405572759043], [81.64572354530543, 16.67738249750431], [81.64712176715591, 16.663542209105742], [81.62982913340784, 16.66680077843324], [81.62403826835146, 16.663166800607428], [81.6242422786583, 16.64940175488715], [81.6175623815987, 16.64229262400545], [81.61076277578155, 16.621346210259446], [81.59819147575604, 16.59979957099347], [81.58096681007027, 16.589014016084036], [81.57227174004885, 16.603098822952347], [81.57109336646573, 16.6276772809818], [81.54320844391464, 16.632383873916694], [81.54231676520658, 16.637070723135423], [81.55493855676906, 16.64697717006038], [81.54743098934875, 16.663878190426203], [81.5514015429469, 16.674232640923663], [81.56676791071055, 16.67883887581354], [81.5725961515912, 16.689545993652757], [81.59612907579628, 16.702559225927587], [81.59668479926415, 16.709904842534513], [81.58941012837477, 16.718600206634278], [81.59222484270236, 16.730749266865246], [81.60619086081965, 16.74892052206451], [81.604383994226, 16.77424906414302], [81.59536063208753, 16.78105167009852], [81.60228167066265, 16.801363596852582], [81.61399805446672, 16.80602804305977], [81.61536408958113, 16.81564866655276], [81.6210470368913, 16.819800526173367], [81.63837426755845, 16.81674662815442]]]}}, {"type": "Feature", "properties": {"ac_name": "Eluru", "district_key": "Eluru", "display": "Eluru"}, "geometry": {"type": "Polygon", "coordinates": [[[81.10074222387459, 16.735989488723988], [81.11511702523057, 16.72568564038005], [81.12887749879758, 16.74388876575398], [81.14554931794675, 16.746098341565244], [81.15308271299688, 16.732872418727197], [81.14976898375164, 16.708559265198005], [81.1783348459764, 16.685185574055026], [81.24232056903907, 16.706827716825728], [81.24760594046182, 16.70194868338507], [81.24806560464401, 16.69367445291374], [81.23513852742116, 16.673781507710487], [81.23533833879338, 16.665032178891977], [81.27901820912314, 16.65128074890748], [81.27350410682914, 16.621914202278674], [81.26532619195024, 16.606825538867554], [81.23754552780395, 16.592619544756246], [81.24207656048492, 16.576273245114237], [81.23647274182366, 16.57012444718555], [81.23401433889069, 16.574768646056214], [81.2281678363766, 16.57387976334047], [81.20771147760269, 16.59691222471946], [81.20085420545729, 16.612821542879942], [81.18899947894283, 16.62159356519095], [81.16748847171567, 16.61986582634688], [81.151501057328, 16.594933669453326], [81.14227315967861, 16.59843099889156], [81.13700632238391, 16.606957177132074], [81.115615844096, 16.592620460266062], [81.10082714056017, 16.605642942967506], [81.09162762101795, 16.60565110251639], [81.09426984897442, 16.63416604872424], [81.0805010323968, 16.657713089587446], [81.09110798014922, 16.675564831851545], [81.10568395355165, 16.678689033472153], [81.10684895871253, 16.68309605144168], [81.10157515706788, 16.692739014993606], [81.07544736500392, 16.68662051342602], [81.0627607691942, 16.689410456827147], [81.06180871719857, 16.708966904499107], [81.05530396760406, 16.716106982851045], [81.06486158279586, 16.726502831840264], [81.05551488110694, 16.74888478390568], [81.06131620078207, 16.75072239742076], [81.06594833075093, 16.746124131423585], [81.07130749514482, 16.731956946655828], [81.07903991555969, 16.736162840242912], [81.07101005157267, 16.760010713323823], [81.07155202530578, 16.777394023015802], [81.08445116868654, 16.77489214145919], [81.0930249651301, 16.744691187648243], [81.10074222387459, 16.735989488723988]]]}}, {"type": "Feature", "properties": {"ac_name": "Gurajala", "district_key": "Palnadu", "display": "Gurajala"}, "geometry": {"type": "Polygon", "coordinates": [[[79.52543944417505, 16.63103592506792], [79.54339000574424, 16.633212118944186], [79.57609768216236, 16.650397827797576], [79.59731117656958, 16.67312338743443], [79.63309387967888, 16.660628962356782], [79.64969132489477, 16.670668998175756], [79.66492109553218, 16.68825306982336], [79.68382497084576, 16.694889567399684], [79.698812754605, 16.69168830826885], [79.72420822243157, 16.691257459264364], [79.74442676178569, 16.719183835165893], [79.77279016773213, 16.730897429273], [79.78585193821641, 16.730467250263416], [79.8172823911695, 16.69219994517141], [79.85108155227186, 16.70617106154532], [79.87837890726081, 16.697005525584586], [79.88596175513095, 16.686423067270766], [79.89291235172374, 16.652164326522495], [79.9076114710926, 16.63573127108134], [79.9046325513512, 16.60284036049427], [79.90802494699375, 16.596337688333676], [79.92030500427256, 16.59243930083312], [79.90709492748897, 16.578703797842024], [79.90545839159154, 16.570105680133054], [79.90955571452469, 16.56385692885425], [79.94514772718594, 16.571140474253525], [79.95069724658072, 16.5665232946144], [79.95699804882094, 16.542642793230357], [79.94528187545825, 16.52450223279186], [79.94648874675829, 16.512276931635142], [79.956120656743, 16.513000534247283], [79.97022529006512, 16.540890627900183], [79.97815999139056, 16.544843286788307], [79.98466913057598, 16.539749363942065], [79.98397769851204, 16.52607013512869], [79.99548751343804, 16.51687469041468], [79.98206426765188, 16.505923790650456], [79.97131688896332, 16.4768909032926], [79.95808260422888, 16.473378413083367], [79.95023812379043, 16.47215913563565], [79.94122119180463, 16.46166594312882], [79.91620102096039, 16.460266614212912], [79.86709795810435, 16.434784727832948], [79.8411535351076, 16.416051704822394], [79.83271691585304, 16.404430632068056], [79.8380687183967, 16.40082851992031], [79.85065166194471, 16.407332366595483], [79.85028639510114, 16.396300707711532], [79.83169493707175, 16.36008937692327], [79.82107428814794, 16.35038382685218], [79.79485217069117, 16.354615372701346], [79.77722475801625, 16.371261123202316], [79.78101457756077, 16.41077202430955], [79.76067158372666, 16.424380254345294], [79.75854339116461, 16.4306338619632], [79.78144262697572, 16.484652028268556], [79.78157896959385, 16.498356010021894], [79.76631443926004, 16.50605683905195], [79.74281282315332, 16.486825589829152], [79.73702664536347, 16.48628698315781], [79.72538388725667, 16.508037655213684], [79.72927791754194, 16.54320297193965], [79.72557905992574, 16.547760470769163], [79.70003357169202, 16.517482333542887], [79.67204106414385, 16.51348517889795], [79.66464990137189, 16.48271205931411], [79.62577161666684, 16.4823966140126], [79.59138596718867, 16.442646084049613], [79.57470005386443, 16.44885626610386], [79.56725222211242, 16.472631101644083], [79.5458156535696, 16.470708108292627], [79.5520228417808, 16.491127115524023], [79.55934924347287, 16.497734819506377], [79.5510787892548, 16.502381251393672], [79.5519427292736, 16.507740621732353], [79.5811329809024, 16.515668856032903], [79.58388339999897, 16.53817687236483], [79.57874846267146, 16.563293213111365], [79.56815450742465, 16.568085593275555], [79.57163217048833, 16.590954713489282], [79.55479152520877, 16.5867231577476], [79.5265748076813, 16.598371548308364], [79.5227380426266, 16.609772206222374], [79.52543944417505, 16.63103592506792]]]}}, {"type": "Feature", "properties": {"ac_name": "Gannavaram", "district_key": "Krishna", "display": "Gannavaram"}, "geometry": {"type": "Polygon", "coordinates": [[[80.68684339580614, 16.68890370324334], [80.69169958376881, 16.689235289577027], [80.70196395547225, 16.70274782185453], [80.70808218454522, 16.699620230689163], [80.69439204335816, 16.682994190629472], [80.69274789919626, 16.656455600845334], [80.69453688816691, 16.635477761189804], [80.70702644341571, 16.627032095654727], [80.74340368922896, 16.62746742058505], [80.76395731238011, 16.634225002881635], [80.78393801252929, 16.632775821846735], [80.79455515589581, 16.646753983509598], [80.80597956220709, 16.646422748810835], [80.8179057209723, 16.654903176740277], [80.81646279202431, 16.67642658022254], [80.8229881217045, 16.680193546195255], [80.82641100256575, 16.677203999165272], [80.82505641492168, 16.6521805098227], [80.83630487606922, 16.64572139003019], [80.84099848369311, 16.618833767064757], [80.8556562711201, 16.618740291531253], [80.866720864976, 16.630410238841478], [80.88523387963988, 16.622284121315204], [80.89219461698804, 16.63201588482525], [80.8854352998992, 16.643533515759202], [80.88938519696933, 16.66018637000502], [80.89599831037378, 16.671682851582375], [80.90884098262529, 16.677150659475387], [80.9317195565124, 16.703261608136756], [80.94357591079972, 16.695979702201555], [80.94092035309188, 16.68235133094919], [80.95424771226214, 16.67112197589853], [80.95406160475932, 16.66557346014713], [80.96943751882651, 16.64678584199305], [80.97292238725845, 16.62658636197108], [81.00634777482998, 16.586448813262166], [81.01144330836206, 16.560469232169396], [80.99774658054031, 16.551764506127085], [80.98190869912725, 16.555573739336637], [80.98025466961735, 16.540455826375364], [80.97385041026826, 16.53807337838373], [80.95822268962547, 16.55368247226835], [80.94024189824506, 16.553203378233377], [80.93328500190137, 16.545326405289416], [80.92786234087441, 16.51753010373136], [80.90248835695218, 16.45321906350904], [80.88003376214846, 16.462053147135066], [80.85428026702078, 16.448829763982474], [80.84725895673552, 16.4378977328941], [80.83430411564245, 16.4416738899381], [80.8217660536605, 16.43974894056123], [80.8120339915755, 16.449823697405748], [80.8155319937066, 16.468696873461965], [80.82233893979031, 16.474606490397264], [80.83569081447956, 16.471739004751328], [80.83995964981807, 16.474962442962408], [80.82478200928239, 16.49329940544328], [80.82667930450634, 16.508758961856643], [80.8127168477044, 16.51072524047754], [80.79153309027993, 16.499293863521018], [80.77913355447004, 16.517283358540226], [80.76270686173234, 16.51942990806384], [80.75763086417311, 16.529154933853192], [80.76156111915037, 16.53950853089401], [80.75816952300517, 16.5453888128435], [80.74815738325668, 16.544021359498174], [80.74366635062165, 16.531771637251325], [80.73740288103818, 16.527464092393984], [80.71862777245377, 16.530761031296606], [80.69234405683284, 16.546318547263184], [80.68554109294712, 16.54510347684402], [80.66674754826079, 16.550138396969487], [80.66068836327742, 16.566011391512575], [80.65477904761502, 16.5694739297781], [80.64905554357853, 16.56482101737612], [80.65028822362268, 16.5499699710374], [80.63205543680903, 16.560175785184413], [80.62601554678014, 16.55740431205942], [80.61328077968432, 16.56260597188816], [80.60666529206964, 16.558112072214385], [80.5910722771639, 16.51588003213783], [80.55500909079694, 16.534400203606538], [80.55401533903671, 16.542193799504275], [80.56296241348463, 16.551235141788425], [80.57880218886999, 16.597190563993365], [80.58743668235707, 16.605685583422996], [80.59895073848583, 16.60742257359294], [80.61901392805038, 16.631713574122216], [80.64365081952974, 16.64781631307244], [80.66833653969962, 16.69375795046909], [80.67805450671017, 16.703989447455058], [80.68577163865024, 16.701383544914734], [80.68684339580614, 16.68890370324334]]]}}, {"type": "Feature", "properties": {"ac_name": "Gannavaram_SC", "district_key": "Dr.B.R.Ambedkar_Konaseema", "display": "Gannavaram (SC)"}, "geometry": {"type": "Polygon", "coordinates": [[[81.96306770241262, 16.68282516754749], [81.99241015260651, 16.678891736164758], [81.99897154330216, 16.684654007276663], [81.99442495774565, 16.700579242538083], [82.01581105183863, 16.70542435534975], [82.0229849698805, 16.70141430802397], [82.01883145370869, 16.68010570131713], [82.02854111727879, 16.67019962491281], [82.03982585887633, 16.667565249836457], [82.05819408718742, 16.676744916844484], [82.06606953847847, 16.672841280001137], [82.08735436171446, 16.665067374759587], [82.08599254442044, 16.63213931317881], [82.06740916050444, 16.613377210589874], [82.04343416465503, 16.603674903474086], [82.02906392735844, 16.610199350919345], [82.01165150481313, 16.605641415918683], [81.98950652770412, 16.61375748891703], [81.97997735716933, 16.6130102808998], [81.97746939259844, 16.600458126541355], [81.99180111732778, 16.588150519430997], [81.9609605557851, 16.57479898378614], [81.96211844281197, 16.560458203783128], [81.9676383942965, 16.551989020976578], [81.96450479206254, 16.530826274413073], [81.95427177342367, 16.53831329232463], [81.94310087970189, 16.55676729707318], [81.93706927512699, 16.558640783645274], [81.92632869980969, 16.544988565070298], [81.92644563146081, 16.52577364124062], [81.92071892673715, 16.51441495018986], [81.90302830970876, 16.512114774877034], [81.88133095216176, 16.49627661737202], [81.86367207220843, 16.501974066250227], [81.86369366403142, 16.505251575300008], [81.84842748613966, 16.50546375594763], [81.84488665199746, 16.529624361075435], [81.85400066579814, 16.559106353675304], [81.85840265206082, 16.597921237075468], [81.84460196800649, 16.641211627214886], [81.88235225735087, 16.650811744366536], [81.8832861061689, 16.663578147813325], [81.89290928913243, 16.6677189781484], [81.91733484892421, 16.66851094812182], [81.92060447002035, 16.656548071836085], [81.9353439869355, 16.657583912767393], [81.95958485835456, 16.672336774722453], [81.96306770241262, 16.68282516754749]]]}}, {"type": "Feature", "properties": {"ac_name": "Kaikalur", "district_key": "Eluru", "display": "Kaikalur"}, "geometry": {"type": "Polygon", "coordinates": [[[81.33035699647826, 16.685633035336366], [81.33163873454004, 16.659363706170154], [81.32761936214388, 16.619697445380837], [81.34525543169286, 16.604230721370755], [81.35448483210939, 16.610614660538204], [81.35733180871608, 16.596484866883145], [81.3505776132663, 16.597475310037566], [81.35327924054457, 16.592010774777464], [81.34619393630118, 16.591423882606136], [81.34895136381442, 16.565163908187856], [81.34360933959942, 16.53062962775516], [81.33951229095953, 16.52752078925306], [81.33898254980488, 16.51321398473766], [81.3325747381337, 16.51079715116765], [81.33836408333582, 16.505242896842276], [81.36285298867455, 16.507384298646514], [81.36537053732047, 16.501039004246707], [81.37071328459047, 16.49975527688457], [81.36893855796814, 16.47571136059088], [81.37851865531172, 16.46741363443175], [81.3731859516704, 16.459101179176116], [81.38840779208601, 16.44646041101919], [81.38435486508502, 16.44361514042646], [81.3932950570213, 16.440085416508794], [81.4012695839242, 16.438844807142175], [81.39948343141526, 16.431635738198793], [81.3859610218837, 16.426831222582905], [81.37191989418784, 16.414366071337156], [81.35153180564839, 16.41361316881273], [81.31944961490785, 16.428094923841684], [81.31983988290432, 16.45987751083851], [81.31517982628799, 16.467087567237513], [81.29754916616116, 16.46548213259439], [81.29254830156293, 16.462155569124263], [81.29055725741154, 16.4389887499309], [81.27568711127122, 16.434701925453567], [81.25066144467002, 16.415732476972266], [81.24115163024362, 16.415766657505287], [81.22956656904199, 16.425551602424548], [81.21309978902411, 16.42597078362479], [81.20508449945015, 16.41213875909648], [81.19936598755032, 16.38428377047967], [81.1739059942663, 16.39239234852812], [81.16814079046515, 16.412258138702214], [81.14323959902833, 16.38330680636409], [81.13860171609639, 16.383140134109965], [81.11436927132485, 16.387714128304424], [81.10918431460448, 16.40025058499657], [81.08090210844563, 16.404827535262598], [81.07177493306676, 16.400557429182072], [81.06232543976728, 16.406054708757836], [81.08653361003815, 16.45678968499601], [81.08990220961931, 16.47170073230302], [81.0875374198161, 16.49596558594311], [81.11144136023063, 16.503628977994993], [81.11734269800718, 16.517018541472567], [81.10584101654973, 16.528017674576063], [81.10708216820757, 16.558326624374274], [81.09713150341622, 16.570247307167563], [81.08343389246022, 16.56915530717174], [81.07773009346909, 16.558409105695716], [81.06537404347739, 16.548813239639344], [81.05050671041641, 16.556967416013492], [81.04972394320549, 16.570317597279313], [81.07877849792942, 16.57519075005314], [81.09489526450488, 16.587605318031024], [81.09213573257807, 16.592918463216563], [81.0868727938444, 16.592665100813804], [81.09162762101795, 16.60565110251639], [81.10082714056017, 16.605642942967506], [81.115615844096, 16.592620460266062], [81.13700632238391, 16.606957177132074], [81.14227315967861, 16.59843099889156], [81.151501057328, 16.594933669453326], [81.16748847171567, 16.61986582634688], [81.18899947894283, 16.62159356519095], [81.20085420545729, 16.612821542879942], [81.20771147760269, 16.59691222471946], [81.2281678363766, 16.57387976334047], [81.23401433889069, 16.574768646056214], [81.23647274182366, 16.57012444718555], [81.24207656048492, 16.576273245114237], [81.23754552780395, 16.592619544756246], [81.26532619195024, 16.606825538867554], [81.27350410682914, 16.621914202278674], [81.27901820912314, 16.65128074890748], [81.30729954563759, 16.692803013448383], [81.32891157820683, 16.689237749222798], [81.33035699647826, 16.685633035336366]]]}}, {"type": "Feature", "properties": {"ac_name": "Achanta", "district_key": "West_Godavari", "display": "Achanta"}, "geometry": {"type": "Polygon", "coordinates": [[[81.76081731666591, 16.67078764303534], [81.76665852756906, 16.6674293577787], [81.77673009901491, 16.6759360486098], [81.78875749716082, 16.67875729291478], [81.80214864164657, 16.69401104487389], [81.84460196800649, 16.641211627214886], [81.85840265206082, 16.597921237075468], [81.85400066579814, 16.559106353675304], [81.84488665199746, 16.529624361075435], [81.8313871365072, 16.53174682315739], [81.80962125421757, 16.526299031475162], [81.79097903305598, 16.514568155995676], [81.78899697133323, 16.523532135000096], [81.78084160605533, 16.527380352921], [81.7656138094298, 16.506516689393777], [81.74930362835983, 16.514051017940176], [81.73876124113843, 16.511827624945], [81.73402701653362, 16.515360505482988], [81.73118257511578, 16.53271566549563], [81.70767638145992, 16.541983710679744], [81.69987379503965, 16.550281696742957], [81.69618886972063, 16.565067313805514], [81.68496047514589, 16.565130283435906], [81.68310395698211, 16.58096543090994], [81.6789813262273, 16.580759879165157], [81.67318710400173, 16.612558318511617], [81.66765631838445, 16.613537621763896], [81.6609614206331, 16.607016000887768], [81.64452635700582, 16.60832627533739], [81.63203111714239, 16.604438873055585], [81.62728273540995, 16.61526931222903], [81.61076277578155, 16.621346210259446], [81.6175623815987, 16.64229262400545], [81.6242422786583, 16.64940175488715], [81.62403826835146, 16.663166800607428], [81.62982913340784, 16.66680077843324], [81.64712176715591, 16.663542209105742], [81.64572354530543, 16.67738249750431], [81.65405464710432, 16.686405572759043], [81.67375852423658, 16.681662621133114], [81.67641770980953, 16.667336788761816], [81.68366357001781, 16.659293916980744], [81.68055267386688, 16.644732059337116], [81.690119050254, 16.63617553257484], [81.69818693308054, 16.636333027247474], [81.71158504371488, 16.648804357734946], [81.73190101292147, 16.641840579779], [81.73139009727521, 16.65386913984895], [81.73738372437941, 16.66367005043253], [81.76081731666591, 16.67078764303534]]]}}, {"type": "Feature", "properties": {"ac_name": "Undi", "district_key": "West_Godavari", "display": "Undi"}, "geometry": {"type": "Polygon", "coordinates": [[[81.3436865077262, 16.659699512122813], [81.38562935371175, 16.66549544306031], [81.43527186230665, 16.656352778657833], [81.44466607248131, 16.669561566712957], [81.4678009360644, 16.674858935091834], [81.47619647968384, 16.669599338238925], [81.48963555353805, 16.66914872483386], [81.4986779435323, 16.662078875439818], [81.50888465700137, 16.667816042876154], [81.52759503148559, 16.665829990861425], [81.52930771747725, 16.65191558213843], [81.54231676520658, 16.637070723135423], [81.54320844391464, 16.632383873916694], [81.57109336646573, 16.6276772809818], [81.57227174004885, 16.603098822952347], [81.58096681007027, 16.589014016084036], [81.59819147575604, 16.59979957099347], [81.6123289622119, 16.58704416625534], [81.60603421420768, 16.577086892346244], [81.61360247417491, 16.56250773174645], [81.59718320983734, 16.527735147159376], [81.58179508297678, 16.50807872725153], [81.56881775883255, 16.50509009573136], [81.55246726115524, 16.519799543813917], [81.55142882118321, 16.55028180016501], [81.54514179925468, 16.56288252061188], [81.52966825568552, 16.553191702335255], [81.51841284187918, 16.567487905642395], [81.50803492627091, 16.549811601324393], [81.5049799967295, 16.557626296216654], [81.51141290398238, 16.574303911496372], [81.49444382921939, 16.57969722584636], [81.49063406001392, 16.572910852653763], [81.49100792257764, 16.543609962829578], [81.47962650026284, 16.532084521283707], [81.47266597785267, 16.49845647868358], [81.4628618899643, 16.492714543041757], [81.4529962299921, 16.47304448491508], [81.43007610922513, 16.482753247364542], [81.4162076882343, 16.4528591314438], [81.3932950570213, 16.440085416508794], [81.38435486508502, 16.44361514042646], [81.38840779208601, 16.44646041101919], [81.3731859516704, 16.459101179176116], [81.37851865531172, 16.46741363443175], [81.36893855796814, 16.47571136059088], [81.37071328459047, 16.49975527688457], [81.36537053732047, 16.501039004246707], [81.36285298867455, 16.507384298646514], [81.33836408333582, 16.505242896842276], [81.3325747381337, 16.51079715116765], [81.33898254980488, 16.51321398473766], [81.33951229095953, 16.52752078925306], [81.34360933959942, 16.53062962775516], [81.34895136381442, 16.565163908187856], [81.34619393630118, 16.591423882606136], [81.35327924054457, 16.592010774777464], [81.3505776132663, 16.597475310037566], [81.35733180871608, 16.596484866883145], [81.35448483210939, 16.610614660538204], [81.34525543169286, 16.604230721370755], [81.32761936214388, 16.619697445380837], [81.33163873454004, 16.659363706170154], [81.3436865077262, 16.659699512122813]]]}}, {"type": "Feature", "properties": {"ac_name": "Macherla", "district_key": "Palnadu", "display": "Macherla"}, "geometry": {"type": "Polygon", "coordinates": [[[79.46162776061271, 16.62312019943772], [79.48490490233945, 16.623234925951124], [79.49431601347328, 16.63387216556805], [79.50443944522425, 16.636469533542197], [79.52543944417505, 16.63103592506792], [79.5227380426266, 16.609772206222374], [79.5265748076813, 16.598371548308364], [79.55479152520877, 16.5867231577476], [79.57163217048833, 16.590954713489282], [79.56815450742465, 16.568085593275555], [79.57874846267146, 16.563293213111365], [79.58388339999897, 16.53817687236483], [79.5811329809024, 16.515668856032903], [79.5519427292736, 16.507740621732353], [79.5510787892548, 16.502381251393672], [79.55934924347287, 16.497734819506377], [79.5520228417808, 16.491127115524023], [79.5458156535696, 16.470708108292627], [79.56725222211242, 16.472631101644083], [79.57470005386443, 16.44885626610386], [79.59138596718867, 16.442646084049613], [79.62577161666684, 16.4823966140126], [79.66464990137189, 16.48271205931411], [79.67204106414385, 16.51348517889795], [79.70003357169202, 16.517482333542887], [79.72557905992574, 16.547760470769163], [79.72927791754194, 16.54320297193965], [79.72538388725667, 16.508037655213684], [79.73702664536347, 16.48628698315781], [79.74281282315332, 16.486825589829152], [79.76631443926004, 16.50605683905195], [79.78157896959385, 16.498356010021894], [79.78144262697572, 16.484652028268556], [79.75854339116461, 16.4306338619632], [79.76067158372666, 16.424380254345294], [79.78101457756077, 16.41077202430955], [79.77722475801625, 16.371261123202316], [79.72611269964142, 16.37259883596755], [79.72116889612772, 16.367764399907173], [79.69790177284858, 16.363586349330603], [79.66575571225638, 16.366536239855634], [79.64840873697369, 16.353557591909407], [79.6445819768768, 16.356210785299538], [79.64129194476749, 16.379754483382726], [79.63194755343687, 16.379513974990004], [79.61565489116037, 16.372483109407995], [79.59367562582952, 16.354146154121793], [79.58777229785335, 16.34408206593463], [79.58831897863803, 16.32278696344764], [79.56186333782284, 16.30729885895522], [79.54652782669791, 16.289569412798187], [79.53621712012404, 16.30601575392393], [79.52794336719268, 16.297313691673594], [79.50024851185941, 16.290766942840207], [79.47332204537616, 16.290863508444204], [79.44727389907126, 16.30287987550588], [79.3712164206014, 16.23303830957036], [79.3255668623209, 16.2285376973569], [79.29570177381788, 16.214656157955403], [79.25927368123547, 16.193898410283452], [79.24952389261364, 16.179975278136624], [79.22188192281254, 16.163581299137718], [79.21569894614953, 16.18406791740051], [79.21583812343073, 16.22712688769576], [79.22266305595531, 16.23649418026224], [79.23434272673552, 16.33493032017816], [79.21069849254144, 16.356654963156075], [79.21252144261052, 16.37392545019941], [79.20795088022902, 16.38348131351188], [79.21178771543077, 16.447990030115875], [79.2334668841894, 16.459853761541922], [79.214940681867, 16.48259403768475], [79.22141127880752, 16.515545168674635], [79.22839303241255, 16.524985867503858], [79.24524682218316, 16.532575650945603], [79.2571087666563, 16.566123795077146], [79.28915586225332, 16.56075496926644], [79.30809426703684, 16.574696039290814], [79.31778757643553, 16.574619596017612], [79.33956849269185, 16.58229522244659], [79.35132357432354, 16.579334323320438], [79.37858119456655, 16.584043050346565], [79.41841808462698, 16.580002356823343], [79.4334206847169, 16.592139069362588], [79.44109601167168, 16.61500768415732], [79.46157043332892, 16.62314320319632], [79.46162776061271, 16.62312019943772]]]}}, {"type": "Feature", "properties": {"ac_name": "Bhimavaram", "district_key": "West_Godavari", "display": "Bhimavaram"}, "geometry": {"type": "Polygon", "coordinates": [[[81.63203111714239, 16.604438873055585], [81.64452635700582, 16.60832627533739], [81.6609614206331, 16.607016000887768], [81.66765631838445, 16.613537621763896], [81.67318710400173, 16.612558318511617], [81.6789813262273, 16.580759879165157], [81.67094754119614, 16.55464752756137], [81.63440798034406, 16.5317907721265], [81.63596259969427, 16.52045368189198], [81.62885236984107, 16.493904811957577], [81.63215015230776, 16.489005626508515], [81.63060282556, 16.468441031628345], [81.61286796098767, 16.46053258421142], [81.6050314278582, 16.475652698713134], [81.593560375511, 16.48172343189094], [81.59425934659163, 16.46012895948394], [81.5810784519091, 16.453145492670387], [81.58086308676212, 16.435057503001417], [81.57431209492728, 16.428286898521606], [81.5573767995997, 16.424573382855385], [81.55782449470473, 16.407706003429382], [81.54035418999393, 16.39056677603594], [81.53004952506558, 16.391091235472175], [81.54052136227114, 16.422716518452603], [81.51884880442884, 16.431545415688447], [81.49754701907972, 16.420931006260957], [81.4803494499672, 16.388129928053786], [81.46992458974808, 16.39854046207273], [81.45369409041001, 16.40509462761503], [81.43766653388349, 16.398523444201658], [81.42685177528926, 16.41119683346716], [81.42583614662095, 16.41940963304819], [81.41372881043628, 16.419670952652382], [81.39948343141526, 16.431635738198793], [81.4012695839242, 16.438844807142175], [81.3932950570213, 16.440085416508794], [81.4162076882343, 16.4528591314438], [81.43007610922513, 16.482753247364542], [81.4529962299921, 16.47304448491508], [81.4628618899643, 16.492714543041757], [81.47266597785267, 16.49845647868358], [81.47962650026284, 16.532084521283707], [81.49100792257764, 16.543609962829578], [81.49063406001392, 16.572910852653763], [81.49444382921939, 16.57969722584636], [81.51141290398238, 16.574303911496372], [81.5049799967295, 16.557626296216654], [81.50803492627091, 16.549811601324393], [81.51841284187918, 16.567487905642395], [81.52966825568552, 16.553191702335255], [81.54514179925468, 16.56288252061188], [81.55142882118321, 16.55028180016501], [81.55246726115524, 16.519799543813917], [81.56881775883255, 16.50509009573136], [81.58179508297678, 16.50807872725153], [81.59718320983734, 16.527735147159376], [81.61360247417491, 16.56250773174645], [81.60603421420768, 16.577086892346244], [81.6123289622119, 16.58704416625534], [81.59819147575604, 16.59979957099347], [81.61076277578155, 16.621346210259446], [81.62728273540995, 16.61526931222903], [81.63203111714239, 16.604438873055585]]]}}, {"type": "Feature", "properties": {"ac_name": "Amalapuram_SC", "district_key": "Dr.B.R.Ambedkar_Konaseema", "display": "Amalapuram (SC)"}, "geometry": {"type": "Polygon", "coordinates": [[[82.01165150481313, 16.605641415918683], [82.02906392735844, 16.610199350919345], [82.04343416465503, 16.603674903474086], [82.0519298109121, 16.59241864790232], [82.06179494478096, 16.591668763502696], [82.06866162743222, 16.585129019488704], [82.07873675389811, 16.58998226756762], [82.0865540478311, 16.58544755755878], [82.09353287774019, 16.58733998745049], [82.10936112651484, 16.57239236381656], [82.12565109532187, 16.574932971079818], [82.13497990140138, 16.571470789845137], [82.17380399206064, 16.51122175348121], [81.99204135772254, 16.420409002873214], [81.95775815451526, 16.397492506374135], [81.95536349462964, 16.415294352452463], [81.96555138079162, 16.447013884383296], [81.96247390074996, 16.477577074322596], [81.9740061528617, 16.509734692102427], [81.9722578941865, 16.52360551967905], [81.96450479206254, 16.530826274413073], [81.9676383942965, 16.551989020976578], [81.96211844281197, 16.560458203783128], [81.9609605557851, 16.57479898378614], [81.99180111732778, 16.588150519430997], [81.97746939259844, 16.600458126541355], [81.97997735716933, 16.6130102808998], [81.98950652770412, 16.61375748891703], [82.01165150481313, 16.605641415918683]]]}}, {"type": "Feature", "properties": {"ac_name": "Tadikonda_SC", "district_key": "Guntur", "display": "Tadikonda (SC)"}, "geometry": {"type": "Polygon", "coordinates": [[[80.3888673305629, 16.58611101710983], [80.41030846226579, 16.584796630959772], [80.46716822903062, 16.590710049329346], [80.49848176921836, 16.579669612162945], [80.52879286210094, 16.562912278279043], [80.55401533903671, 16.542193799504275], [80.55500909079694, 16.534400203606538], [80.54811664077039, 16.50457935994956], [80.52669453872204, 16.484031856684908], [80.52141789252175, 16.46852212799388], [80.4978678605134, 16.466285858505614], [80.48683461072875, 16.45412129666056], [80.50651760650237, 16.442751386567295], [80.4937236829017, 16.436740475392696], [80.49344400093997, 16.41668525382147], [80.52232738140361, 16.407166787017673], [80.51492853842137, 16.39832755926949], [80.5166351773716, 16.374206597156785], [80.47997906528167, 16.377168705871156], [80.45416792271152, 16.383063827533647], [80.44613281747559, 16.37553278960661], [80.4406137626151, 16.357468447610813], [80.42963109160166, 16.352376795552743], [80.42604334342559, 16.345122504200276], [80.41752879791574, 16.34751319357906], [80.41428723926475, 16.359538387486623], [80.3875748734817, 16.344584533349575], [80.37777393681779, 16.35848117956283], [80.36147674375678, 16.355125074262844], [80.35296505179576, 16.34110612384859], [80.35993337222743, 16.32202931789874], [80.35312577683317, 16.313072378787297], [80.36271163973043, 16.311096227408996], [80.35982108557471, 16.289451053923074], [80.35058042025025, 16.280627084072705], [80.35131336052325, 16.295663144338675], [80.34229641774556, 16.3011941430953], [80.33670599538544, 16.29682528965543], [80.3335333194072, 16.308241823301557], [80.32634708874718, 16.308347925316525], [80.3101101430687, 16.29481675279095], [80.30754644840994, 16.281812375240975], [80.29159219832133, 16.273660313172968], [80.28266127479804, 16.261893306530908], [80.26976541664072, 16.25930518538604], [80.24906087376036, 16.26658173226116], [80.24012541315733, 16.264717901709844], [80.23563441739452, 16.244840995915297], [80.22955450843386, 16.240922734296817], [80.21756393123047, 16.243257761936206], [80.21446432606785, 16.249514764494847], [80.18576275974362, 16.26840082873531], [80.14905894221647, 16.253759495304507], [80.12704614746178, 16.26814575402335], [80.1179273087983, 16.286916872315828], [80.12555408045648, 16.302665803584034], [80.15438769423673, 16.296475312185976], [80.15467627588947, 16.31774747656482], [80.17364079338796, 16.31940695057034], [80.1769114801807, 16.350246996801502], [80.18039549245805, 16.352693497207156], [80.19089185867239, 16.35132908357042], [80.20504851957355, 16.330189516133316], [80.2137793592301, 16.33126633647231], [80.21375403522063, 16.347700400053498], [80.22327140665016, 16.35829431842808], [80.22420382464685, 16.377307428095378], [80.21546063909727, 16.37991677503919], [80.21526935060012, 16.38502795317754], [80.2366710821048, 16.407007342614804], [80.262422732723, 16.402267749956764], [80.27100754945889, 16.412156401097093], [80.2805083122089, 16.41840601572511], [80.3042886866736, 16.418429680485417], [80.30852331629808, 16.44601256392872], [80.32107090120121, 16.457304408371783], [80.36025499407276, 16.449536677875415], [80.37669914894661, 16.4593778924758], [80.38604200243651, 16.470934863353307], [80.40321776838533, 16.474407045049134], [80.42550453350748, 16.471224405481962], [80.41412431538492, 16.498666285121033], [80.4050062996011, 16.50340973856862], [80.39482160783098, 16.519906198911997], [80.40228205347404, 16.555859139187987], [80.3888673305629, 16.58611101710983]]]}}, {"type": "Feature", "properties": {"ac_name": "Palacole", "district_key": "West_Godavari", "display": "Palacole"}, "geometry": {"type": "Polygon", "coordinates": [[[81.68496047514589, 16.565130283435906], [81.69618886972063, 16.565067313805514], [81.69987379503965, 16.550281696742957], [81.70767638145992, 16.541983710679744], [81.73118257511578, 16.53271566549563], [81.73402701653362, 16.515360505482988], [81.73876124113843, 16.511827624945], [81.74930362835983, 16.514051017940176], [81.7656138094298, 16.506516689393777], [81.78084160605533, 16.527380352921], [81.78899697133323, 16.523532135000096], [81.79097903305598, 16.514568155995676], [81.80962125421757, 16.526299031475162], [81.8313871365072, 16.53174682315739], [81.84488665199746, 16.529624361075435], [81.84842748613966, 16.50546375594763], [81.84479608577078, 16.494738755089543], [81.81980527059682, 16.49046374950251], [81.79971473174953, 16.477722118780832], [81.78537381325094, 16.463644484905103], [81.78208345198976, 16.4507205337257], [81.75546901878027, 16.423508218629422], [81.73641801617856, 16.422359012758307], [81.73012429699878, 16.436244625189374], [81.74936724280406, 16.449891072814808], [81.74926041503619, 16.458413300333575], [81.73473350594662, 16.474280224452855], [81.718189393226, 16.474035501836966], [81.71010828317077, 16.478488363647102], [81.70207548919251, 16.47198037019797], [81.68448185865094, 16.468572355130107], [81.66287095023421, 16.483953172301085], [81.65052535935791, 16.48090373402016], [81.6409725366533, 16.491105583056253], [81.63215015230776, 16.489005626508515], [81.62885236984107, 16.493904811957577], [81.63596259969427, 16.52045368189198], [81.63440798034406, 16.5317907721265], [81.67094754119614, 16.55464752756137], [81.6789813262273, 16.580759879165157], [81.68310395698211, 16.58096543090994], [81.68496047514589, 16.565130283435906]]]}}, {"type": "Feature", "properties": {"ac_name": "Vijayawada_Central", "district_key": "Ntr", "display": "Vijayawada Central"}, "geometry": {"type": "Polygon", "coordinates": [[[80.62601554678014, 16.55740431205942], [80.63205543680903, 16.560175785184413], [80.65028822362268, 16.5499699710374], [80.64905554357853, 16.56482101737612], [80.65477904761502, 16.5694739297781], [80.66068836327742, 16.566011391512575], [80.66674754826079, 16.550138396969487], [80.68554109294712, 16.54510347684402], [80.68376454519768, 16.539082364659464], [80.66191896229031, 16.506962857449935], [80.64262315163717, 16.50592551734877], [80.63711209354835, 16.516417832117327], [80.63923565819914, 16.535809672378548], [80.62685557472503, 16.53792846972317], [80.62601554678014, 16.55740431205942]]]}}, {"type": "Feature", "properties": {"ac_name": "Gudivada", "district_key": "Krishna", "display": "Gudivada"}, "geometry": {"type": "Polygon", "coordinates": [[[81.0224392362818, 16.557009435037457], [81.02775218271711, 16.5623200522287], [81.0398396915486, 16.56193279066582], [81.04007190459475, 16.566292014165185], [81.04972394320549, 16.570317597279313], [81.05050671041641, 16.556967416013492], [81.06537404347739, 16.548813239639344], [81.07773009346909, 16.558409105695716], [81.08343389246022, 16.56915530717174], [81.09713150341622, 16.570247307167563], [81.10708216820757, 16.558326624374274], [81.10584101654973, 16.528017674576063], [81.11734269800718, 16.517018541472567], [81.11144136023063, 16.503628977994993], [81.0875374198161, 16.49596558594311], [81.08990220961931, 16.47170073230302], [81.08653361003815, 16.45678968499601], [81.06232543976728, 16.406054708757836], [81.07177493306676, 16.400557429182072], [81.08090210844563, 16.404827535262598], [81.10918431460448, 16.40025058499657], [81.11436927132485, 16.387714128304424], [81.13860171609639, 16.383140134109965], [81.13690913624771, 16.375050930156362], [81.1050437405762, 16.354619120176324], [81.09999151659525, 16.34088604085815], [81.10513829979277, 16.332143802294695], [81.11819422558312, 16.328221903817848], [81.13503493561382, 16.31442411917783], [81.12276957685452, 16.293392161918803], [81.12189075215656, 16.280617348911562], [81.0962885391848, 16.284400198710273], [81.09454759919242, 16.299078560826956], [81.07844756540288, 16.309162349562826], [81.04566967081871, 16.2832039088334], [81.03596368457642, 16.30488389867304], [81.02871085732028, 16.307843558533477], [81.02804902104555, 16.331312030126128], [81.00617630469276, 16.340476360095977], [81.00912340731946, 16.358058560254392], [80.99435372984084, 16.37168165518426], [81.00133354001093, 16.382311184913306], [80.96926153139464, 16.388470127194637], [80.95573523859042, 16.38544660107982], [80.95920970996019, 16.398797919988056], [80.97487495841267, 16.41603696673269], [80.98130529000719, 16.45036288503917], [80.9797856416941, 16.470534504064176], [80.97197876370905, 16.479050666555054], [80.97202360120826, 16.4984930505139], [80.95187668116398, 16.502694247841305], [80.9483481587406, 16.50817415701181], [80.95113229521928, 16.52781343314348], [80.96738796118552, 16.531373948049293], [80.97385041026826, 16.53807337838373], [80.98025466961735, 16.540455826375364], [80.98190869912725, 16.555573739336637], [80.99774658054031, 16.551764506127085], [81.01144330836206, 16.560469232169396], [81.0185279246241, 16.562053782755925], [81.0224392362818, 16.557009435037457]]]}}, {"type": "Feature", "properties": {"ac_name": "Vijayawada_West", "district_key": "Ntr", "display": "Vijayawada West"}, "geometry": {"type": "Polygon", "coordinates": [[[80.5910722771639, 16.51588003213783], [80.60666529206964, 16.558112072214385], [80.61328077968432, 16.56260597188816], [80.62601554678014, 16.55740431205942], [80.62685557472503, 16.53792846972317], [80.63923565819914, 16.535809672378548], [80.63711209354835, 16.516417832117327], [80.64262315163717, 16.50592551734877], [80.64271126091603, 16.497099939510633], [80.63810177857425, 16.494822424415418], [80.6311142441271, 16.498481313461923], [80.62857424210762, 16.49472747039647], [80.59083464750103, 16.512755386252138], [80.5910722771639, 16.51588003213783]]]}}, {"type": "Feature", "properties": {"ac_name": "Razole_SC", "district_key": "Dr.B.R.Ambedkar_Konaseema", "display": "Razole (SC)"}, "geometry": {"type": "Polygon", "coordinates": [[[81.96450479206254, 16.530826274413073], [81.9722578941865, 16.52360551967905], [81.9740061528617, 16.509734692102427], [81.96247390074996, 16.477577074322596], [81.96555138079162, 16.447013884383296], [81.95536349462964, 16.415294352452463], [81.95775815451526, 16.397492506374135], [81.90595783868338, 16.390222403141422], [81.86619857360535, 16.37923388203808], [81.74831388577724, 16.324283757289606], [81.72241436593032, 16.307501746908144], [81.71709110606974, 16.30693081140788], [81.71381065803547, 16.31332705959619], [81.71695124260583, 16.358909279339798], [81.69763984760095, 16.41588966317744], [81.71117318029809, 16.44417640731541], [81.72339528976084, 16.446435526778203], [81.73012429699878, 16.436244625189374], [81.73641801617856, 16.422359012758307], [81.75546901878027, 16.423508218629422], [81.78208345198976, 16.4507205337257], [81.78537381325094, 16.463644484905103], [81.79971473174953, 16.477722118780832], [81.81980527059682, 16.49046374950251], [81.84479608577078, 16.494738755089543], [81.84842748613966, 16.50546375594763], [81.86369366403142, 16.505251575300008], [81.86367207220843, 16.501974066250227], [81.88133095216176, 16.49627661737202], [81.90302830970876, 16.512114774877034], [81.92071892673715, 16.51441495018986], [81.92644563146081, 16.52577364124062], [81.92632869980969, 16.544988565070298], [81.93706927512699, 16.558640783645274], [81.94310087970189, 16.55676729707318], [81.95427177342367, 16.53831329232463], [81.96450479206254, 16.530826274413073]]]}}, {"type": "Feature", "properties": {"ac_name": "Pamarru_SC", "district_key": "Krishna", "display": "Pamarru (SC)"}, "geometry": {"type": "Polygon", "coordinates": [[[80.97385041026826, 16.53807337838373], [80.96738796118552, 16.531373948049293], [80.95113229521928, 16.52781343314348], [80.9483481587406, 16.50817415701181], [80.95187668116398, 16.502694247841305], [80.97202360120826, 16.4984930505139], [80.97197876370905, 16.479050666555054], [80.9797856416941, 16.470534504064176], [80.98130529000719, 16.45036288503917], [80.97487495841267, 16.41603696673269], [80.95920970996019, 16.398797919988056], [80.95573523859042, 16.38544660107982], [80.96926153139464, 16.388470127194637], [81.00133354001093, 16.382311184913306], [80.99435372984084, 16.37168165518426], [81.00912340731946, 16.358058560254392], [81.00617630469276, 16.340476360095977], [81.02804902104555, 16.331312030126128], [81.02871085732028, 16.307843558533477], [81.03596368457642, 16.30488389867304], [81.04566967081871, 16.2832039088334], [81.0483222823475, 16.26058894872108], [81.03117803493842, 16.239153195863366], [81.02826802934612, 16.227268861868538], [80.99901761846837, 16.23012149431156], [80.98093316313503, 16.194238418768066], [80.96895500107252, 16.20459799450191], [80.95298821443458, 16.202958825389544], [80.94490193777426, 16.207658969286058], [80.9309214162904, 16.203143315911348], [80.91972565541471, 16.209474656430302], [80.90939714766029, 16.20506273086039], [80.90568983461822, 16.212507252207956], [80.89525812246444, 16.215309016298136], [80.89304555640734, 16.22060458963017], [80.85468435489912, 16.219291916688633], [80.82355110899653, 16.21782789863869], [80.82028348709332, 16.218268434240883], [80.81733380071438, 16.24114902800528], [80.80268775303745, 16.242641593234964], [80.79786949847863, 16.283163069719933], [80.78482698967389, 16.288317851487705], [80.74843996463272, 16.3297903016811], [80.72658075969434, 16.378839778433075], [80.75025045999081, 16.41378003352179], [80.75619993397981, 16.412164422150397], [80.76400969159403, 16.400240152860817], [80.77615951624875, 16.411552027004518], [80.79998909082394, 16.399200914290816], [80.79914385130775, 16.38034516799513], [80.81165972251824, 16.370197306160776], [80.8118477887445, 16.35529932150655], [80.83385897011544, 16.367972458062525], [80.83775816071062, 16.359239303551078], [80.85337319731525, 16.355233269000223], [80.85391105485138, 16.343477917571875], [80.8603738088043, 16.34346691706463], [80.86633086317886, 16.37221447112097], [80.88135211970462, 16.377771472875224], [80.89183860776558, 16.37402208595057], [80.8990073097396, 16.386509443256273], [80.92015391257308, 16.39571333620154], [80.917990743578, 16.425945839129213], [80.90196527527729, 16.436782403585084], [80.90248835695218, 16.45321906350904], [80.92786234087441, 16.51753010373136], [80.93328500190137, 16.545326405289416], [80.94024189824506, 16.553203378233377], [80.95822268962547, 16.55368247226835], [80.97385041026826, 16.53807337838373]]]}}, {"type": "Feature", "properties": {"ac_name": "Penamaluru", "district_key": "Krishna", "display": "Penamaluru"}, "geometry": {"type": "Polygon", "coordinates": [[[80.68554109294712, 16.54510347684402], [80.69234405683284, 16.546318547263184], [80.71862777245377, 16.530761031296606], [80.73740288103818, 16.527464092393984], [80.74366635062165, 16.531771637251325], [80.74815738325668, 16.544021359498174], [80.75816952300517, 16.5453888128435], [80.76156111915037, 16.53950853089401], [80.75763086417311, 16.529154933853192], [80.76270686173234, 16.51942990806384], [80.77913355447004, 16.517283358540226], [80.79153309027993, 16.499293863521018], [80.8127168477044, 16.51072524047754], [80.82667930450634, 16.508758961856643], [80.82478200928239, 16.49329940544328], [80.83995964981807, 16.474962442962408], [80.83569081447956, 16.471739004751328], [80.82233893979031, 16.474606490397264], [80.8155319937066, 16.468696873461965], [80.8120339915755, 16.449823697405748], [80.8217660536605, 16.43974894056123], [80.83430411564245, 16.4416738899381], [80.84725895673552, 16.4378977328941], [80.85428026702078, 16.448829763982474], [80.88003376214846, 16.462053147135066], [80.90248835695218, 16.45321906350904], [80.90196527527729, 16.436782403585084], [80.917990743578, 16.425945839129213], [80.92015391257308, 16.39571333620154], [80.8990073097396, 16.386509443256273], [80.89183860776558, 16.37402208595057], [80.88135211970462, 16.377771472875224], [80.86633086317886, 16.37221447112097], [80.8603738088043, 16.34346691706463], [80.85391105485138, 16.343477917571875], [80.85337319731525, 16.355233269000223], [80.83775816071062, 16.359239303551078], [80.83385897011544, 16.367972458062525], [80.8118477887445, 16.35529932150655], [80.81165972251824, 16.370197306160776], [80.79914385130775, 16.38034516799513], [80.79998909082394, 16.399200914290816], [80.77615951624875, 16.411552027004518], [80.76400969159403, 16.400240152860817], [80.75619993397981, 16.412164422150397], [80.75025045999081, 16.41378003352179], [80.72658075969434, 16.378839778433075], [80.70658661018399, 16.40061247758382], [80.67421394291921, 16.424823269378408], [80.6746897948982, 16.442790779570885], [80.66605645074469, 16.440960965875945], [80.66294784246901, 16.44990975802898], [80.6705295221198, 16.465650534244787], [80.65455218013904, 16.479063815542702], [80.66852831293136, 16.48746630822359], [80.68371196993155, 16.486778138000716], [80.68679698179534, 16.528031983689118], [80.68376454519768, 16.539082364659464], [80.68554109294712, 16.54510347684402]]]}}, {"type": "Feature", "properties": {"ac_name": "Vijayawada_East", "district_key": "Ntr", "display": "Vijayawada East"}, "geometry": {"type": "Polygon", "coordinates": [[[80.64262315163717, 16.50592551734877], [80.66191896229031, 16.506962857449935], [80.68376454519768, 16.539082364659464], [80.68679698179534, 16.528031983689118], [80.68371196993155, 16.486778138000716], [80.66852831293136, 16.48746630822359], [80.65455218013904, 16.479063815542702], [80.62857424210762, 16.49472747039647], [80.6311142441271, 16.498481313461923], [80.63810177857425, 16.494822424415418], [80.64271126091603, 16.497099939510633], [80.64262315163717, 16.50592551734877]]]}}, {"type": "Feature", "properties": {"ac_name": "Mangalagiri", "district_key": "Guntur", "display": "Mangalagiri"}, "geometry": {"type": "Polygon", "coordinates": [[[80.55500909079694, 16.534400203606538], [80.5910722771639, 16.51588003213783], [80.59083464750103, 16.512755386252138], [80.62857424210762, 16.49472747039647], [80.65455218013904, 16.479063815542702], [80.6705295221198, 16.465650534244787], [80.66294784246901, 16.44990975802898], [80.66605645074469, 16.440960965875945], [80.6746897948982, 16.442790779570885], [80.67421394291921, 16.424823269378408], [80.70658661018399, 16.40061247758382], [80.72658075969434, 16.378839778433075], [80.7068854180277, 16.364449522227744], [80.70068650807593, 16.346258418091566], [80.67672590227863, 16.341441633025], [80.68102092767373, 16.32773411783529], [80.69455549244208, 16.324738307926623], [80.69880860942982, 16.31677905151207], [80.67366154064763, 16.291795144930063], [80.63629752451118, 16.290831425130193], [80.63014212555868, 16.296371380235087], [80.63235212315203, 16.309301765164378], [80.61343893535866, 16.31862769341336], [80.56623069099368, 16.316815488444092], [80.55606722052585, 16.32477876842546], [80.56665968379741, 16.35063840693698], [80.56167589282825, 16.35873460222018], [80.5166351773716, 16.374206597156785], [80.51492853842137, 16.39832755926949], [80.52232738140361, 16.407166787017673], [80.49344400093997, 16.41668525382147], [80.4937236829017, 16.436740475392696], [80.50651760650237, 16.442751386567295], [80.48683461072875, 16.45412129666056], [80.4978678605134, 16.466285858505614], [80.52141789252175, 16.46852212799388], [80.52669453872204, 16.484031856684908], [80.54811664077039, 16.50457935994956], [80.55500909079694, 16.534400203606538]]]}}, {"type": "Feature", "properties": {"ac_name": "Sattenapalle", "district_key": "Palnadu", "display": "Sattenapalle"}, "geometry": {"type": "Polygon", "coordinates": [[[80.167637320506, 16.5111971021646], [80.1822778175673, 16.503647850268123], [80.18255078069404, 16.492885830616615], [80.19771684335768, 16.491031235203366], [80.21118710570045, 16.480967667723746], [80.21051796872933, 16.474323209348654], [80.20431288583109, 16.469386085099813], [80.20503468530256, 16.459551100103226], [80.21811863846443, 16.451858933343146], [80.22406460419819, 16.441625310359825], [80.24330989723404, 16.433848454442682], [80.25021331719091, 16.4211070170752], [80.27100754945889, 16.412156401097093], [80.262422732723, 16.402267749956764], [80.2366710821048, 16.407007342614804], [80.21526935060012, 16.38502795317754], [80.21546063909727, 16.37991677503919], [80.22420382464685, 16.377307428095378], [80.22327140665016, 16.35829431842808], [80.21375403522063, 16.347700400053498], [80.2137793592301, 16.33126633647231], [80.20504851957355, 16.330189516133316], [80.19089185867239, 16.35132908357042], [80.18039549245805, 16.352693497207156], [80.1769114801807, 16.350246996801502], [80.17364079338796, 16.31940695057034], [80.15467627588947, 16.31774747656482], [80.15438769423673, 16.296475312185976], [80.12555408045648, 16.302665803584034], [80.1179273087983, 16.286916872315828], [80.0949051824283, 16.279276279876456], [80.06813808570416, 16.284536635757206], [80.06093036574384, 16.29268473721089], [80.05942682608719, 16.315039877788195], [80.04153654607478, 16.326127416047484], [80.02041911455058, 16.304692986092505], [80.01968822203389, 16.278779725503966], [79.9855490794265, 16.27146833889276], [79.96878116681745, 16.274661437575332], [79.96956781550233, 16.294443135742142], [79.95148189607272, 16.29896364185862], [79.94393471261697, 16.325303405927514], [79.9329591939117, 16.33192414468357], [79.92631101054474, 16.32213928430059], [79.92029279507648, 16.322730808879783], [79.89852456375769, 16.335581146053073], [79.8914075476203, 16.334521328296717], [79.89408104680291, 16.31103688384519], [79.90958836351223, 16.300252124835765], [79.90512401286298, 16.282154985464274], [79.9086270188219, 16.270091527202283], [79.88458443982012, 16.255464957941513], [79.87298288954878, 16.25314593103991], [79.86696492319271, 16.246280904040532], [79.85168595963938, 16.258420908997778], [79.85896760297254, 16.272115806699162], [79.85711605446238, 16.279708838492127], [79.82438722509045, 16.299525188436746], [79.79416271623643, 16.32549348213854], [79.79438143585463, 16.336369545718014], [79.81560025334909, 16.342022624744402], [79.82107428814794, 16.35038382685218], [79.83169493707175, 16.36008937692327], [79.85028639510114, 16.396300707711532], [79.85065166194471, 16.407332366595483], [79.8380687183967, 16.40082851992031], [79.83271691585304, 16.404430632068056], [79.8411535351076, 16.416051704822394], [79.86709795810435, 16.434784727832948], [79.91620102096039, 16.460266614212912], [79.94122119180463, 16.46166594312882], [79.95023812379043, 16.47215913563565], [79.95808260422888, 16.473378413083367], [79.96075797849795, 16.46456667671083], [79.99127421573252, 16.470428982111912], [79.99421179274009, 16.45813832542342], [80.00072128805704, 16.451892044582223], [80.0304906985869, 16.466809785543205], [80.05002711745755, 16.459259366326762], [80.06679815161345, 16.462049475203173], [80.07190692406533, 16.47221016316854], [80.08538936862453, 16.47956208132507], [80.09904603254842, 16.47040824554415], [80.12435349541755, 16.483747886755623], [80.13815673354645, 16.472198882972123], [80.1469128891186, 16.4770045038548], [80.1582904326574, 16.50799586371818], [80.167637320506, 16.5111971021646]]]}}, {"type": "Feature", "properties": {"ac_name": "Narasapuram", "district_key": "West_Godavari", "display": "Narasapuram"}, "geometry": {"type": "Polygon", "coordinates": [[[81.63215015230776, 16.489005626508515], [81.6409725366533, 16.491105583056253], [81.65052535935791, 16.48090373402016], [81.66287095023421, 16.483953172301085], [81.68448185865094, 16.468572355130107], [81.70207548919251, 16.47198037019797], [81.71010828317077, 16.478488363647102], [81.718189393226, 16.474035501836966], [81.73473350594662, 16.474280224452855], [81.74926041503619, 16.458413300333575], [81.74936724280406, 16.449891072814808], [81.73012429699878, 16.436244625189374], [81.72339528976084, 16.446435526778203], [81.71117318029809, 16.44417640731541], [81.69763984760095, 16.41588966317744], [81.71695124260583, 16.358909279339798], [81.71381065803547, 16.31332705959619], [81.69056929493706, 16.327848233709062], [81.55535947995611, 16.347271207600215], [81.5466833289725, 16.378341080976156], [81.52270664059904, 16.381035156647215], [81.51270542041885, 16.37034191894446], [81.49652383610623, 16.369939686367502], [81.48826306848588, 16.373425025144854], [81.4803494499672, 16.388129928053786], [81.49754701907972, 16.420931006260957], [81.51884880442884, 16.431545415688447], [81.54052136227114, 16.422716518452603], [81.53004952506558, 16.391091235472175], [81.54035418999393, 16.39056677603594], [81.55782449470473, 16.407706003429382], [81.5573767995997, 16.424573382855385], [81.57431209492728, 16.428286898521606], [81.58086308676212, 16.435057503001417], [81.5810784519091, 16.453145492670387], [81.59425934659163, 16.46012895948394], [81.593560375511, 16.48172343189094], [81.6050314278582, 16.475652698713134], [81.61286796098767, 16.46053258421142], [81.63060282556, 16.468441031628345], [81.63215015230776, 16.489005626508515]]]}}, {"type": "Feature", "properties": {"ac_name": "Pedana", "district_key": "Krishna", "display": "Pedana"}, "geometry": {"type": "Polygon", "coordinates": [[[81.39948343141526, 16.431635738198793], [81.41372881043628, 16.419670952652382], [81.42583614662095, 16.41940963304819], [81.42685177528926, 16.41119683346716], [81.43766653388349, 16.398523444201658], [81.45369409041001, 16.40509462761503], [81.46992458974808, 16.39854046207273], [81.4803494499672, 16.388129928053786], [81.48826306848588, 16.373425025144854], [81.49652383610623, 16.369939686367502], [81.51270542041885, 16.37034191894446], [81.52270664059904, 16.381035156647215], [81.5466833289725, 16.378341080976156], [81.55535947995611, 16.347271207600215], [81.5303546893175, 16.353735270966013], [81.48717976403492, 16.355438549149767], [81.39243637443917, 16.342678757518684], [81.32428034666071, 16.31448267853284], [81.26501165676262, 16.278503779326], [81.25887830738804, 16.277233804396587], [81.26287423985434, 16.2933588474329], [81.26006503117628, 16.300109140724317], [81.25219027236324, 16.303798373795985], [81.21504393083279, 16.28737790436685], [81.21114833033124, 16.26575670320932], [81.20457480058661, 16.26616283524669], [81.19527704989599, 16.258280137218605], [81.18523626943835, 16.266114180125385], [81.17126184715659, 16.266675902071256], [81.11728901297761, 16.231843015242987], [81.11057614857043, 16.21759812455383], [81.08088512564808, 16.195095309001374], [81.10048674716569, 16.176865084356223], [81.09948836749425, 16.171351903867333], [81.08613034863674, 16.165059672166194], [81.07815589727687, 16.149367968357126], [81.06896917598675, 16.14319669097455], [81.0482887187494, 16.152272771371372], [81.03484489467621, 16.164854338956616], [81.01453768126902, 16.165652126644375], [81.0139135580643, 16.178767003894166], [80.98221632932018, 16.182368749118552], [80.98093316313503, 16.194238418768066], [80.99901761846837, 16.23012149431156], [81.02826802934612, 16.227268861868538], [81.03117803493842, 16.239153195863366], [81.0483222823475, 16.26058894872108], [81.04566967081871, 16.2832039088334], [81.07844756540288, 16.309162349562826], [81.09454759919242, 16.299078560826956], [81.0962885391848, 16.284400198710273], [81.12189075215656, 16.280617348911562], [81.12276957685452, 16.293392161918803], [81.13503493561382, 16.31442411917783], [81.11819422558312, 16.328221903817848], [81.10513829979277, 16.332143802294695], [81.09999151659525, 16.34088604085815], [81.1050437405762, 16.354619120176324], [81.13690913624771, 16.375050930156362], [81.13860171609639, 16.383140134109965], [81.14323959902833, 16.38330680636409], [81.16814079046515, 16.412258138702214], [81.1739059942663, 16.39239234852812], [81.19936598755032, 16.38428377047967], [81.20508449945015, 16.41213875909648], [81.21309978902411, 16.42597078362479], [81.22956656904199, 16.425551602424548], [81.24115163024362, 16.415766657505287], [81.25066144467002, 16.415732476972266], [81.27568711127122, 16.434701925453567], [81.29055725741154, 16.4389887499309], [81.29254830156293, 16.462155569124263], [81.29754916616116, 16.46548213259439], [81.31517982628799, 16.467087567237513], [81.31983988290432, 16.45987751083851], [81.31944961490785, 16.428094923841684], [81.35153180564839, 16.41361316881273], [81.37191989418784, 16.414366071337156], [81.3859610218837, 16.426831222582905], [81.39948343141526, 16.431635738198793]]]}}, {"type": "Feature", "properties": {"ac_name": "Vinukonda", "district_key": "Palnadu", "display": "Vinukonda"}, "geometry": {"type": "Polygon", "coordinates": [[[79.77722475801625, 16.371261123202316], [79.79485217069117, 16.354615372701346], [79.82107428814794, 16.35038382685218], [79.81560025334909, 16.342022624744402], [79.79438143585463, 16.336369545718014], [79.79416271623643, 16.32549348213854], [79.82438722509045, 16.299525188436746], [79.85711605446238, 16.279708838492127], [79.85896760297254, 16.272115806699162], [79.85168595963938, 16.258420908997778], [79.86696492319271, 16.246280904040532], [79.86063584536805, 16.21465404454858], [79.84776409803476, 16.207336323112884], [79.8443160559413, 16.168597793953097], [79.84807725995762, 16.162257739902827], [79.85577451418254, 16.170439449920707], [79.8653762294295, 16.166849435453116], [79.87449465350551, 16.16936543186921], [79.8782117367823, 16.154395353962457], [79.86622496550979, 16.135152962139557], [79.8751953755662, 16.128852394622356], [79.86996114409158, 16.118055519047005], [79.86919489023205, 16.11200669245494], [79.8739374875251, 16.112291747865925], [79.86854313715611, 16.096305890204746], [79.88174706527491, 16.092438260417453], [79.88364681384945, 16.08605307299098], [79.8952256598364, 16.087402299776386], [79.89553168114224, 16.07729913065043], [79.9157885981653, 16.07499597588361], [79.92063177203869, 16.061264348071234], [79.91745003359222, 16.047321421846164], [79.8804307977432, 16.039084211067518], [79.86980003594294, 16.03043295421753], [79.86659547809887, 16.02171774837541], [79.86290713805403, 15.993614729436274], [79.87925268046689, 15.999670675961], [79.89038681619866, 15.994895470149856], [79.8906193494035, 15.987799301196844], [79.90262900032815, 15.983614582147311], [79.89860003486376, 15.9710753402548], [79.9123185901309, 15.967261581656714], [79.90325802214005, 15.94272722997772], [79.89682770133743, 15.947027671989531], [79.89407784161915, 15.93966206795011], [79.8800567697042, 15.940548226619399], [79.87551477428747, 15.935568479002143], [79.87799772421567, 15.925082955913751], [79.869885020977, 15.916675906368027], [79.84724462533927, 15.922823808571934], [79.84825503883906, 15.92843905401918], [79.84331828601017, 15.930025078594554], [79.79119503442337, 15.941082012025277], [79.78341353980306, 15.91503630917839], [79.76312329120697, 15.900684419850165], [79.75540570241128, 15.899942577188256], [79.75390013388414, 15.87138159288628], [79.74693197712912, 15.85955783452647], [79.75419960992411, 15.847757169857573], [79.7726831196303, 15.842502529168428], [79.77088160939883, 15.825527993722005], [79.74557075248828, 15.825609014544455], [79.73877232388372, 15.827331049888073], [79.73238474965655, 15.835801457571279], [79.71063958145157, 15.837611296424257], [79.7171079516707, 15.845523228714057], [79.71978701136152, 15.859118892522929], [79.71456668430511, 15.867624588703848], [79.68855216724876, 15.876200703599636], [79.69325036411306, 15.898331455232494], [79.67626388117321, 15.90373769104167], [79.65529037445128, 15.920948208593018], [79.63586055312209, 15.9073245947543], [79.6116340276883, 15.922356040598856], [79.6154628193537, 15.932819877435463], [79.58985439836187, 15.9405022191022], [79.57242469084684, 15.937211354220665], [79.55919572830027, 15.948200614566758], [79.55954139711781, 15.96367843081498], [79.57242138134171, 16.00482343425415], [79.56291923183716, 16.01246893968988], [79.56711619785432, 16.01797869645975], [79.56111916052089, 16.029245042424805], [79.56383792617942, 16.03302853793673], [79.54735429466501, 16.067820752925456], [79.54654429238525, 16.076744863184956], [79.55385815213208, 16.089956375286533], [79.5543033543164, 16.11224573855003], [79.54443012744849, 16.1204817163582], [79.53655336494592, 16.142923289877956], [79.54014393609384, 16.149538266677723], [79.53809738578576, 16.170875207424956], [79.55169950133097, 16.179322638329154], [79.56029922792709, 16.200241457277457], [79.55634127383075, 16.214492398605387], [79.56307690997147, 16.227331126430386], [79.5595823225662, 16.241620452621817], [79.56660029816527, 16.276315944625196], [79.54652782669791, 16.289569412798187], [79.56186333782284, 16.30729885895522], [79.58831897863803, 16.32278696344764], [79.58777229785335, 16.34408206593463], [79.59367562582952, 16.354146154121793], [79.61565489116037, 16.372483109407995], [79.63194755343687, 16.379513974990004], [79.64129194476749, 16.379754483382726], [79.6445819768768, 16.356210785299538], [79.64840873697369, 16.353557591909407], [79.66575571225638, 16.366536239855634], [79.69790177284858, 16.363586349330603], [79.72116889612772, 16.367764399907173], [79.72611269964142, 16.37259883596755], [79.77722475801625, 16.371261123202316]]]}}, {"type": "Feature", "properties": {"ac_name": "Guntur_East", "district_key": "Guntur", "display": "Guntur East"}, "geometry": {"type": "Polygon", "coordinates": [[[80.47997906528167, 16.377168705871156], [80.48394163200078, 16.345923320804673], [80.47125612077343, 16.325056086968914], [80.48612640361068, 16.311896785008685], [80.47690249175662, 16.296278098055836], [80.50523396637453, 16.267836636351717], [80.4951705715647, 16.256806714957975], [80.49493493839674, 16.240165747950982], [80.46972870231781, 16.242354673529405], [80.46309071906148, 16.235785723132665], [80.45384598790207, 16.23330273992957], [80.43534843258414, 16.244037992159633], [80.43118951238614, 16.28370258560591], [80.43620667719648, 16.318832717256157], [80.43218905398169, 16.33816166253075], [80.42604334342559, 16.345122504200276], [80.42963109160166, 16.352376795552743], [80.4406137626151, 16.357468447610813], [80.44613281747559, 16.37553278960661], [80.45416792271152, 16.383063827533647], [80.47997906528167, 16.377168705871156]]]}}, {"type": "Feature", "properties": {"ac_name": "Ponnur", "district_key": "Guntur", "display": "Ponnur"}, "geometry": {"type": "Polygon", "coordinates": [[[80.47997906528167, 16.377168705871156], [80.5166351773716, 16.374206597156785], [80.56167589282825, 16.35873460222018], [80.56665968379741, 16.35063840693698], [80.55606722052585, 16.32477876842546], [80.56623069099368, 16.316815488444092], [80.54260078210046, 16.29052987975018], [80.59604773321638, 16.28632927867335], [80.60552843119223, 16.277916635344468], [80.59898540285411, 16.252823415268438], [80.5686656207219, 16.241262574608186], [80.57133197928749, 16.2302272060208], [80.58050356318893, 16.2221076454515], [80.57920079807843, 16.169612120403087], [80.55900170746287, 16.15010605904746], [80.56433733120292, 16.14658225266885], [80.57992998368184, 16.109427359485096], [80.59412269570589, 16.1013055829863], [80.58751703498325, 16.06870854386426], [80.59508119404194, 16.0425953639849], [80.58549582487245, 16.040088729511297], [80.58848297970582, 16.02731049997965], [80.57868254936022, 16.01940224142038], [80.56449345530876, 16.024427068454486], [80.55810698814702, 16.0221008730569], [80.55749840882459, 16.01014287109666], [80.54744654961866, 16.003857626228523], [80.53916810852144, 15.990815639030586], [80.5270811743568, 15.991520008741475], [80.52525740410596, 16.007975584105964], [80.49968004569763, 15.98973264574505], [80.49292431240713, 16.00131076328114], [80.47183800282164, 16.00176305212318], [80.46545559609893, 16.006642978590662], [80.46470309197417, 16.021179889940015], [80.45116007987383, 16.03250488069574], [80.47487004641556, 16.045009181228806], [80.47994017230116, 16.052315224068366], [80.47434296635487, 16.093461310291275], [80.48021228826656, 16.10654880318475], [80.47896887841108, 16.126967226756165], [80.49324070289617, 16.13824770826517], [80.4999494322206, 16.17155059288558], [80.49779694087619, 16.18077449394781], [80.47633860514259, 16.18348567832146], [80.46831114054675, 16.195649324656642], [80.4507815129565, 16.20276511411879], [80.46072060347313, 16.22067110888463], [80.46309071906148, 16.235785723132665], [80.46972870231781, 16.242354673529405], [80.49493493839674, 16.240165747950982], [80.4951705715647, 16.256806714957975], [80.50523396637453, 16.267836636351717], [80.47690249175662, 16.296278098055836], [80.48612640361068, 16.311896785008685], [80.47125612077343, 16.325056086968914], [80.48394163200078, 16.345923320804673], [80.47997906528167, 16.377168705871156]]]}}, {"type": "Feature", "properties": {"ac_name": "Tenali", "district_key": "Guntur", "display": "Tenali"}, "geometry": {"type": "Polygon", "coordinates": [[[80.72658075969434, 16.378839778433075], [80.74843996463272, 16.3297903016811], [80.78482698967389, 16.288317851487705], [80.79786949847863, 16.283163069719933], [80.80268775303745, 16.242641593234964], [80.78702658840638, 16.24089644261676], [80.7539160525838, 16.24632023768885], [80.74931699068662, 16.239132145432222], [80.74944031202085, 16.22532026032178], [80.73335006105651, 16.212182763323938], [80.71617983852877, 16.223818449162138], [80.70532425970686, 16.22382857013247], [80.69291320358155, 16.21746792970123], [80.67983105086239, 16.194034329320914], [80.66342341565814, 16.188169579562498], [80.64554744385953, 16.191935186659578], [80.6386050167082, 16.204354706304684], [80.59836689501623, 16.228861624164665], [80.58050356318893, 16.2221076454515], [80.57133197928749, 16.2302272060208], [80.5686656207219, 16.241262574608186], [80.59898540285411, 16.252823415268438], [80.60552843119223, 16.277916635344468], [80.59604773321638, 16.28632927867335], [80.54260078210046, 16.29052987975018], [80.56623069099368, 16.316815488444092], [80.61343893535866, 16.31862769341336], [80.63235212315203, 16.309301765164378], [80.63014212555868, 16.296371380235087], [80.63629752451118, 16.290831425130193], [80.67366154064763, 16.291795144930063], [80.69880860942982, 16.31677905151207], [80.69455549244208, 16.324738307926623], [80.68102092767373, 16.32773411783529], [80.67672590227863, 16.341441633025], [80.70068650807593, 16.346258418091566], [80.7068854180277, 16.364449522227744], [80.72658075969434, 16.378839778433075]]]}}, {"type": "Feature", "properties": {"ac_name": "Guntur_West", "district_key": "Guntur", "display": "Guntur West"}, "geometry": {"type": "Polygon", "coordinates": [[[80.42604334342559, 16.345122504200276], [80.43218905398169, 16.33816166253075], [80.43620667719648, 16.318832717256157], [80.43118951238614, 16.28370258560591], [80.43534843258414, 16.244037992159633], [80.40896031376752, 16.24819052267452], [80.39427769965619, 16.26021975363875], [80.39447376265406, 16.266848139330193], [80.36271163973043, 16.311096227408996], [80.35312577683317, 16.313072378787297], [80.35993337222743, 16.32202931789874], [80.35296505179576, 16.34110612384859], [80.36147674375678, 16.355125074262844], [80.37777393681779, 16.35848117956283], [80.3875748734817, 16.344584533349575], [80.41428723926475, 16.359538387486623], [80.41752879791574, 16.34751319357906], [80.42604334342559, 16.345122504200276]]]}}, {"type": "Feature", "properties": {"ac_name": "Narasaraopet", "district_key": "Palnadu", "display": "Narasaraopet"}, "geometry": {"type": "Polygon", "coordinates": [[[79.92029279507648, 16.322730808879783], [79.92631101054474, 16.32213928430059], [79.9329591939117, 16.33192414468357], [79.94393471261697, 16.325303405927514], [79.95148189607272, 16.29896364185862], [79.96956781550233, 16.294443135742142], [79.96878116681745, 16.274661437575332], [79.9855490794265, 16.27146833889276], [80.01968822203389, 16.278779725503966], [80.02041911455058, 16.304692986092505], [80.04153654607478, 16.326127416047484], [80.05942682608719, 16.315039877788195], [80.06093036574384, 16.29268473721089], [80.06813808570416, 16.284536635757206], [80.0949051824283, 16.279276279876456], [80.1179273087983, 16.286916872315828], [80.12704614746178, 16.26814575402335], [80.10070505419498, 16.271172384597946], [80.09369123526233, 16.26701906447829], [80.10094988472946, 16.233122986136948], [80.08862773108496, 16.19405731869034], [80.10090604457838, 16.186029548325052], [80.10126461596928, 16.17226214817964], [80.08622838932877, 16.15620456688731], [80.07671692104913, 16.130299910112797], [80.06737224553274, 16.125353164916703], [80.05077695509249, 16.1257233456559], [80.05033677831972, 16.130981167247114], [80.04341811665284, 16.130184052252275], [80.03186298578822, 16.11778072849785], [80.01273366932344, 16.11705866192773], [80.01083963953778, 16.127967666774452], [79.99877541505344, 16.13652287513065], [80.00057190077268, 16.140216604812508], [79.97404929374, 16.146336724260493], [79.97608571858109, 16.151175800822614], [79.97206453405107, 16.155091600996627], [79.95133256634495, 16.16461740357039], [79.95364566851288, 16.152190019353952], [79.94481366861595, 16.139445166361384], [79.93705167219696, 16.139438192118917], [79.93272035645936, 16.132453054365044], [79.90173626491674, 16.14953479889192], [79.8782117367823, 16.154395353962457], [79.87449465350551, 16.16936543186921], [79.8653762294295, 16.166849435453116], [79.85577451418254, 16.170439449920707], [79.84807725995762, 16.162257739902827], [79.8443160559413, 16.168597793953097], [79.84776409803476, 16.207336323112884], [79.86063584536805, 16.21465404454858], [79.86696492319271, 16.246280904040532], [79.87298288954878, 16.25314593103991], [79.88458443982012, 16.255464957941513], [79.9086270188219, 16.270091527202283], [79.90512401286298, 16.282154985464274], [79.90958836351223, 16.300252124835765], [79.89408104680291, 16.31103688384519], [79.8914075476203, 16.334521328296717], [79.89852456375769, 16.335581146053073], [79.92029279507648, 16.322730808879783]]]}}, {"type": "Feature", "properties": {"ac_name": "YERRAGONDAPALEM_SC", "district_key": "Markapuram", "display": "Yerragondapalem (SC)"}, "geometry": {"type": "Polygon", "coordinates": [[[79.54652782669791, 16.289569412798187], [79.56660029816527, 16.276315944625196], [79.5595823225662, 16.241620452621817], [79.56307690997147, 16.227331126430386], [79.55634127383075, 16.214492398605387], [79.56029922792709, 16.200241457277457], [79.55169950133097, 16.179322638329154], [79.53809738578576, 16.170875207424956], [79.54014393609384, 16.149538266677723], [79.53655336494592, 16.142923289877956], [79.54443012744849, 16.1204817163582], [79.5543033543164, 16.11224573855003], [79.55385815213208, 16.089956375286533], [79.54654429238525, 16.076744863184956], [79.54735429466501, 16.067820752925456], [79.56383792617942, 16.03302853793673], [79.56111916052089, 16.029245042424805], [79.56711619785432, 16.01797869645975], [79.56291923183716, 16.01246893968988], [79.57242138134171, 16.00482343425415], [79.54576951205337, 15.993153147899534], [79.51141481634073, 15.948975349033162], [79.47483605404074, 15.954206334854518], [79.45920461829854, 15.948705420219028], [79.45111315524798, 15.932183899367487], [79.43070668636454, 15.923986703923276], [79.42517588096217, 15.910121691363031], [79.40180730066646, 15.893339031671019], [79.36957758603683, 15.854760556654412], [79.33238162351319, 15.827564040847847], [79.32583450595774, 15.81744193110029], [79.32497427744102, 15.805004795534956], [79.31227857329759, 15.772760757403091], [79.29129621275007, 15.755957786522686], [79.28289614194347, 15.765990913749704], [79.27322796499863, 15.758837944515562], [79.26982381971357, 15.77249684595273], [79.26246132732842, 15.777425585822186], [79.2417390588106, 15.779248188752945], [79.22170475457085, 15.78925692456744], [79.21013959626544, 15.790252729479903], [79.19329580785529, 15.763085516283581], [79.17795062542109, 15.756772380740813], [79.17386831217294, 15.735607682648492], [79.18142589718747, 15.72943754110969], [79.18037293945963, 15.722491269356624], [79.15572081166619, 15.688783941625672], [79.14706488553611, 15.68761976114314], [79.13344291206079, 15.669490358593237], [79.12460448291063, 15.668506023634109], [79.1251869791958, 15.692045074920316], [79.110097280665, 15.73635018001687], [79.10138512802132, 15.743416582309465], [79.08840437026555, 15.740233645066724], [79.055238587291, 15.719388675746814], [79.03242401006008, 15.723234044615538], [79.00720892465222, 15.76054363018443], [79.00001142009103, 15.79205440158944], [78.99160567096499, 15.806599986000606], [78.96981574799844, 15.806805899272888], [78.94310156378617, 15.791700923059182], [78.90955940014624, 15.780739357335506], [78.8377379848202, 15.780604152359786], [78.796341874478, 15.775905934811078], [78.7924696302693, 15.772138013758365], [78.8097695359354, 15.867473019664203], [78.83697732744179, 15.907122751813574], [78.91089269004567, 15.96876800543913], [78.93111248395405, 16.092910212036713], [78.92270163297405, 16.12692351340945], [78.92393921792063, 16.137705876624977], [78.9147570040326, 16.149668006473348], [78.90415308789477, 16.17680197712957], [78.90547144455161, 16.18393573954279], [78.96033622273853, 16.209415056559635], [78.98578253913291, 16.21106495458406], [79.01284147935087, 16.24093370692509], [79.05093075375135, 16.238391894570327], [79.07111841038636, 16.227783623915172], [79.08278396990437, 16.2310654452142], [79.09949885398896, 16.22346142370577], [79.12166912722847, 16.23282063946101], [79.159225635155, 16.20896180454372], [79.19231077592161, 16.216438326467653], [79.21583812343073, 16.22712688769576], [79.21569894614953, 16.18406791740051], [79.22188192281254, 16.163581299137718], [79.24952389261364, 16.179975278136624], [79.25927368123547, 16.193898410283452], [79.29570177381788, 16.214656157955403], [79.3255668623209, 16.2285376973569], [79.3712164206014, 16.23303830957036], [79.44727389907126, 16.30287987550588], [79.47332204537616, 16.290863508444204], [79.50024851185941, 16.290766942840207], [79.52794336719268, 16.297313691673594], [79.53621712012404, 16.30601575392393], [79.54652782669791, 16.289569412798187]]]}}, {"type": "Feature", "properties": {"ac_name": "Prathipadu_SC", "district_key": "Guntur", "display": "Prathipadu (SC)"}, "geometry": {"type": "Polygon", "coordinates": [[[80.35058042025025, 16.280627084072705], [80.35982108557471, 16.289451053923074], [80.36271163973043, 16.311096227408996], [80.39447376265406, 16.266848139330193], [80.39427769965619, 16.26021975363875], [80.40896031376752, 16.24819052267452], [80.43534843258414, 16.244037992159633], [80.45384598790207, 16.23330273992957], [80.46309071906148, 16.235785723132665], [80.46072060347313, 16.22067110888463], [80.4507815129565, 16.20276511411879], [80.46831114054675, 16.195649324656642], [80.47633860514259, 16.18348567832146], [80.49779694087619, 16.18077449394781], [80.4999494322206, 16.17155059288558], [80.49324070289617, 16.13824770826517], [80.47896887841108, 16.126967226756165], [80.48021228826656, 16.10654880318475], [80.47434296635487, 16.093461310291275], [80.47994017230116, 16.052315224068366], [80.47487004641556, 16.045009181228806], [80.45116007987383, 16.03250488069574], [80.46470309197417, 16.021179889940015], [80.46545559609893, 16.006642978590662], [80.45820619885706, 16.001759653585168], [80.45370424935169, 15.981660515420515], [80.42309888840305, 15.973817777868192], [80.42621197170519, 15.999862921336785], [80.37178603389839, 16.013337632625678], [80.35888402527758, 16.021999683138915], [80.3585850141871, 16.02713310960536], [80.3454566812809, 16.028986269700624], [80.33553111207124, 16.015352695870263], [80.32542254161706, 16.019080456797667], [80.32795610269204, 16.02522784189142], [80.31382939011434, 16.029160906350796], [80.31845424456782, 16.044934576169794], [80.30577453396762, 16.05437585686036], [80.30193443512616, 16.055746383189103], [80.30087824523491, 16.05005134988994], [80.2935178212905, 16.05355818156488], [80.28365690973862, 16.049487547812134], [80.26247957437289, 16.053633918870332], [80.26105277656444, 16.046035017202314], [80.24013917188535, 16.05259290773654], [80.23883974865555, 16.044824132227973], [80.22670605963702, 16.056864052534024], [80.22572936441867, 16.068418780502384], [80.21774125055833, 16.07699810777649], [80.21949186455794, 16.082063425886417], [80.25706379405892, 16.090586728994424], [80.27776587729346, 16.087987449061586], [80.28811633390177, 16.098783112350816], [80.28538971536312, 16.107257238730654], [80.27070838548366, 16.120808989543264], [80.27770553188486, 16.138336834677204], [80.26226623809646, 16.156723565640107], [80.26026179494596, 16.184552249986382], [80.27448328977204, 16.191506403397852], [80.28314293100152, 16.208902238847315], [80.30080712954543, 16.216878869264463], [80.30731637844815, 16.232439351195126], [80.3203488598121, 16.240565630599406], [80.35058042025025, 16.280627084072705]]]}}, {"type": "Feature", "properties": {"ac_name": "Chilakaluripet", "district_key": "Palnadu", "display": "Chilakaluripet"}, "geometry": {"type": "Polygon", "coordinates": [[[80.33670599538544, 16.29682528965543], [80.34229641774556, 16.3011941430953], [80.35131336052325, 16.295663144338675], [80.35058042025025, 16.280627084072705], [80.3203488598121, 16.240565630599406], [80.30731637844815, 16.232439351195126], [80.30080712954543, 16.216878869264463], [80.28314293100152, 16.208902238847315], [80.27448328977204, 16.191506403397852], [80.26026179494596, 16.184552249986382], [80.26226623809646, 16.156723565640107], [80.27770553188486, 16.138336834677204], [80.27070838548366, 16.120808989543264], [80.28538971536312, 16.107257238730654], [80.28811633390177, 16.098783112350816], [80.27776587729346, 16.087987449061586], [80.25706379405892, 16.090586728994424], [80.21949186455794, 16.082063425886417], [80.21774125055833, 16.07699810777649], [80.22572936441867, 16.068418780502384], [80.22670605963702, 16.056864052534024], [80.23883974865555, 16.044824132227973], [80.23732968171947, 16.037385049080797], [80.22981340166723, 16.037913578848645], [80.22954140711033, 16.032051995603183], [80.19011204843235, 16.03873108776952], [80.1874522765014, 16.025660999455624], [80.1815627279376, 16.026973063556113], [80.1823132715403, 16.03475805204249], [80.15484884949484, 16.04181054272243], [80.15526744613578, 16.045936038717286], [80.1373085199723, 16.04586488705496], [80.13312305628409, 16.02004297510325], [80.1397852537865, 16.015998031384072], [80.12062193845173, 16.020889863076775], [80.09715300190959, 16.011446906049912], [80.08873893135666, 16.01807809402885], [80.08463932324622, 16.051846991145794], [80.0799708210966, 16.056396603820247], [80.0825667150819, 16.063252818362912], [80.07081960683945, 16.075400824588428], [80.07414191831492, 16.092330109746797], [80.06789013542146, 16.094922892977195], [80.04752499218472, 16.085577833450316], [80.04062233575223, 16.09269456000601], [80.05077695509249, 16.1257233456559], [80.06737224553274, 16.125353164916703], [80.07671692104913, 16.130299910112797], [80.08622838932877, 16.15620456688731], [80.10126461596928, 16.17226214817964], [80.10090604457838, 16.186029548325052], [80.08862773108496, 16.19405731869034], [80.10094988472946, 16.233122986136948], [80.09369123526233, 16.26701906447829], [80.10070505419498, 16.271172384597946], [80.12704614746178, 16.26814575402335], [80.14905894221647, 16.253759495304507], [80.18576275974362, 16.26840082873531], [80.21446432606785, 16.249514764494847], [80.21756393123047, 16.243257761936206], [80.22955450843386, 16.240922734296817], [80.23563441739452, 16.244840995915297], [80.24012541315733, 16.264717901709844], [80.24906087376036, 16.26658173226116], [80.26976541664072, 16.25930518538604], [80.28266127479804, 16.261893306530908], [80.29159219832133, 16.273660313172968], [80.30754644840994, 16.281812375240975], [80.3101101430687, 16.29481675279095], [80.32634708874718, 16.308347925316525], [80.3335333194072, 16.308241823301557], [80.33670599538544, 16.29682528965543]]]}}, {"type": "Feature", "properties": {"ac_name": "Machilipatnam", "district_key": "Krishna", "display": "Machilipatnam"}, "geometry": {"type": "Polygon", "coordinates": [[[81.25219027236324, 16.303798373795985], [81.26006503117628, 16.300109140724317], [81.26287423985434, 16.2933588474329], [81.25887830738804, 16.277233804396587], [81.26501165676262, 16.278503779326], [81.237942865371, 16.246878331769665], [81.2137183418281, 16.207592185630915], [81.19559818880543, 16.115500346363945], [81.14742654929586, 16.019960895778752], [81.14268490798219, 15.999794934388774], [81.1484822940227, 15.975618159450562], [81.13921122351923, 15.969592390576395], [81.12475379155427, 15.985421890308032], [81.11708353407789, 16.002574540982323], [81.09387967540675, 16.007660630733596], [81.07897678135345, 16.002639549375772], [81.06801939567862, 16.005313098021134], [81.06572083734682, 16.01086037990268], [81.0740960922609, 16.029893108280362], [81.07091984597417, 16.056150191378265], [81.06473793950437, 16.061435866771888], [81.0466540021805, 16.05879283841881], [81.0419373296441, 16.07847245364087], [81.016405154974, 16.090903931571233], [81.01430450235097, 16.101897309913], [81.00139327388052, 16.111332173041376], [81.02088499914345, 16.122837932924313], [81.023975715407, 16.132666214374353], [80.98225625022582, 16.129441245517114], [80.97669410704748, 16.132282219149147], [80.97713042842656, 16.139128547444557], [80.98062930290007, 16.145179123217986], [80.9932790085195, 16.150510156818314], [81.03698656897501, 16.14328088730315], [81.0482887187494, 16.152272771371372], [81.06896917598675, 16.14319669097455], [81.07815589727687, 16.149367968357126], [81.08613034863674, 16.165059672166194], [81.09948836749425, 16.171351903867333], [81.10048674716569, 16.176865084356223], [81.08088512564808, 16.195095309001374], [81.11057614857043, 16.21759812455383], [81.11728901297761, 16.231843015242987], [81.17126184715659, 16.266675902071256], [81.18523626943835, 16.266114180125385], [81.19527704989599, 16.258280137218605], [81.20457480058661, 16.26616283524669], [81.21114833033124, 16.26575670320932], [81.21504393083279, 16.28737790436685], [81.25219027236324, 16.303798373795985]]]}}, {"type": "Feature", "properties": {"ac_name": "Vemuru_SC", "district_key": "Bapatla", "display": "Vemuru (SC)"}, "geometry": {"type": "Polygon", "coordinates": [[[80.80268775303745, 16.242641593234964], [80.81733380071438, 16.24114902800528], [80.82028348709332, 16.218268434240883], [80.82355110899653, 16.21782789863869], [80.84115601703661, 16.215857984058744], [80.82816255275964, 16.19923041515159], [80.86350534259753, 16.13297462517886], [80.85495247877395, 16.104370001274617], [80.86773955763454, 16.10577237169764], [80.86628227910393, 16.091333647429963], [80.8723282449526, 16.089596619488475], [80.87547597733453, 16.079970674706942], [80.8751871825425, 16.0703377628775], [80.8714457582152, 16.06871664585657], [80.88075031137782, 16.06876794318606], [80.88158835541833, 16.064600561266957], [80.87704103601504, 16.052213227458537], [80.85689555128874, 16.03799253752561], [80.84381808673538, 16.048073893595358], [80.83534788499696, 16.044741176963782], [80.82613563105457, 16.060197861841914], [80.81346358267825, 16.063201780937504], [80.81476917705595, 16.045136564800657], [80.79071640333939, 16.035493632725036], [80.77130399108637, 16.04632599824629], [80.77517529100692, 16.056541234590327], [80.77074683679712, 16.067534759521607], [80.74938713151096, 16.06104927970057], [80.74229969677367, 16.081337262005093], [80.7394547373463, 16.109150436643404], [80.70179483706215, 16.108034228696738], [80.69065003087428, 16.06907113072816], [80.67909247633679, 16.062885683627428], [80.66501690100921, 16.06576812589833], [80.65530288112313, 16.053520220281996], [80.64613840816105, 16.05479457580907], [80.63450710471915, 16.04403877676816], [80.61411254825555, 16.036117325154464], [80.60691272164485, 16.04211104039223], [80.59508119404194, 16.0425953639849], [80.58751703498325, 16.06870854386426], [80.59412269570589, 16.1013055829863], [80.57992998368184, 16.109427359485096], [80.56433733120292, 16.14658225266885], [80.55900170746287, 16.15010605904746], [80.57920079807843, 16.169612120403087], [80.58050356318893, 16.2221076454515], [80.59836689501623, 16.228861624164665], [80.6386050167082, 16.204354706304684], [80.64554744385953, 16.191935186659578], [80.66342341565814, 16.188169579562498], [80.67983105086239, 16.194034329320914], [80.69291320358155, 16.21746792970123], [80.70532425970686, 16.22382857013247], [80.71617983852877, 16.223818449162138], [80.73335006105651, 16.212182763323938], [80.74944031202085, 16.22532026032178], [80.74931699068662, 16.239132145432222], [80.7539160525838, 16.24632023768885], [80.78702658840638, 16.24089644261676], [80.80268775303745, 16.242641593234964]]]}}, {"type": "Feature", "properties": {"ac_name": "Avanigadda", "district_key": "Krishna", "display": "Avanigadda"}, "geometry": {"type": "MultiPolygon", "coordinates": [[[[80.92870364315866, 15.71481484702764], [80.92862775296851, 15.716534008138012], [80.93104088942556, 15.718089043874329], [80.92870364315866, 15.71481484702764]]], [[[81.0069978416771, 15.79104282706487], [81.00584489732421, 15.791487761251233], [81.00798974982717, 15.795735190926393], [81.0069978416771, 15.79104282706487]]], [[[81.01655175885662, 15.806496968660213], [81.01931552569101, 15.793228582533118], [81.01242154052176, 15.804186559062487], [81.0080919263014, 15.799343645093188], [81.01190469114863, 15.808696542211692], [81.00520216264977, 15.816314869235896], [81.01655175885662, 15.806496968660213]]], [[[80.85468435489912, 16.219291916688633], [80.89304555640734, 16.22060458963017], [80.89525812246444, 16.215309016298136], [80.90568983461822, 16.212507252207956], [80.90939714766029, 16.20506273086039], [80.91972565541471, 16.209474656430302], [80.9309214162904, 16.203143315911348], [80.94490193777426, 16.207658969286058], [80.95298821443458, 16.202958825389544], [80.96895500107252, 16.20459799450191], [80.98093316313503, 16.194238418768066], [80.98221632932018, 16.182368749118552], [81.0139135580643, 16.178767003894166], [81.01453768126902, 16.165652126644375], [81.03484489467621, 16.164854338956616], [81.0482887187494, 16.152272771371372], [81.03698656897501, 16.14328088730315], [80.9932790085195, 16.150510156818314], [80.98062930290007, 16.145179123217986], [80.97713042842656, 16.139128547444557], [80.97669410704748, 16.132282219149147], [80.98225625022582, 16.129441245517114], [81.023975715407, 16.132666214374353], [81.02088499914345, 16.122837932924313], [81.00139327388052, 16.111332173041376], [81.01430450235097, 16.101897309913], [81.016405154974, 16.090903931571233], [81.00047381241654, 16.088752345844114], [81.00369918417005, 16.060642773545226], [80.99831566883313, 16.047653380499185], [81.00565813511491, 16.056970924368727], [81.00423388238784, 16.087134541026273], [81.01494729368272, 16.087944761841356], [81.03831113994721, 16.078279620108447], [81.04475886802737, 16.057892485749676], [81.05738858531504, 16.058471297512426], [81.07115819419539, 16.049232150243597], [81.07111984350604, 16.02784391756279], [81.06280399241035, 16.01346403503726], [81.06364354551329, 16.004780611236242], [81.07501626598793, 15.998803007352933], [81.09132697585932, 16.004933322414956], [81.10997233475553, 16.001214329877484], [81.11995503789473, 15.993454886633742], [81.1346541042036, 15.966352141338291], [81.07146520835272, 15.911500035498307], [81.01487362661663, 15.850959015346348], [81.00336646109338, 15.834554424347232], [81.00688229678065, 15.821005380493943], [81.00288185331493, 15.822503079953208], [81.00089808288027, 15.832426029437784], [80.99525824097509, 15.803510024268235], [81.00283292300105, 15.786312803193368], [81.00600765213147, 15.784021454726428], [81.00541064708375, 15.789489892144843], [81.00908451973487, 15.789029094816897], [81.01443565678022, 15.772272909367302], [81.00818732908203, 15.75412463274563], [80.97338383569553, 15.735049161389725], [80.96200375516923, 15.7331390400347], [80.96156280677815, 15.727951466287209], [80.93875113165944, 15.716602598531153], [80.92800923164077, 15.721985157888753], [80.83262391046514, 15.707040777210125], [80.83220241620859, 15.742140917369511], [80.83828106342042, 15.763302635108573], [80.85596033819911, 15.806984852668847], [80.86166032226612, 15.809499104400174], [80.86241248914513, 15.825124240391403], [80.87265067259051, 15.846357542366718], [80.88074548291775, 15.857279013615653], [80.88629914818722, 15.856518549591442], [80.90321076526465, 15.917425031739867], [80.89491698533067, 15.923121735979407], [80.89871468113768, 15.935565399723487], [80.89670383481416, 15.965331979187567], [80.89021543489446, 15.961133750522208], [80.8913561556621, 16.00114835651152], [80.87704103601504, 16.052213227458537], [80.88158835541833, 16.064600561266957], [80.88075031137782, 16.06876794318606], [80.8714457582152, 16.06871664585657], [80.8751871825425, 16.0703377628775], [80.87547597733453, 16.079970674706942], [80.8723282449526, 16.089596619488475], [80.86628227910393, 16.091333647429963], [80.86773955763454, 16.10577237169764], [80.85495247877395, 16.104370001274617], [80.86350534259753, 16.13297462517886], [80.82816255275964, 16.19923041515159], [80.84115601703661, 16.215857984058744], [80.82355110899653, 16.21782789863869], [80.85468435489912, 16.219291916688633]]]]}}, {"type": "Feature", "properties": {"ac_name": "Srisailam", "district_key": "Nandyal", "display": "Srisailam"}, "geometry": {"type": "Polygon", "coordinates": [[[78.92270163297405, 16.12692351340945], [78.93111248395405, 16.092910212036713], [78.91089269004567, 15.96876800543913], [78.83697732744179, 15.907122751813574], [78.8097695359354, 15.867473019664203], [78.7924696302693, 15.772138013758365], [78.77149595987072, 15.664783799832549], [78.76960134552576, 15.634717233513584], [78.7767419994438, 15.533680339675982], [78.76934818007453, 15.465277949817562], [78.77134568585478, 15.420645518475965], [78.71195329241056, 15.402857575916471], [78.65636632444637, 15.395221807440521], [78.62868472242207, 15.395575370507004], [78.6112405061445, 15.404231909075406], [78.59040767137697, 15.3964023483897], [78.56727383032307, 15.409461115138413], [78.55559575943681, 15.425904369790885], [78.53389038803107, 15.437729775708647], [78.52795719896562, 15.434418938683109], [78.52405442097478, 15.41912126203664], [78.49972508684334, 15.404717801085724], [78.48673340322404, 15.42121388371379], [78.48653654972208, 15.427133296064824], [78.49329717352578, 15.433825200872377], [78.51585095006135, 15.432813387128135], [78.52166146170714, 15.462259347490942], [78.51528124753162, 15.475292057282672], [78.49669736988778, 15.4799762975681], [78.49412872625976, 15.487118499219434], [78.50271827702693, 15.490977374106592], [78.5165619882452, 15.485045321784241], [78.51852761036099, 15.498427113320645], [78.5092165685898, 15.510436142813774], [78.49326862454745, 15.516594196564995], [78.49707762842985, 15.543688660903001], [78.47142242920182, 15.54566060075615], [78.45432216133872, 15.566027125351582], [78.4547915516888, 15.57907607060423], [78.468435552259, 15.579793842911556], [78.47217131625331, 15.590843567376794], [78.50370461657485, 15.591730179304363], [78.51011792220442, 15.603433169505195], [78.46327932528067, 15.622341564811393], [78.46587337475648, 15.628878052380287], [78.48106701063409, 15.635557165231035], [78.48110989390653, 15.651745698605168], [78.47886568250527, 15.656652755820062], [78.45871470292127, 15.662113482451332], [78.4531582416596, 15.680235671539037], [78.43657881076354, 15.694205779772972], [78.43879439854271, 15.703292018911611], [78.46077559022137, 15.724554649577442], [78.46801279355566, 15.724783138531052], [78.47732843715772, 15.713117050211736], [78.49958060715937, 15.715248164671095], [78.48568097789484, 15.73892445519948], [78.48746331547966, 15.744908764427976], [78.52076306866076, 15.737694317538796], [78.5421862310098, 15.745944474957582], [78.54332260265602, 15.755766432375026], [78.5281832480585, 15.763810210672716], [78.554257908176, 15.783565012815131], [78.56076658510989, 15.793841167435971], [78.54608975004197, 15.806344798873397], [78.55048590240256, 15.815406828262553], [78.54483912942231, 15.824126843678926], [78.55835735620707, 15.832211897261288], [78.56086310934506, 15.843244459963898], [78.55519840748059, 15.851489202564721], [78.53790093627924, 15.86182072484661], [78.55396377500824, 15.886817415291546], [78.53985856432132, 15.90235423965646], [78.5376441114866, 15.915672135260877], [78.5683448428403, 15.935286126053938], [78.57781320031899, 15.954071340320127], [78.62422155797856, 15.979878142762118], [78.68569107238511, 16.03321075677104], [78.72364886410384, 16.02046321750356], [78.73557641501958, 16.00849468897877], [78.75107701109522, 16.01609079825181], [78.79189761648189, 16.02467123888664], [78.8012814484801, 16.03811558546596], [78.8194778622136, 16.04864975018586], [78.8403602469279, 16.078483767112232], [78.84248655541029, 16.095554971584704], [78.83311601359321, 16.137669938816657], [78.835447479018, 16.145815741603258], [78.85476994018063, 16.149151430494157], [78.8729529513177, 16.143602198882434], [78.88958334139812, 16.085004823214092], [78.92135699632837, 16.10312294197024], [78.92270163297405, 16.12692351340945]]]}}, {"type": "Feature", "properties": {"ac_name": "Addanki", "district_key": "Prakasam", "display": "Addanki"}, "geometry": {"type": "Polygon", "coordinates": [[[80.05077695509249, 16.1257233456559], [80.04062233575223, 16.09269456000601], [80.04752499218472, 16.085577833450316], [80.06789013542146, 16.094922892977195], [80.07414191831492, 16.092330109746797], [80.07081960683945, 16.075400824588428], [80.0825667150819, 16.063252818362912], [80.0799708210966, 16.056396603820247], [80.08463932324622, 16.051846991145794], [80.08873893135666, 16.01807809402885], [80.05778859586707, 15.999338894474477], [80.03477285468358, 15.99460775544361], [80.0256340393795, 15.984910544785862], [80.0188758608324, 15.957927410221828], [80.02121723948409, 15.928428093981381], [80.02479059311145, 15.920272630677403], [80.08510347684404, 15.8885885248406], [80.10080930000925, 15.885500556905242], [80.1116196168519, 15.8883030575401], [80.12017067933346, 15.866454953833113], [80.13386607346058, 15.863176764895854], [80.14142062506187, 15.821456235816697], [80.15234759386641, 15.810283981420639], [80.15242338063456, 15.781025431678358], [80.12920908712971, 15.745989535488718], [80.15350991904756, 15.724417145035261], [80.13998557777228, 15.704365339988499], [80.12594606166147, 15.695634095637047], [80.09987650609594, 15.705264083770487], [80.10089699829791, 15.698258064658035], [80.11570586373466, 15.679906832634288], [80.10545564736032, 15.672450164143811], [80.09646602868435, 15.673425148851607], [80.07399674255566, 15.692168928653189], [80.06150414669906, 15.693752231880069], [80.03032549312707, 15.710640351471113], [80.02120077739403, 15.70951166722972], [80.01061511209781, 15.694409133574709], [79.98012769993346, 15.703762179980686], [79.95949690415887, 15.719403009141615], [79.92627778958837, 15.695667384042565], [79.89780804330661, 15.708067983750482], [79.8898816517169, 15.704133706105722], [79.89066850454793, 15.714468715958503], [79.9086780868243, 15.748520677387376], [79.90343130890784, 15.777578784433388], [79.90768516693697, 15.790544506423885], [79.90744827022155, 15.81582184560176], [79.91601383157314, 15.825116632126935], [79.936435990029, 15.830889314690182], [79.9392136774693, 15.839848666682656], [79.93590028187259, 15.84526509810587], [79.91604398044541, 15.853533746485255], [79.9138505789411, 15.868405586048993], [79.89217861285277, 15.88050405311958], [79.88154659919627, 15.909641765455149], [79.869885020977, 15.916675906368027], [79.87799772421567, 15.925082955913751], [79.87551477428747, 15.935568479002143], [79.8800567697042, 15.940548226619399], [79.89407784161915, 15.93966206795011], [79.89682770133743, 15.947027671989531], [79.90325802214005, 15.94272722997772], [79.9123185901309, 15.967261581656714], [79.89860003486376, 15.9710753402548], [79.90262900032815, 15.983614582147311], [79.8906193494035, 15.987799301196844], [79.89038681619866, 15.994895470149856], [79.87925268046689, 15.999670675961], [79.86290713805403, 15.993614729436274], [79.86659547809887, 16.02171774837541], [79.86980003594294, 16.03043295421753], [79.8804307977432, 16.039084211067518], [79.91745003359222, 16.047321421846164], [79.92063177203869, 16.061264348071234], [79.9157885981653, 16.07499597588361], [79.89553168114224, 16.07729913065043], [79.8952256598364, 16.087402299776386], [79.88364681384945, 16.08605307299098], [79.88174706527491, 16.092438260417453], [79.86854313715611, 16.096305890204746], [79.8739374875251, 16.112291747865925], [79.86919489023205, 16.11200669245494], [79.86996114409158, 16.118055519047005], [79.8751953755662, 16.128852394622356], [79.86622496550979, 16.135152962139557], [79.8782117367823, 16.154395353962457], [79.90173626491674, 16.14953479889192], [79.93272035645936, 16.132453054365044], [79.93705167219696, 16.139438192118917], [79.94481366861595, 16.139445166361384], [79.95364566851288, 16.152190019353952], [79.95133256634495, 16.16461740357039], [79.97206453405107, 16.155091600996627], [79.97608571858109, 16.151175800822614], [79.97404929374, 16.146336724260493], [80.00057190077268, 16.140216604812508], [79.99877541505344, 16.13652287513065], [80.01083963953778, 16.127967666774452], [80.01273366932344, 16.11705866192773], [80.03186298578822, 16.11778072849785], [80.04341811665284, 16.130184052252275], [80.05033677831972, 16.130981167247114], [80.05077695509249, 16.1257233456559]]]}}, {"type": "Feature", "properties": {"ac_name": "Nandikotkur_SC", "district_key": "Nandyal", "display": "Nandikotkur (SC)"}, "geometry": {"type": "Polygon", "coordinates": [[[78.68569107238511, 16.03321075677104], [78.62422155797856, 15.979878142762118], [78.57781320031899, 15.954071340320127], [78.5683448428403, 15.935286126053938], [78.5376441114866, 15.915672135260877], [78.53985856432132, 15.90235423965646], [78.55396377500824, 15.886817415291546], [78.53790093627924, 15.86182072484661], [78.55519840748059, 15.851489202564721], [78.56086310934506, 15.843244459963898], [78.55835735620707, 15.832211897261288], [78.54483912942231, 15.824126843678926], [78.55048590240256, 15.815406828262553], [78.54608975004197, 15.806344798873397], [78.56076658510989, 15.793841167435971], [78.554257908176, 15.783565012815131], [78.5281832480585, 15.763810210672716], [78.54332260265602, 15.755766432375026], [78.5421862310098, 15.745944474957582], [78.52076306866076, 15.737694317538796], [78.48746331547966, 15.744908764427976], [78.48568097789484, 15.73892445519948], [78.49958060715937, 15.715248164671095], [78.47732843715772, 15.713117050211736], [78.46801279355566, 15.724783138531052], [78.46077559022137, 15.724554649577442], [78.43879439854271, 15.703292018911611], [78.42983447817869, 15.700944832438097], [78.4245226630905, 15.708940642696575], [78.4027606406911, 15.717815898185222], [78.3942842579122, 15.698537646794989], [78.37892355947474, 15.679003956467454], [78.37935363236431, 15.656536611975127], [78.34869717103766, 15.65109549416178], [78.34100352129553, 15.65890775458928], [78.33705996264723, 15.67996018041805], [78.32946541279864, 15.678662146640818], [78.31406152711781, 15.66376342454248], [78.29189000561934, 15.66988462317687], [78.26480835032515, 15.68691819551833], [78.24821756099169, 15.68667339646015], [78.24561817314026, 15.693205230037393], [78.23565558783514, 15.696989114955727], [78.19161745098461, 15.688120413726153], [78.1832129258359, 15.701957146205359], [78.17007641449499, 15.711490611902263], [78.16183478894442, 15.731046778086409], [78.14690264893818, 15.74173510818872], [78.14551593661122, 15.748706723736348], [78.17936713698384, 15.776732258886682], [78.17362382268135, 15.782546163674567], [78.14853816230641, 15.785071781037914], [78.14039478948803, 15.790273268196813], [78.13620614579708, 15.802568240731773], [78.14618151226705, 15.814056199434106], [78.1342959659861, 15.83690712636286], [78.1301850102301, 15.851048340508555], [78.13564670183388, 15.85504837927931], [78.15888061314985, 15.854108335931016], [78.17544155668253, 15.858375573174214], [78.17678733816518, 15.877107072733281], [78.19004704223727, 15.892617349111447], [78.17954852214666, 15.902281352302623], [78.1845370066776, 15.910165035088369], [78.23223992493263, 15.924344820257318], [78.25109865158157, 15.935130180013857], [78.25110456912063, 15.972956350555194], [78.25908316815372, 15.992646592166523], [78.2556009680103, 16.013206140051352], [78.26096013690085, 16.026169409590636], [78.27728352091782, 16.02466756335741], [78.299513419209, 16.01189630986687], [78.31235442771475, 16.011861416171485], [78.32201938598593, 16.017464315725647], [78.3266506094381, 16.03708733121539], [78.34782367931939, 16.047827098941525], [78.36551049581277, 16.047132592095522], [78.38448368187647, 16.064948693327608], [78.39772390483438, 16.06647327801943], [78.40798796447302, 16.07515462708443], [78.47486656553963, 16.06884402133454], [78.54990984886047, 16.04303379247557], [78.5870130229327, 16.063733059033495], [78.59872481299976, 16.08142731112156], [78.61003884731502, 16.08742112168744], [78.6325035172236, 16.086792623280985], [78.64980957155456, 16.07950955722032], [78.65038369874878, 16.07282478853324], [78.68569107238511, 16.03321075677104]]]}}, {"type": "Feature", "properties": {"ac_name": "Repalle", "district_key": "Bapatla", "display": "Repalle"}, "geometry": {"type": "MultiPolygon", "coordinates": [[[[80.81264116255966, 15.73017750958445], [80.81140841326771, 15.733146284073825], [80.8129471586845, 15.73181883167382], [80.81264116255966, 15.73017750958445]]], [[[80.79406293445692, 15.753527481108392], [80.7939661413244, 15.754485847244098], [80.79568671796773, 15.755420507250676], [80.79406293445692, 15.753527481108392]]], [[[80.79252153873807, 15.756170936639478], [80.79351818811392, 15.75786603908648], [80.7936530180724, 15.757268385627526], [80.79252153873807, 15.756170936639478]]], [[[80.79276205792269, 15.757871166121447], [80.79252967850192, 15.758179457316146], [80.79380964939588, 15.759000996998452], [80.79276205792269, 15.757871166121447]]], [[[80.79401343846945, 15.770591701445937], [80.79280647184123, 15.768960958081777], [80.79250993928235, 15.770394449544256], [80.79401343846945, 15.770591701445937]]], [[[80.79091244655223, 15.828139288597356], [80.7896334235437, 15.832319626149854], [80.79243423884913, 15.830335254968077], [80.79091244655223, 15.828139288597356]]], [[[80.78863636317766, 15.836984872753703], [80.78742126308089, 15.842839283006583], [80.7891352234119, 15.83946213986593], [80.78863636317766, 15.836984872753703]]], [[[80.78608779961235, 15.85509706227964], [80.78738578392682, 15.844842142450943], [80.78353631684757, 15.854693579645016], [80.78608779961235, 15.85509706227964]]], [[[80.77753566244093, 15.863715964220432], [80.7838913691914, 15.857831418585135], [80.77529284948548, 15.863442694424862], [80.77753566244093, 15.863715964220432]]], [[[80.7394547373463, 16.109150436643404], [80.74229969677367, 16.081337262005093], [80.74938713151096, 16.06104927970057], [80.77074683679712, 16.067534759521607], [80.77517529100692, 16.056541234590327], [80.77130399108637, 16.04632599824629], [80.79071640333939, 16.035493632725036], [80.81476917705595, 16.045136564800657], [80.81346358267825, 16.063201780937504], [80.82613563105457, 16.060197861841914], [80.83534788499696, 16.044741176963782], [80.84381808673538, 16.048073893595358], [80.85689555128874, 16.03799253752561], [80.87704103601504, 16.052213227458537], [80.8913561556621, 16.00114835651152], [80.89021543489446, 15.961133750522208], [80.89670383481416, 15.965331979187567], [80.89871468113768, 15.935565399723487], [80.89491698533067, 15.923121735979407], [80.90321076526465, 15.917425031739867], [80.88629914818722, 15.856518549591442], [80.88074548291775, 15.857279013615653], [80.87265067259051, 15.846357542366718], [80.86241248914513, 15.825124240391403], [80.86166032226612, 15.809499104400174], [80.85596033819911, 15.806984852668847], [80.83828106342042, 15.763302635108573], [80.83220241620859, 15.742140917369511], [80.83262391046514, 15.707040777210125], [80.82237552151315, 15.70926279783987], [80.81568796942429, 15.713809937378755], [80.80952949658905, 15.72257500433301], [80.8092084629003, 15.73535216367145], [80.79806368728941, 15.742803482994418], [80.78840918993222, 15.757614825164126], [80.79044068379056, 15.770243800511025], [80.79962800852581, 15.777159913499247], [80.79033580035696, 15.769054472286143], [80.79119684455878, 15.754020323079487], [80.81022206449671, 15.735649001100569], [80.81140858234028, 15.727447480816636], [80.82225272178573, 15.710805890579422], [80.81326084940872, 15.729054672735003], [80.8158197578756, 15.74096367603289], [80.81106476882405, 15.764760279663221], [80.77961628716196, 15.841279610365802], [80.78579670435448, 15.831130949933424], [80.78868220521963, 15.83275088164794], [80.79065957068269, 15.818117327352809], [80.79242223379913, 15.815849482667545], [80.79141595897937, 15.82104719177454], [80.80075082019425, 15.806212531982794], [80.80243376920316, 15.816480957829981], [80.81568795413585, 15.811261470740305], [80.81257105950687, 15.831509494367708], [80.80033793604696, 15.8483524536029], [80.78191292274323, 15.863334021248136], [80.72908526007677, 15.878866034240161], [80.68590654325243, 15.881902587034801], [80.68059160391942, 15.885782459293125], [80.6766475047786, 15.8806572454356], [80.60516846675142, 15.870678880625917], [80.61748173059743, 15.903292015813918], [80.61291108367965, 15.9261051325459], [80.62237410727931, 15.92655331688212], [80.6359956454827, 15.917502592870392], [80.65018696715487, 15.92479336432234], [80.64040888586146, 15.946843453062968], [80.62718531924713, 15.95933128790864], [80.65405201139129, 15.975591697798677], [80.65696142253171, 15.991463102340333], [80.65028522438365, 16.001481194701398], [80.63048074818806, 15.998782179953707], [80.61909848230914, 16.001884740288574], [80.61411254825555, 16.036117325154464], [80.63450710471915, 16.04403877676816], [80.64613840816105, 16.05479457580907], [80.65530288112313, 16.053520220281996], [80.66501690100921, 16.06576812589833], [80.67909247633679, 16.062885683627428], [80.69065003087428, 16.06907113072816], [80.70179483706215, 16.108034228696738], [80.7394547373463, 16.109150436643404]]]]}}, {"type": "Feature", "properties": {"ac_name": "Parchur", "district_key": "Bapatla", "display": "Parchur"}, "geometry": {"type": "Polygon", "coordinates": [[[80.23883974865555, 16.044824132227973], [80.24013917188535, 16.05259290773654], [80.26105277656444, 16.046035017202314], [80.26247957437289, 16.053633918870332], [80.28365690973862, 16.049487547812134], [80.2935178212905, 16.05355818156488], [80.30087824523491, 16.05005134988994], [80.30193443512616, 16.055746383189103], [80.30577453396762, 16.05437585686036], [80.31845424456782, 16.044934576169794], [80.31382939011434, 16.029160906350796], [80.32795610269204, 16.02522784189142], [80.32542254161706, 16.019080456797667], [80.33553111207124, 16.015352695870263], [80.3454566812809, 16.028986269700624], [80.3585850141871, 16.02713310960536], [80.35888402527758, 16.021999683138915], [80.37178603389839, 16.013337632625678], [80.42621197170519, 15.999862921336785], [80.42309888840305, 15.973817777868192], [80.41812459787195, 15.963645600164341], [80.39708092514462, 15.97447838027307], [80.38550381394992, 15.977204366588296], [80.38525946814997, 15.971143428826224], [80.37973989977661, 15.974047852326578], [80.36732901991837, 15.979386580526295], [80.36204815409911, 15.976895480941721], [80.35602903571146, 15.932738713620779], [80.34645567249135, 15.925268439287095], [80.33647273822635, 15.903130465198842], [80.33768857127063, 15.874576097209172], [80.3248946719516, 15.865342404328544], [80.30896292829658, 15.862366415477766], [80.2871024921863, 15.839284165831657], [80.28428718250751, 15.830195568670604], [80.29102561374111, 15.816704701061155], [80.28274816189821, 15.80586402580417], [80.2749290261537, 15.803415953383592], [80.2123491296087, 15.841843414242248], [80.20870352624678, 15.78167608218547], [80.22997852708744, 15.764976902961735], [80.24121429970023, 15.762187667327055], [80.25056844148043, 15.751978422266404], [80.26927218616254, 15.748857082288566], [80.28104514002126, 15.726622252115305], [80.30207995172844, 15.709081820969288], [80.2695989602239, 15.66597459035512], [80.24008934944396, 15.606159018224162], [80.22171983420304, 15.618034858122257], [80.17193507264557, 15.626578514686742], [80.1672078618534, 15.660119189049396], [80.17414135064286, 15.700668947414044], [80.1918391613483, 15.72501988326104], [80.19701369492611, 15.761154634978482], [80.17811141770784, 15.767594865410786], [80.17331728476495, 15.74447924282282], [80.15350991904756, 15.724417145035261], [80.12920908712971, 15.745989535488718], [80.15242338063456, 15.781025431678358], [80.15234759386641, 15.810283981420639], [80.14142062506187, 15.821456235816697], [80.13386607346058, 15.863176764895854], [80.12017067933346, 15.866454953833113], [80.1116196168519, 15.8883030575401], [80.10080930000925, 15.885500556905242], [80.08510347684404, 15.8885885248406], [80.02479059311145, 15.920272630677403], [80.02121723948409, 15.928428093981381], [80.0188758608324, 15.957927410221828], [80.0256340393795, 15.984910544785862], [80.03477285468358, 15.99460775544361], [80.05778859586707, 15.999338894474477], [80.08873893135666, 16.01807809402885], [80.09715300190959, 16.011446906049912], [80.12062193845173, 16.020889863076775], [80.1397852537865, 16.015998031384072], [80.13312305628409, 16.02004297510325], [80.1373085199723, 16.04586488705496], [80.15526744613578, 16.045936038717286], [80.15484884949484, 16.04181054272243], [80.1823132715403, 16.03475805204249], [80.1815627279376, 16.026973063556113], [80.1874522765014, 16.025660999455624], [80.19011204843235, 16.03873108776952], [80.22954140711033, 16.032051995603183], [80.22981340166723, 16.037913578848645], [80.23732968171947, 16.037385049080797], [80.23883974865555, 16.044824132227973]]]}}, {"type": "Feature", "properties": {"ac_name": "Bapatla", "district_key": "Bapatla", "display": "Bapatla"}, "geometry": {"type": "Polygon", "coordinates": [[[80.59508119404194, 16.0425953639849], [80.60691272164485, 16.04211104039223], [80.61411254825555, 16.036117325154464], [80.61909848230914, 16.001884740288574], [80.63048074818806, 15.998782179953707], [80.65028522438365, 16.001481194701398], [80.65696142253171, 15.991463102340333], [80.65405201139129, 15.975591697798677], [80.62718531924713, 15.95933128790864], [80.64040888586146, 15.946843453062968], [80.65018696715487, 15.92479336432234], [80.6359956454827, 15.917502592870392], [80.62237410727931, 15.92655331688212], [80.61291108367965, 15.9261051325459], [80.61748173059743, 15.903292015813918], [80.60516846675142, 15.870678880625917], [80.53645035190226, 15.852687200254138], [80.41820998490294, 15.79793770346231], [80.41733606061075, 15.807771037303553], [80.447630905442, 15.823134350070234], [80.4537654158413, 15.820403809588186], [80.44861134184004, 15.826545316713066], [80.45130377175172, 15.83630569575132], [80.44739506273203, 15.847688842965795], [80.47510009479362, 15.85289422059185], [80.47153467948192, 15.859547626321955], [80.45081188216267, 15.857414086391032], [80.43698453051172, 15.878201706843356], [80.40682031850298, 15.85756744418228], [80.38683506418693, 15.891732761557762], [80.3781302635009, 15.896875055339592], [80.3774234566273, 15.905151490948583], [80.37534127248182, 15.92356288132197], [80.37980925819079, 15.930996129667676], [80.37504747566055, 15.944159570307988], [80.37973989977661, 15.974047852326578], [80.38525946814997, 15.971143428826224], [80.38550381394992, 15.977204366588296], [80.39708092514462, 15.97447838027307], [80.41812459787195, 15.963645600164341], [80.42309888840305, 15.973817777868192], [80.45370424935169, 15.981660515420515], [80.45820619885706, 16.001759653585168], [80.46545559609893, 16.006642978590662], [80.47183800282164, 16.00176305212318], [80.49292431240713, 16.00131076328114], [80.49968004569763, 15.98973264574505], [80.52525740410596, 16.007975584105964], [80.5270811743568, 15.991520008741475], [80.53916810852144, 15.990815639030586], [80.54744654961866, 16.003857626228523], [80.55749840882459, 16.01014287109666], [80.55810698814702, 16.0221008730569], [80.56449345530876, 16.024427068454486], [80.57868254936022, 16.01940224142038], [80.58848297970582, 16.02731049997965], [80.58549582487245, 16.040088729511297], [80.59508119404194, 16.0425953639849]]]}}, {"type": "Feature", "properties": {"ac_name": "Mantralayam", "district_key": "Kurnool", "display": "Mantralayam"}, "geometry": {"type": "Polygon", "coordinates": [[[77.42370176302597, 15.947719853188744], [77.44419755887031, 15.917881566281324], [77.43500487417566, 15.867509575306713], [77.43938613736043, 15.847088028389862], [77.42638883927356, 15.837019928327095], [77.40542801389176, 15.835899345178689], [77.39927725004509, 15.807952957562975], [77.41890793135599, 15.791032538820673], [77.42354514429303, 15.776787512333897], [77.45937614819076, 15.76271934472203], [77.4438033806216, 15.748931863614644], [77.45338957446933, 15.733014547783227], [77.45354066057308, 15.723179350546616], [77.44963226631609, 15.717948917808371], [77.38244819253009, 15.726032962351383], [77.35048677264649, 15.66290546141795], [77.30878676879439, 15.663638184954323], [77.3052916301047, 15.671861643300247], [77.31072912454954, 15.67924420045955], [77.31661893121878, 15.68317628915446], [77.33236016698817, 15.679751164484685], [77.34360198664245, 15.683404420177908], [77.34830155137553, 15.687114542702034], [77.34540767062754, 15.694372843232202], [77.33242568799517, 15.704826315382206], [77.31003016426075, 15.702389382863771], [77.2971882339499, 15.711239163256835], [77.29123029194449, 15.699978812172503], [77.28127923684735, 15.70156947814894], [77.27179433723893, 15.710467812039951], [77.26863582648224, 15.722336514918254], [77.2702826632144, 15.730254136319388], [77.28765653092421, 15.748786794874718], [77.28358989016135, 15.766044394633127], [77.27458945174186, 15.771108696509202], [77.23562935750891, 15.772817965976401], [77.22771520928956, 15.771155916312523], [77.22407144234325, 15.76415621583675], [77.22412358773346, 15.748398925370168], [77.23760969253334, 15.737639247553261], [77.21698119992249, 15.694703038314628], [77.21582068237865, 15.68043950827672], [77.1653108334283, 15.674468902917567], [77.14408824597581, 15.685664794194963], [77.1360509706758, 15.680720378242938], [77.12887748430853, 15.665616041447208], [77.12017733311751, 15.66763221805246], [77.12144854191672, 15.671139888794869], [77.10926748110944, 15.68148272095084], [77.07873405423328, 15.695163832944559], [77.08744550900309, 15.715505338400703], [77.07890087847284, 15.71627063628091], [77.07972349014699, 15.727528974682457], [77.04913303186396, 15.730270768381331], [77.04778432578604, 15.756192704729585], [77.05418380433917, 15.756102437977177], [77.05633544042831, 15.762736295143952], [77.0509920672302, 15.764630339318728], [77.05226699292746, 15.76976694039206], [77.0567613296717, 15.768640519744224], [77.06078776714179, 15.786191425294078], [77.0663090505223, 15.78513262826823], [77.06727770939881, 15.788851749408764], [77.06692689286189, 15.802655031604502], [77.06362452565139, 15.803193503377543], [77.06520738910979, 15.827824676068019], [77.04346352312314, 15.828855501480234], [77.04009990938334, 15.83283952062743], [77.03556570839078, 15.829720645691282], [77.02530222521756, 15.837512616514118], [77.03158412910432, 15.854861259139852], [77.05484209548638, 15.880638453202096], [77.07297641283122, 15.91084371746365], [77.1033911157075, 15.929107505706895], [77.13656761590283, 15.937890756952925], [77.14601335813, 15.946290127187694], [77.17358466639928, 15.950560221577007], [77.18477618697153, 15.956730615825336], [77.23467450592375, 15.957420938125836], [77.24890285897982, 15.964854868157715], [77.28439256476508, 15.95387222592251], [77.30057859172871, 15.957881227336827], [77.32205667387643, 15.950418559468972], [77.36138382370456, 15.949552886456615], [77.37915175994584, 15.939630394726976], [77.39752560272444, 15.944281255775365], [77.41514805653765, 15.94201670980334], [77.42370176302597, 15.947719853188744]]]}}, {"type": "Feature", "properties": {"ac_name": "DARSI", "district_key": "Prakasam", "display": "Darsi"}, "geometry": {"type": "Polygon", "coordinates": [[[79.74557075248828, 15.825609014544455], [79.77088160939883, 15.825527993722005], [79.7726831196303, 15.842502529168428], [79.75419960992411, 15.847757169857573], [79.74693197712912, 15.85955783452647], [79.75390013388414, 15.87138159288628], [79.75540570241128, 15.899942577188256], [79.76312329120697, 15.900684419850165], [79.78341353980306, 15.91503630917839], [79.79119503442337, 15.941082012025277], [79.84331828601017, 15.930025078594554], [79.84825503883906, 15.92843905401918], [79.84724462533927, 15.922823808571934], [79.869885020977, 15.916675906368027], [79.88154659919627, 15.909641765455149], [79.89217861285277, 15.88050405311958], [79.9138505789411, 15.868405586048993], [79.91604398044541, 15.853533746485255], [79.93590028187259, 15.84526509810587], [79.9392136774693, 15.839848666682656], [79.936435990029, 15.830889314690182], [79.91601383157314, 15.825116632126935], [79.90744827022155, 15.81582184560176], [79.90768516693697, 15.790544506423885], [79.90343130890784, 15.777578784433388], [79.9086780868243, 15.748520677387376], [79.89066850454793, 15.714468715958503], [79.8898816517169, 15.704133706105722], [79.88135725503332, 15.691199078174975], [79.86275174599632, 15.6841799451484], [79.85802727903575, 15.666960082741696], [79.83865008963, 15.661609985312623], [79.82677025044677, 15.640731321093654], [79.82011819549837, 15.64152111380838], [79.81699400017305, 15.653947017740734], [79.80929747889559, 15.65905396636748], [79.79945188459686, 15.639146806479971], [79.7704165294993, 15.64069971711831], [79.74462514053783, 15.611606818899645], [79.74635714036981, 15.593207987558628], [79.73801293814665, 15.590939330785545], [79.71434952051402, 15.615088023493513], [79.68743384859329, 15.662963411931969], [79.67806085972097, 15.672060240587655], [79.64856063876255, 15.688131250556808], [79.63988983964447, 15.712197472735227], [79.62737310958141, 15.728014856800257], [79.61125987824084, 15.734437005463462], [79.59090307351806, 15.713910996895038], [79.55976876641552, 15.717009451824765], [79.5421905439585, 15.707504672702555], [79.49925764422494, 15.69921195306921], [79.48833831066457, 15.72029799375747], [79.46253748241895, 15.734869100928336], [79.44615714253814, 15.724569035132902], [79.43205171691324, 15.724972963831249], [79.43397476872065, 15.761856080094049], [79.42089844091038, 15.774972020342489], [79.40175626593896, 15.777857199250377], [79.3944378358375, 15.79213158500471], [79.3989295591519, 15.819598061101715], [79.39571236673237, 15.826705009328748], [79.38462613159078, 15.833430004691024], [79.37399157375216, 15.826249438860543], [79.36718474368104, 15.800124703592246], [79.37021554261327, 15.784336542997096], [79.38639785897408, 15.78894603703003], [79.38984515193226, 15.78586289755475], [79.37527181444273, 15.757890373841747], [79.34060664218282, 15.79593126381684], [79.32497427744102, 15.805004795534956], [79.32583450595774, 15.81744193110029], [79.33238162351319, 15.827564040847847], [79.36957758603683, 15.854760556654412], [79.40180730066646, 15.893339031671019], [79.42517588096217, 15.910121691363031], [79.43070668636454, 15.923986703923276], [79.45111315524798, 15.932183899367487], [79.45920461829854, 15.948705420219028], [79.47483605404074, 15.954206334854518], [79.51141481634073, 15.948975349033162], [79.54576951205337, 15.993153147899534], [79.57242138134171, 16.00482343425415], [79.55954139711781, 15.96367843081498], [79.55919572830027, 15.948200614566758], [79.57242469084684, 15.937211354220665], [79.58985439836187, 15.9405022191022], [79.6154628193537, 15.932819877435463], [79.6116340276883, 15.922356040598856], [79.63586055312209, 15.9073245947543], [79.65529037445128, 15.920948208593018], [79.67626388117321, 15.90373769104167], [79.69325036411306, 15.898331455232494], [79.68855216724876, 15.876200703599636], [79.71456668430511, 15.867624588703848], [79.71978701136152, 15.859118892522929], [79.7171079516707, 15.845523228714057], [79.71063958145157, 15.837611296424257], [79.73238474965655, 15.835801457571279], [79.73877232388372, 15.827331049888073], [79.74557075248828, 15.825609014544455]]]}}, {"type": "Feature", "properties": {"ac_name": "Yemmiganur", "district_key": "Kurnool", "display": "Yemmiganur"}, "geometry": {"type": "Polygon", "coordinates": [[[77.49887474387441, 15.933516493191632], [77.51357025696183, 15.927131504515387], [77.54912261221881, 15.919460112993875], [77.58095127777932, 15.91881733695061], [77.5934526708042, 15.912259847514008], [77.61148716070397, 15.918229075111753], [77.63720258842875, 15.896050668403689], [77.62356043416673, 15.873931024297406], [77.62015064203854, 15.832147616419434], [77.60864622124615, 15.826358229848495], [77.60140122618571, 15.813895358384116], [77.61814594437988, 15.790313471489583], [77.63814718414528, 15.778350192307585], [77.64342096600484, 15.76734298509075], [77.673792144392, 15.768182512113299], [77.68448225425271, 15.761834278729054], [77.68494860039766, 15.706425330664501], [77.70490285778072, 15.698551146518241], [77.7064754815583, 15.676457728441449], [77.73125601815076, 15.678978739477316], [77.74311622243579, 15.671987985457235], [77.74159982876915, 15.658512364054388], [77.74821959355944, 15.65089226086917], [77.75051349610101, 15.630343820510973], [77.73898496448459, 15.62201255593476], [77.73352240503505, 15.605368122041227], [77.70892923679492, 15.616891687601367], [77.68757260808945, 15.615702727199164], [77.68381890262032, 15.633355810122566], [77.67710534393655, 15.639350162080348], [77.66769899831019, 15.63940537865534], [77.64597135519392, 15.624981040842385], [77.64790231653876, 15.644677035416919], [77.6396036361989, 15.657066465544972], [77.62389177768347, 15.647741987902464], [77.60549913187947, 15.649460408870823], [77.5921979088065, 15.63980393120653], [77.58077986699732, 15.663951384648726], [77.56875107939885, 15.653404810183872], [77.55280474154563, 15.659992740772395], [77.52295797223269, 15.645623158182275], [77.51341763751401, 15.631537409723705], [77.5100315901858, 15.614735329172163], [77.48487669550315, 15.617495280183107], [77.47725948543695, 15.606036428038749], [77.46711419206639, 15.604084533174728], [77.46233243199617, 15.607159898910254], [77.46319453380073, 15.639050181520702], [77.45663494354784, 15.646687958182781], [77.43868788303945, 15.655813268367694], [77.42072299616939, 15.644835108353618], [77.3947149200576, 15.645222366319217], [77.35048677264649, 15.66290546141795], [77.38244819253009, 15.726032962351383], [77.44963226631609, 15.717948917808371], [77.45354066057308, 15.723179350546616], [77.45338957446933, 15.733014547783227], [77.4438033806216, 15.748931863614644], [77.45937614819076, 15.76271934472203], [77.42354514429303, 15.776787512333897], [77.41890793135599, 15.791032538820673], [77.39927725004509, 15.807952957562975], [77.40542801389176, 15.835899345178689], [77.42638883927356, 15.837019928327095], [77.43938613736043, 15.847088028389862], [77.43500487417566, 15.867509575306713], [77.44419755887031, 15.917881566281324], [77.42370176302597, 15.947719853188744], [77.43323327089877, 15.948174530630126], [77.46711437013215, 15.93442098544017], [77.49887474387441, 15.933516493191632]]]}}, {"type": "Feature", "properties": {"ac_name": "Chirala", "district_key": "Bapatla", "display": "Chirala"}, "geometry": {"type": "Polygon", "coordinates": [[[80.3774234566273, 15.905151490948583], [80.3781302635009, 15.896875055339592], [80.38683506418693, 15.891732761557762], [80.40682031850298, 15.85756744418228], [80.43698453051172, 15.878201706843356], [80.45081188216267, 15.857414086391032], [80.47153467948192, 15.859547626321955], [80.47510009479362, 15.85289422059185], [80.44739506273203, 15.847688842965795], [80.45130377175172, 15.83630569575132], [80.44861134184004, 15.826545316713066], [80.4537654158413, 15.820403809588186], [80.447630905442, 15.823134350070234], [80.41733606061075, 15.807771037303553], [80.41820998490294, 15.79793770346231], [80.34560957682055, 15.751586715354676], [80.30207995172844, 15.709081820969288], [80.28104514002126, 15.726622252115305], [80.26927218616254, 15.748857082288566], [80.25056844148043, 15.751978422266404], [80.24121429970023, 15.762187667327055], [80.22997852708744, 15.764976902961735], [80.20870352624678, 15.78167608218547], [80.2123491296087, 15.841843414242248], [80.2749290261537, 15.803415953383592], [80.28274816189821, 15.80586402580417], [80.29102561374111, 15.816704701061155], [80.28428718250751, 15.830195568670604], [80.2871024921863, 15.839284165831657], [80.30896292829658, 15.862366415477766], [80.3248946719516, 15.865342404328544], [80.33768857127063, 15.874576097209172], [80.33647273822635, 15.903130465198842], [80.34645567249135, 15.925268439287095], [80.35602903571146, 15.932738713620779], [80.36204815409911, 15.976895480941721], [80.36732901991837, 15.979386580526295], [80.37973989977661, 15.974047852326578], [80.37504747566055, 15.944159570307988], [80.37980925819079, 15.930996129667676], [80.37534127248182, 15.92356288132197], [80.3774234566273, 15.905151490948583]]]}}, {"type": "Feature", "properties": {"ac_name": "Kodumur_SC", "district_key": "Kurnool", "display": "Kodumur (SC)"}, "geometry": {"type": "Polygon", "coordinates": [[[77.74884055924446, 15.885605558150019], [77.76764775114287, 15.886221240318037], [77.78270636460712, 15.876686837527586], [77.80505265135884, 15.874725053718294], [77.83810388228841, 15.885238462984717], [77.85980768887379, 15.884601143128293], [77.878099153753, 15.905078978612039], [77.88879267654085, 15.906148515341783], [77.93640282163295, 15.883961109117934], [77.97574999666506, 15.883453587513088], [78.0065217744604, 15.863085771491228], [77.9986936365022, 15.823170667392446], [77.99286228396727, 15.819371126176577], [77.97637529888101, 15.826433615518965], [77.96510292565955, 15.821976776007432], [77.94266211926146, 15.821525926979973], [77.93950131883088, 15.81482040194004], [77.95980311472204, 15.808980852084687], [77.94288898583807, 15.804075739204052], [77.94017865042446, 15.79325701190163], [77.90981914164013, 15.785832714508217], [77.86322875760112, 15.78916908688393], [77.8527186425514, 15.77171771110352], [77.84874377310672, 15.75489337053267], [77.86282374521971, 15.735510858039731], [77.87369143521164, 15.734741569867595], [77.89254031338481, 15.753785758306151], [77.91404242811564, 15.74878390265502], [77.91333281265923, 15.744118099370837], [77.90326628191343, 15.74082960240429], [77.90069498708402, 15.735527197821966], [77.91809554847083, 15.724593145956987], [77.92097864724684, 15.716645863116128], [77.90752966286368, 15.713023290492515], [77.89547321751502, 15.701343541471317], [77.90152548851052, 15.628300061698553], [77.90695518853119, 15.618486574995472], [77.90040891184185, 15.592742281730978], [77.86767534664, 15.606629343869201], [77.86228185152629, 15.617188129328781], [77.82790714589811, 15.62093861162765], [77.80718187004732, 15.604102276798699], [77.80363137988434, 15.580632439135798], [77.79715110533931, 15.569944583875497], [77.77520797207029, 15.559038116016268], [77.77369242916234, 15.568966269877478], [77.78073934314625, 15.5874157834117], [77.79629449749314, 15.599983874656118], [77.80875806053615, 15.622028828267844], [77.8105288238462, 15.642604656579692], [77.80678479778027, 15.64852402216593], [77.7948658731616, 15.637996766937306], [77.77908585143098, 15.641546416234178], [77.76812754035376, 15.625711314625505], [77.75051349610101, 15.630343820510973], [77.74821959355944, 15.65089226086917], [77.74159982876915, 15.658512364054388], [77.74311622243579, 15.671987985457235], [77.73125601815076, 15.678978739477316], [77.7064754815583, 15.676457728441449], [77.70490285778072, 15.698551146518241], [77.68494860039766, 15.706425330664501], [77.68448225425271, 15.761834278729054], [77.673792144392, 15.768182512113299], [77.64342096600484, 15.76734298509075], [77.63814718414528, 15.778350192307585], [77.61814594437988, 15.790313471489583], [77.60140122618571, 15.813895358384116], [77.60864622124615, 15.826358229848495], [77.62015064203854, 15.832147616419434], [77.62356043416673, 15.873931024297406], [77.63720258842875, 15.896050668403689], [77.65756319278717, 15.886266432150194], [77.68455767589609, 15.883593106536694], [77.72423237862142, 15.896159859589886], [77.74884055924446, 15.885605558150019]]]}}, {"type": "Feature", "properties": {"ac_name": "Kurnool", "district_key": "Kurnool", "display": "Kurnool"}, "geometry": {"type": "Polygon", "coordinates": [[[78.1342959659861, 15.83690712636286], [78.14618151226705, 15.814056199434106], [78.13620614579708, 15.802568240731773], [78.14039478948803, 15.790273268196813], [78.14853816230641, 15.785071781037914], [78.17362382268135, 15.782546163674567], [78.17936713698384, 15.776732258886682], [78.14551593661122, 15.748706723736348], [78.12662843615345, 15.754192159240802], [78.1217001729247, 15.74256180098638], [78.10259584861956, 15.743135885912466], [78.09178628630815, 15.733403910162394], [78.06064102276503, 15.733250082025734], [78.03990952630363, 15.725549659489218], [78.03300317545626, 15.727232344996764], [78.02686409919886, 15.732451814999308], [78.02598889876873, 15.740782523794508], [78.00206569217801, 15.745590373197217], [77.97792649451219, 15.765494506866048], [77.97968521320206, 15.7704230758643], [77.98957043522745, 15.773477766186033], [78.00366356532135, 15.763268492347095], [78.01035194388714, 15.777453009748626], [78.02528752469954, 15.779978571354036], [78.03391620496893, 15.786750958290156], [78.03441140586176, 15.795576555913385], [78.02860843323265, 15.80570358135526], [78.00797928501606, 15.807996004512063], [77.9986936365022, 15.823170667392446], [78.0065217744604, 15.863085771491228], [78.02563097668826, 15.902707698401628], [78.0311154966829, 15.903301377756407], [78.03200437400272, 15.907690037864995], [78.04505695161708, 15.904481058953763], [78.0468775706434, 15.875254476512907], [78.05632059601874, 15.874992642496522], [78.05595041797744, 15.866675626778829], [78.07163777536311, 15.862093623222165], [78.07147274976762, 15.850717268587118], [78.08506546380016, 15.845345984929338], [78.08367129069757, 15.841267654778505], [78.09908948009547, 15.836356302401498], [78.1342959659861, 15.83690712636286]]]}}, {"type": "Feature", "properties": {"ac_name": "Panyam", "district_key": "Nandyal", "display": "Panyam"}, "geometry": {"type": "Polygon", "coordinates": [[[77.9986936365022, 15.823170667392446], [78.00797928501606, 15.807996004512063], [78.02860843323265, 15.80570358135526], [78.03441140586176, 15.795576555913385], [78.03391620496893, 15.786750958290156], [78.02528752469954, 15.779978571354036], [78.01035194388714, 15.777453009748626], [78.00366356532135, 15.763268492347095], [77.98957043522745, 15.773477766186033], [77.97968521320206, 15.7704230758643], [77.97792649451219, 15.765494506866048], [78.00206569217801, 15.745590373197217], [78.02598889876873, 15.740782523794508], [78.02686409919886, 15.732451814999308], [78.03300317545626, 15.727232344996764], [78.03990952630363, 15.725549659489218], [78.06064102276503, 15.733250082025734], [78.09178628630815, 15.733403910162394], [78.10259584861956, 15.743135885912466], [78.1217001729247, 15.74256180098638], [78.12662843615345, 15.754192159240802], [78.14551593661122, 15.748706723736348], [78.14690264893818, 15.74173510818872], [78.16183478894442, 15.731046778086409], [78.17007641449499, 15.711490611902263], [78.1832129258359, 15.701957146205359], [78.19161745098461, 15.688120413726153], [78.23565558783514, 15.696989114955727], [78.24561817314026, 15.693205230037393], [78.24821756099169, 15.68667339646015], [78.26480835032515, 15.68691819551833], [78.29189000561934, 15.66988462317687], [78.31406152711781, 15.66376342454248], [78.32946541279864, 15.678662146640818], [78.33705996264723, 15.67996018041805], [78.34100352129553, 15.65890775458928], [78.34869717103766, 15.65109549416178], [78.37935363236431, 15.656536611975127], [78.37892355947474, 15.679003956467454], [78.3942842579122, 15.698537646794989], [78.4027606406911, 15.717815898185222], [78.4245226630905, 15.708940642696575], [78.42983447817869, 15.700944832438097], [78.43879439854271, 15.703292018911611], [78.43657881076354, 15.694205779772972], [78.4531582416596, 15.680235671539037], [78.45871470292127, 15.662113482451332], [78.47886568250527, 15.656652755820062], [78.48110989390653, 15.651745698605168], [78.48106701063409, 15.635557165231035], [78.46587337475648, 15.628878052380287], [78.46327932528067, 15.622341564811393], [78.51011792220442, 15.603433169505195], [78.50370461657485, 15.591730179304363], [78.47217131625331, 15.590843567376794], [78.468435552259, 15.579793842911556], [78.4547915516888, 15.57907607060423], [78.45432216133872, 15.566027125351582], [78.42148133039916, 15.556637512511259], [78.4191173922539, 15.548726068553265], [78.40512505997361, 15.548316575749425], [78.40826109217574, 15.54084100171093], [78.40096812278068, 15.538056116996245], [78.40251079463752, 15.5309735071217], [78.39654501504049, 15.515130561626165], [78.40908757543133, 15.502254002020607], [78.39762910819684, 15.487671748652303], [78.40643785342428, 15.461963467839837], [78.36829786085764, 15.420525307896696], [78.36519849131736, 15.398765566177985], [78.3564457756521, 15.395829785116518], [78.35496003447804, 15.384444089223393], [78.34513098770498, 15.377604112839606], [78.32424774683608, 15.387924533890157], [78.32425132613787, 15.423918263816859], [78.30057430086333, 15.433488748307127], [78.29312481166079, 15.44720110005079], [78.27994349699486, 15.45434144370273], [78.26988649456615, 15.467121220967613], [78.27637637926654, 15.47300196067198], [78.30010705179905, 15.475441902321961], [78.30173358723533, 15.505122527282879], [78.29318247529108, 15.500488582482149], [78.26764843632634, 15.506571894477418], [78.26173264644456, 15.499432657890907], [78.23645815002368, 15.4991628990486], [78.22675482127806, 15.513600336386446], [78.19452314252908, 15.499434783888205], [78.18120872460304, 15.501457997688476], [78.17476777920967, 15.509752275846893], [78.17569576624669, 15.525748158250963], [78.18494933594314, 15.534376009345408], [78.1822263263839, 15.543975378261166], [78.16208461161557, 15.54852356281225], [78.12349974781517, 15.52946364702973], [78.11504413667762, 15.530385980028996], [78.11327952383101, 15.55308828499642], [78.10303696608315, 15.580216441535583], [78.0981824445642, 15.597342415620062], [78.08486440326965, 15.614242283954297], [78.07299433432115, 15.615390948433571], [78.05069633666665, 15.59600911762675], [78.04375720553065, 15.617205059965613], [78.02171807323055, 15.636638693520922], [78.01124014581615, 15.63489032962508], [77.99722680717144, 15.60094511232711], [77.98604562700416, 15.59380041595648], [77.96565222616937, 15.59561803034785], [77.94039033824356, 15.611588924189562], [77.90695518853119, 15.618486574995472], [77.90152548851052, 15.628300061698553], [77.89547321751502, 15.701343541471317], [77.90752966286368, 15.713023290492515], [77.92097864724684, 15.716645863116128], [77.91809554847083, 15.724593145956987], [77.90069498708402, 15.735527197821966], [77.90326628191343, 15.74082960240429], [77.91333281265923, 15.744118099370837], [77.91404242811564, 15.74878390265502], [77.89254031338481, 15.753785758306151], [77.87369143521164, 15.734741569867595], [77.86282374521971, 15.735510858039731], [77.84874377310672, 15.75489337053267], [77.8527186425514, 15.77171771110352], [77.86322875760112, 15.78916908688393], [77.90981914164013, 15.785832714508217], [77.94017865042446, 15.79325701190163], [77.94288898583807, 15.804075739204052], [77.95980311472204, 15.808980852084687], [77.93950131883088, 15.81482040194004], [77.94266211926146, 15.821525926979973], [77.96510292565955, 15.821976776007432], [77.97637529888101, 15.826433615518965], [77.99286228396727, 15.819371126176577], [77.9986936365022, 15.823170667392446]]]}}, {"type": "Feature", "properties": {"ac_name": "Markapuram", "district_key": "Markapuram", "display": "Markapuram"}, "geometry": {"type": "Polygon", "coordinates": [[[79.3944378358375, 15.79213158500471], [79.40175626593896, 15.777857199250377], [79.42089844091038, 15.774972020342489], [79.43397476872065, 15.761856080094049], [79.43205171691324, 15.724972963831249], [79.44615714253814, 15.724569035132902], [79.46253748241895, 15.734869100928336], [79.48833831066457, 15.72029799375747], [79.49925764422494, 15.69921195306921], [79.5421905439585, 15.707504672702555], [79.55976876641552, 15.717009451824765], [79.59090307351806, 15.713910996895038], [79.61125987824084, 15.734437005463462], [79.62737310958141, 15.728014856800257], [79.63988983964447, 15.712197472735227], [79.64856063876255, 15.688131250556808], [79.67806085972097, 15.672060240587655], [79.68743384859329, 15.662963411931969], [79.71434952051402, 15.615088023493513], [79.73801293814665, 15.590939330785545], [79.74635714036981, 15.593207987558628], [79.7645568905881, 15.586175004073255], [79.74243655670176, 15.556613928689899], [79.71261675625834, 15.564711771531108], [79.6938871344837, 15.576101888491394], [79.6720918488598, 15.582688641867378], [79.68538205613703, 15.5905150639191], [79.68248553318085, 15.596770709400744], [79.66908432168418, 15.593009167239302], [79.65355899605089, 15.574341003334666], [79.6439544254564, 15.57819201634851], [79.63008362306084, 15.575625655199872], [79.6115694932376, 15.584159810426968], [79.60529749448386, 15.573012980764474], [79.61037955167501, 15.55831726353091], [79.60348550984844, 15.546235052605653], [79.58620474085615, 15.535019165801884], [79.57112415695434, 15.548152066364821], [79.57081611217387, 15.499615411821821], [79.56569921434732, 15.497012727055733], [79.54292681262234, 15.504599731592407], [79.5183629155162, 15.501413053169927], [79.48354665265595, 15.532808150176038], [79.47533190064678, 15.547688305770748], [79.4649307681405, 15.542506720608742], [79.44712467726208, 15.514024386516269], [79.3656662932649, 15.525405159520517], [79.35273332728127, 15.535641470577445], [79.33247546776869, 15.565193277547792], [79.30463473880224, 15.582109402027356], [79.25252746187294, 15.573352483830092], [79.23414370047146, 15.55578698138413], [79.22265825357562, 15.56430832486933], [79.20922889689615, 15.601802788567909], [79.2115206770377, 15.611833490323363], [79.18064694759863, 15.636624053457354], [79.16326758053447, 15.64289324182971], [79.16443176641297, 15.64979491170584], [79.18665400607756, 15.677493915611763], [79.18548065251014, 15.68512851766701], [79.15772334195873, 15.668718415622436], [79.15357105605943, 15.671792846063056], [79.15838933220198, 15.680774982379603], [79.15572081166619, 15.688783941625672], [79.18037293945963, 15.722491269356624], [79.18142589718747, 15.72943754110969], [79.17386831217294, 15.735607682648492], [79.17795062542109, 15.756772380740813], [79.19329580785529, 15.763085516283581], [79.21013959626544, 15.790252729479903], [79.22170475457085, 15.78925692456744], [79.2417390588106, 15.779248188752945], [79.26246132732842, 15.777425585822186], [79.26982381971357, 15.77249684595273], [79.27322796499863, 15.758837944515562], [79.28289614194347, 15.765990913749704], [79.29129621275007, 15.755957786522686], [79.31227857329759, 15.772760757403091], [79.32497427744102, 15.805004795534956], [79.34060664218282, 15.79593126381684], [79.37527181444273, 15.757890373841747], [79.38984515193226, 15.78586289755475], [79.38639785897408, 15.78894603703003], [79.37021554261327, 15.784336542997096], [79.36718474368104, 15.800124703592246], [79.37399157375216, 15.826249438860543], [79.38462613159078, 15.833430004691024], [79.39571236673237, 15.826705009328748], [79.3989295591519, 15.819598061101715], [79.3944378358375, 15.79213158500471]]]}}, {"type": "Feature", "properties": {"ac_name": "Adoni", "district_key": "Kurnool", "display": "Adoni"}, "geometry": {"type": "Polygon", "coordinates": [[[77.12887748430853, 15.665616041447208], [77.1360509706758, 15.680720378242938], [77.14408824597581, 15.685664794194963], [77.1653108334283, 15.674468902917567], [77.21582068237865, 15.68043950827672], [77.21698119992249, 15.694703038314628], [77.23760969253334, 15.737639247553261], [77.22412358773346, 15.748398925370168], [77.22407144234325, 15.76415621583675], [77.22771520928956, 15.771155916312523], [77.23562935750891, 15.772817965976401], [77.27458945174186, 15.771108696509202], [77.28358989016135, 15.766044394633127], [77.28765653092421, 15.748786794874718], [77.2702826632144, 15.730254136319388], [77.26863582648224, 15.722336514918254], [77.27179433723893, 15.710467812039951], [77.28127923684735, 15.70156947814894], [77.29123029194449, 15.699978812172503], [77.2971882339499, 15.711239163256835], [77.31003016426075, 15.702389382863771], [77.33242568799517, 15.704826315382206], [77.34540767062754, 15.694372843232202], [77.34830155137553, 15.687114542702034], [77.34360198664245, 15.683404420177908], [77.33236016698817, 15.679751164484685], [77.31661893121878, 15.68317628915446], [77.31072912454954, 15.67924420045955], [77.3052916301047, 15.671861643300247], [77.30878676879439, 15.663638184954323], [77.35048677264649, 15.66290546141795], [77.3947149200576, 15.645222366319217], [77.42072299616939, 15.644835108353618], [77.42493045367758, 15.629319911784535], [77.4109446954414, 15.622555797711925], [77.40922390565879, 15.593679876225337], [77.40034412927821, 15.590091135197781], [77.38266127969433, 15.59272394635309], [77.37996781556228, 15.574213867975686], [77.36037804171332, 15.559114374928527], [77.35220684477014, 15.541966328783076], [77.33063327440613, 15.551839061023884], [77.29309345429954, 15.555118824674082], [77.28684733713493, 15.537524118543274], [77.28666148593891, 15.520245277697484], [77.26665723524326, 15.515510578250655], [77.25616248780864, 15.518196055503608], [77.24105459869082, 15.533316290514449], [77.21822318794983, 15.521723480754076], [77.19612413921772, 15.523958259166363], [77.19107408440152, 15.557931340159257], [77.18480310098238, 15.565993023059605], [77.18227323702035, 15.582031051292006], [77.17700102267912, 15.584595992411153], [77.16592629346371, 15.58132027031428], [77.16094002576165, 15.594899587146301], [77.13972832819985, 15.586853277256978], [77.13220230759049, 15.575066701367234], [77.11865120878633, 15.570667518291373], [77.09379656266128, 15.577980199027024], [77.03261352279588, 15.609340387948578], [77.03047283685197, 15.634512415615518], [77.07176746499658, 15.646671606709333], [77.08323160425516, 15.65916598682088], [77.10140135758667, 15.648522496915746], [77.10629210919353, 15.637465820691148], [77.12146334565693, 15.631104794450778], [77.12887748430853, 15.665616041447208]]]}}, {"type": "Feature", "properties": {"ac_name": "GIDDALUR", "district_key": "Markapuram", "display": "Giddalur"}, "geometry": {"type": "Polygon", "coordinates": [[[78.94310156378617, 15.791700923059182], [78.96981574799844, 15.806805899272888], [78.99160567096499, 15.806599986000606], [79.00001142009103, 15.79205440158944], [79.00720892465222, 15.76054363018443], [79.03242401006008, 15.723234044615538], [79.055238587291, 15.719388675746814], [79.08840437026555, 15.740233645066724], [79.10138512802132, 15.743416582309465], [79.110097280665, 15.73635018001687], [79.1251869791958, 15.692045074920316], [79.12460448291063, 15.668506023634109], [79.13344291206079, 15.669490358593237], [79.14706488553611, 15.68761976114314], [79.15572081166619, 15.688783941625672], [79.15838933220198, 15.680774982379603], [79.15357105605943, 15.671792846063056], [79.15772334195873, 15.668718415622436], [79.18548065251014, 15.68512851766701], [79.18665400607756, 15.677493915611763], [79.16443176641297, 15.64979491170584], [79.16326758053447, 15.64289324182971], [79.18064694759863, 15.636624053457354], [79.2115206770377, 15.611833490323363], [79.20922889689615, 15.601802788567909], [79.22265825357562, 15.56430832486933], [79.23414370047146, 15.55578698138413], [79.24512444873437, 15.55291612417983], [79.24655078608998, 15.548380349373701], [79.22712074802416, 15.48756196121559], [79.21835194528609, 15.43752263845903], [79.19407466571329, 15.375788459869568], [79.1955437136715, 15.330065555580973], [79.19103057300259, 15.318438389919834], [79.1593680059288, 15.284601119146373], [79.1363950580855, 15.284880939603738], [79.12996309422147, 15.268743113603875], [79.1330945380825, 15.247130302221706], [79.12869509330397, 15.219905918223617], [79.10596758033961, 15.19034669544368], [79.08245933173282, 15.17316686455922], [79.01724525886169, 15.179585903366785], [79.00920292487513, 15.168613419873452], [78.98143238709503, 15.164980537421911], [78.97224983686056, 15.168658591920519], [78.95742051814244, 15.17634249930694], [78.95480869716368, 15.192297374424356], [78.94765987290486, 15.203713327108403], [78.9478175789182, 15.228773294751818], [78.92707523843154, 15.22884452465513], [78.91942418687677, 15.187347495090876], [78.86874021209115, 15.197725499732087], [78.77751828703936, 15.200008101392825], [78.75834217884852, 15.18503517263514], [78.74206805699527, 15.182198363763519], [78.7369630787831, 15.199215070219338], [78.73662939972706, 15.326530906076528], [78.74250646210362, 15.353937926194362], [78.77134568585478, 15.420645518475965], [78.76934818007453, 15.465277949817562], [78.7767419994438, 15.533680339675982], [78.76960134552576, 15.634717233513584], [78.77149595987072, 15.664783799832549], [78.7924696302693, 15.772138013758365], [78.796341874478, 15.775905934811078], [78.8377379848202, 15.780604152359786], [78.90955940014624, 15.780739357335506], [78.94310156378617, 15.791700923059182]]]}}, {"type": "Feature", "properties": {"ac_name": "Santhanuthalapadu_SC", "district_key": "Prakasam", "display": "Santhanuthalapadu (SC)"}, "geometry": {"type": "Polygon", "coordinates": [[[80.17414135064286, 15.700668947414044], [80.1672078618534, 15.660119189049396], [80.17193507264557, 15.626578514686742], [80.22171983420304, 15.618034858122257], [80.24008934944396, 15.606159018224162], [80.22972607299994, 15.56459494779864], [80.19470450031247, 15.571538898401514], [80.18153109878125, 15.565482731542886], [80.16443449025957, 15.57963488234401], [80.14444124546714, 15.56585498611878], [80.13532145891827, 15.565701709266534], [80.10338357159463, 15.57905007300252], [80.09322235662654, 15.596982302791105], [80.08120151453835, 15.599787279259601], [80.07325525782397, 15.594842161836368], [80.06600453408203, 15.58193989511011], [80.02677134362267, 15.560717416475654], [80.02485817176728, 15.542560343585023], [80.00906814867619, 15.51333938370567], [79.98840583975777, 15.497124403068824], [79.98992354013933, 15.47818157182212], [79.97154460449997, 15.462720835498203], [79.96557711259373, 15.488431668586713], [79.95505930654184, 15.495800257475935], [79.93847830812746, 15.4976061941706], [79.93108362271107, 15.481493798300221], [79.9126213064282, 15.473121860085826], [79.91820756043063, 15.452222921550629], [79.90567969765999, 15.43240949710065], [79.90166627877579, 15.433459342274887], [79.88731751189374, 15.451912293017983], [79.86995509615082, 15.457759836047671], [79.84987162237752, 15.481010295788565], [79.8298677413033, 15.487346721074346], [79.81532305801278, 15.505543769729229], [79.80420357673376, 15.511567064568396], [79.79610001510366, 15.527430118005611], [79.79060125974041, 15.564038878991141], [79.77748231036037, 15.57909463171194], [79.7645568905881, 15.586175004073255], [79.74635714036981, 15.593207987558628], [79.74462514053783, 15.611606818899645], [79.7704165294993, 15.64069971711831], [79.79945188459686, 15.639146806479971], [79.80929747889559, 15.65905396636748], [79.81699400017305, 15.653947017740734], [79.82011819549837, 15.64152111380838], [79.82677025044677, 15.640731321093654], [79.83865008963, 15.661609985312623], [79.85802727903575, 15.666960082741696], [79.86275174599632, 15.6841799451484], [79.88135725503332, 15.691199078174975], [79.8898816517169, 15.704133706105722], [79.89780804330661, 15.708067983750482], [79.92627778958837, 15.695667384042565], [79.95949690415887, 15.719403009141615], [79.98012769993346, 15.703762179980686], [80.01061511209781, 15.694409133574709], [80.02120077739403, 15.70951166722972], [80.03032549312707, 15.710640351471113], [80.06150414669906, 15.693752231880069], [80.07399674255566, 15.692168928653189], [80.09646602868435, 15.673425148851607], [80.10545564736032, 15.672450164143811], [80.11570586373466, 15.679906832634288], [80.10089699829791, 15.698258064658035], [80.09987650609594, 15.705264083770487], [80.12594606166147, 15.695634095637047], [80.13998557777228, 15.704365339988499], [80.15350991904756, 15.724417145035261], [80.17331728476495, 15.74447924282282], [80.17811141770784, 15.767594865410786], [80.19701369492611, 15.761154634978482], [80.1918391613483, 15.72501988326104], [80.17414135064286, 15.700668947414044]]]}}, {"type": "Feature", "properties": {"ac_name": "Alur", "district_key": "Kurnool", "display": "Alur"}, "geometry": {"type": "Polygon", "coordinates": [[[77.42072299616939, 15.644835108353618], [77.43868788303945, 15.655813268367694], [77.45663494354784, 15.646687958182781], [77.46319453380073, 15.639050181520702], [77.46233243199617, 15.607159898910254], [77.46711419206639, 15.604084533174728], [77.47725948543695, 15.606036428038749], [77.48487669550315, 15.617495280183107], [77.5100315901858, 15.614735329172163], [77.51341763751401, 15.631537409723705], [77.52295797223269, 15.645623158182275], [77.55280474154563, 15.659992740772395], [77.56875107939885, 15.653404810183872], [77.58077986699732, 15.663951384648726], [77.5921979088065, 15.63980393120653], [77.60549913187947, 15.649460408870823], [77.62389177768347, 15.647741987902464], [77.6396036361989, 15.657066465544972], [77.64790231653876, 15.644677035416919], [77.64597135519392, 15.624981040842385], [77.66769899831019, 15.63940537865534], [77.67710534393655, 15.639350162080348], [77.68381890262032, 15.633355810122566], [77.68757260808945, 15.615702727199164], [77.70892923679492, 15.616891687601367], [77.73352240503505, 15.605368122041227], [77.70826796709304, 15.574624306866326], [77.71119804015751, 15.56030757473485], [77.73161649880245, 15.550173944671883], [77.72311788118532, 15.538801366290045], [77.72642583948095, 15.514290570553442], [77.7013521544784, 15.514412610353759], [77.68412705352074, 15.525012287087407], [77.67706695997231, 15.524693960358036], [77.67909836120049, 15.493429292927601], [77.66047315701064, 15.473281687599865], [77.66353792063859, 15.45322334987776], [77.64933703647512, 15.44376482198902], [77.64101196013394, 15.44527777844678], [77.60939175202782, 15.421672428240015], [77.58622229602219, 15.429495618128328], [77.58432225966459, 15.43351386007663], [77.58317848389999, 15.458822050497304], [77.5937237039858, 15.469369281467209], [77.59463548434019, 15.477225988188877], [77.58077655659287, 15.479320265517913], [77.55477816078354, 15.496390716358519], [77.5464611675489, 15.494238342825327], [77.55384050873255, 15.471550185992328], [77.5427035554248, 15.466576947668045], [77.53429544917572, 15.470509027369758], [77.52929343164664, 15.489952233308998], [77.51180060881109, 15.506934063156564], [77.50103762508638, 15.493848345524782], [77.50124018658539, 15.465315117898399], [77.4900997097339, 15.46034001887682], [77.4806469617879, 15.464003899160673], [77.4728559496424, 15.47782202286811], [77.44229178843534, 15.47891718847751], [77.42954972693843, 15.492912264589393], [77.42223658844784, 15.492304420912319], [77.40513255692201, 15.434784216318576], [77.40522326704018, 15.42897665085178], [77.41499785986338, 15.421249785549207], [77.41934763778329, 15.393459791835994], [77.38664953284973, 15.38119772729334], [77.39219735432448, 15.370835428412363], [77.41216331818265, 15.365270920916316], [77.42072213102159, 15.357462129173996], [77.41670244116477, 15.341891000169596], [77.41092437166247, 15.335865059524906], [77.38657666078433, 15.33699885821079], [77.37721570753894, 15.330887261637884], [77.35686985026342, 15.336670187479228], [77.34325237519704, 15.284805004447435], [77.35994797062239, 15.274966897004731], [77.37091024321319, 15.25494325332852], [77.40128106906616, 15.246483099715306], [77.41830654301259, 15.224322635381384], [77.40909731978553, 15.225769273133494], [77.40645722502097, 15.219457719498223], [77.3951322369632, 15.217448378639801], [77.36316075726319, 15.223272879240028], [77.3537630424305, 15.198329664282653], [77.35155471307962, 15.177885371712591], [77.33096642106352, 15.174934523409604], [77.31653479154744, 15.17778266823558], [77.31019917025554, 15.154744015024335], [77.3012070514643, 15.154406096564173], [77.29199053113814, 15.1312756027869], [77.271269956943, 15.131094419072213], [77.26429629543776, 15.143038925805854], [77.22997624700628, 15.14412746790839], [77.20003733945174, 15.160078316760973], [77.18807578606874, 15.157465453467978], [77.18035932502289, 15.143327057797535], [77.1604666568108, 15.146970219500076], [77.15730913980502, 15.140495252753738], [77.13797510886423, 15.143495370415053], [77.13474520362831, 15.14832313080791], [77.14077899175714, 15.15861448846789], [77.16285740104826, 15.157388435527935], [77.16914472155173, 15.171966117642285], [77.16197048784778, 15.201142552087163], [77.14768087926922, 15.22394116365382], [77.12513909429384, 15.227256050326503], [77.1266370230802, 15.239899092868882], [77.13624301999943, 15.24098977445857], [77.14380459440656, 15.257240763050845], [77.16784852508943, 15.25808605113042], [77.16720582638783, 15.26839679727442], [77.14768440371233, 15.272834251899269], [77.15216455724857, 15.275762955296216], [77.15177103370632, 15.292257099885319], [77.11840448158159, 15.294879099390982], [77.11341056154822, 15.33405390136653], [77.07493892509137, 15.326052067448984], [77.06459478891844, 15.327875636251633], [77.06435073989479, 15.34520593180838], [77.04311993443747, 15.359340683425842], [77.04145760688311, 15.369145805534572], [77.0463295356796, 15.381360030640963], [77.04644591424761, 15.392153415947462], [77.02926989648859, 15.405298742443051], [77.03334611682988, 15.433167211897342], [77.00909239679675, 15.451154173526334], [76.99733070694663, 15.478041322549018], [76.97713099579886, 15.489799936717759], [76.97386309150852, 15.499565759352379], [76.97610524166362, 15.510746295605088], [77.02926131605693, 15.500781746180678], [77.0313499852137, 15.544107426616506], [77.02627451915379, 15.581762591070799], [77.03261352279588, 15.609340387948578], [77.09379656266128, 15.577980199027024], [77.11865120878633, 15.570667518291373], [77.13220230759049, 15.575066701367234], [77.13972832819985, 15.586853277256978], [77.16094002576165, 15.594899587146301], [77.16592629346371, 15.58132027031428], [77.17700102267912, 15.584595992411153], [77.18227323702035, 15.582031051292006], [77.18480310098238, 15.565993023059605], [77.19107408440152, 15.557931340159257], [77.19612413921772, 15.523958259166363], [77.21822318794983, 15.521723480754076], [77.24105459869082, 15.533316290514449], [77.25616248780864, 15.518196055503608], [77.26665723524326, 15.515510578250655], [77.28666148593891, 15.520245277697484], [77.28684733713493, 15.537524118543274], [77.29309345429954, 15.555118824674082], [77.33063327440613, 15.551839061023884], [77.35220684477014, 15.541966328783076], [77.36037804171332, 15.559114374928527], [77.37996781556228, 15.574213867975686], [77.38266127969433, 15.59272394635309], [77.40034412927821, 15.590091135197781], [77.40922390565879, 15.593679876225337], [77.4109446954414, 15.622555797711925], [77.42493045367758, 15.629319911784535], [77.42072299616939, 15.644835108353618]]]}}, {"type": "Feature", "properties": {"ac_name": "Pattikonda", "district_key": "Kurnool", "display": "Pattikonda"}, "geometry": {"type": "Polygon", "coordinates": [[[77.8105288238462, 15.642604656579692], [77.80875806053615, 15.622028828267844], [77.79629449749314, 15.599983874656118], [77.78073934314625, 15.5874157834117], [77.77369242916234, 15.568966269877478], [77.77520797207029, 15.559038116016268], [77.79715110533931, 15.569944583875497], [77.80363137988434, 15.580632439135798], [77.80718187004732, 15.604102276798699], [77.82790714589811, 15.62093861162765], [77.86228185152629, 15.617188129328781], [77.86767534664, 15.606629343869201], [77.90040891184185, 15.592742281730978], [77.90695518853119, 15.618486574995472], [77.94039033824356, 15.611588924189562], [77.96565222616937, 15.59561803034785], [77.98604562700416, 15.59380041595648], [77.99722680717144, 15.60094511232711], [78.01124014581615, 15.63489032962508], [78.02171807323055, 15.636638693520922], [78.04375720553065, 15.617205059965613], [78.05069633666665, 15.59600911762675], [78.07299433432115, 15.615390948433571], [78.08486440326965, 15.614242283954297], [78.0981824445642, 15.597342415620062], [78.10303696608315, 15.580216441535583], [78.06253862465786, 15.566480503272658], [78.0514219240826, 15.557986129556298], [78.04823247844615, 15.55193749631843], [78.04987100094598, 15.531040853752472], [78.04435982414662, 15.529485988887302], [78.0361750492392, 15.5368984152297], [78.02927290092367, 15.536658560644128], [78.03469217870116, 15.523154803951115], [78.03176326666147, 15.5090836317043], [78.03528419251154, 15.501749969785351], [78.0252239552214, 15.49311139787278], [78.02711882767181, 15.479589248245247], [78.00828373520625, 15.470009478254894], [77.99040399075164, 15.467740441068543], [77.983163946459, 15.459560468540815], [77.97891128632688, 15.436378556025602], [77.97106299456163, 15.428418817574425], [77.9521590455036, 15.43192184871441], [77.92515195120166, 15.42361109677472], [77.91046017929392, 15.440367361364679], [77.89879787712039, 15.445920140801888], [77.89173369345525, 15.465256690743729], [77.88241061515782, 15.472168855708162], [77.85399205379031, 15.48036316972457], [77.8321799580387, 15.465572821328692], [77.82510621458022, 15.485108900255568], [77.80747709319337, 15.486600917798171], [77.78681659461023, 15.469743248352302], [77.78945701313069, 15.453997542952322], [77.77032072961805, 15.406362072052048], [77.74848341687624, 15.410983061219326], [77.72004464324573, 15.38456635565285], [77.70805454268304, 15.381739630879338], [77.68163068031168, 15.394455643513197], [77.67098085468274, 15.392750960588387], [77.66131034849383, 15.361580206661245], [77.65075354244209, 15.345521973360405], [77.66464524508206, 15.33544631179791], [77.66976260156287, 15.32140358330878], [77.67903608674607, 15.324896652658424], [77.68313073329676, 15.318599100568065], [77.67716586201499, 15.25828969181589], [77.66922095158571, 15.232897063148982], [77.65165957253129, 15.232949309263233], [77.64988699708732, 15.225394411422997], [77.63719409613071, 15.22145769751478], [77.6345769574607, 15.207008408011689], [77.61561300113914, 15.206874934230882], [77.61054739074956, 15.195931820796943], [77.61154705285423, 15.183865579133226], [77.58231033055739, 15.188278405823837], [77.57564946764887, 15.199772059033364], [77.54175454853362, 15.20927776805462], [77.52718725358892, 15.224321417699343], [77.50179357990982, 15.221725127112961], [77.48118710629996, 15.20828599570217], [77.46728191922523, 15.217809468132486], [77.45129432857044, 15.22219992688514], [77.44652692707609, 15.213915962151987], [77.45037484732143, 15.205387506828004], [77.43431560138396, 15.210191900136124], [77.43312597278549, 15.220794680430231], [77.41830654301259, 15.224322635381384], [77.40128106906616, 15.246483099715306], [77.37091024321319, 15.25494325332852], [77.35994797062239, 15.274966897004731], [77.34325237519704, 15.284805004447435], [77.35686985026342, 15.336670187479228], [77.37721570753894, 15.330887261637884], [77.38657666078433, 15.33699885821079], [77.41092437166247, 15.335865059524906], [77.41670244116477, 15.341891000169596], [77.42072213102159, 15.357462129173996], [77.41216331818265, 15.365270920916316], [77.39219735432448, 15.370835428412363], [77.38664953284973, 15.38119772729334], [77.41934763778329, 15.393459791835994], [77.41499785986338, 15.421249785549207], [77.40522326704018, 15.42897665085178], [77.40513255692201, 15.434784216318576], [77.42223658844784, 15.492304420912319], [77.42954972693843, 15.492912264589393], [77.44229178843534, 15.47891718847751], [77.4728559496424, 15.47782202286811], [77.4806469617879, 15.464003899160673], [77.4900997097339, 15.46034001887682], [77.50124018658539, 15.465315117898399], [77.50103762508638, 15.493848345524782], [77.51180060881109, 15.506934063156564], [77.52929343164664, 15.489952233308998], [77.53429544917572, 15.470509027369758], [77.5427035554248, 15.466576947668045], [77.55384050873255, 15.471550185992328], [77.5464611675489, 15.494238342825327], [77.55477816078354, 15.496390716358519], [77.58077655659287, 15.479320265517913], [77.59463548434019, 15.477225988188877], [77.5937237039858, 15.469369281467209], [77.58317848389999, 15.458822050497304], [77.58432225966459, 15.43351386007663], [77.58622229602219, 15.429495618128328], [77.60939175202782, 15.421672428240015], [77.64101196013394, 15.44527777844678], [77.64933703647512, 15.44376482198902], [77.66353792063859, 15.45322334987776], [77.66047315701064, 15.473281687599865], [77.67909836120049, 15.493429292927601], [77.67706695997231, 15.524693960358036], [77.68412705352074, 15.525012287087407], [77.7013521544784, 15.514412610353759], [77.72642583948095, 15.514290570553442], [77.72311788118532, 15.538801366290045], [77.73161649880245, 15.550173944671883], [77.71119804015751, 15.56030757473485], [77.70826796709304, 15.574624306866326], [77.73352240503505, 15.605368122041227], [77.73898496448459, 15.62201255593476], [77.75051349610101, 15.630343820510973], [77.76812754035376, 15.625711314625505], [77.77908585143098, 15.641546416234178], [77.7948658731616, 15.637996766937306], [77.80678479778027, 15.64852402216593], [77.8105288238462, 15.642604656579692]]]}}, {"type": "Feature", "properties": {"ac_name": "Dhone", "district_key": "Nandyal", "display": "Dhone"}, "geometry": {"type": "Polygon", "coordinates": [[[78.10303696608315, 15.580216441535583], [78.11327952383101, 15.55308828499642], [78.11504413667762, 15.530385980028996], [78.12349974781517, 15.52946364702973], [78.16208461161557, 15.54852356281225], [78.1822263263839, 15.543975378261166], [78.18494933594314, 15.534376009345408], [78.17569576624669, 15.525748158250963], [78.17476777920967, 15.509752275846893], [78.18120872460304, 15.501457997688476], [78.19452314252908, 15.499434783888205], [78.19576132552481, 15.483307598666784], [78.17059765435835, 15.47369033324236], [78.1682302088571, 15.468985302429815], [78.16905312360285, 15.450498825860166], [78.19302815092846, 15.443893615697846], [78.18709968780041, 15.436432716796503], [78.19012933560043, 15.418742029621], [78.1854004115998, 15.410324631576543], [78.15527083877822, 15.413499000078843], [78.15007553445838, 15.429016710253052], [78.13894866165145, 15.435110975990824], [78.12872631256931, 15.418829624487614], [78.11350559540693, 15.416712909073567], [78.11400188088214, 15.408353122498681], [78.12146959394664, 15.403758237053069], [78.10768287366574, 15.39892402852115], [78.10369255836491, 15.381944019800699], [78.09247071445196, 15.363886662839263], [78.08146283993818, 15.354898648553842], [78.05173917162551, 15.357880569332849], [78.02054719279874, 15.349512511693092], [77.9878137921728, 15.352446609223705], [77.96693109539382, 15.343562954966444], [77.97698887303812, 15.313316981993182], [77.99776838880018, 15.30420763927117], [77.99726004701364, 15.283670571739549], [77.99233700524866, 15.280834855544185], [77.98232159196795, 15.289576914243241], [77.9722652892118, 15.283760493152272], [77.95652501391834, 15.250401955785662], [77.93129592786482, 15.227556628035984], [77.91515838605073, 15.206087865562608], [77.9062569494987, 15.188523516946816], [77.90564844661856, 15.177220897726272], [77.89646031878874, 15.177844127904223], [77.88453620508187, 15.178507634220011], [77.8755722170842, 15.135543956088725], [77.8545006491857, 15.13549311201757], [77.842855118469, 15.129955551807313], [77.83897719144431, 15.14525154132565], [77.8158165433988, 15.143233680290166], [77.80993317857337, 15.135578763449246], [77.81131326559478, 15.128962042864032], [77.79646734629108, 15.119297710520982], [77.79183116487644, 15.106503322870083], [77.78486750383229, 15.113383282212737], [77.77363477542463, 15.112546945085512], [77.77416002896223, 15.124586667540711], [77.74972944285958, 15.129455760774817], [77.74673959455669, 15.141353170912168], [77.73056171724949, 15.151167768277958], [77.73331137821759, 15.169102245472288], [77.71660276060896, 15.172762567138818], [77.71745212531539, 15.179620604607294], [77.711649760628, 15.187241557651816], [77.70270042618375, 15.180501261224265], [77.69318701267053, 15.184364166872854], [77.69794939055197, 15.20622354178306], [77.6800898286827, 15.216237511651912], [77.67725227427309, 15.228673030236223], [77.66922095158571, 15.232897063148982], [77.67716586201499, 15.25828969181589], [77.68313073329676, 15.318599100568065], [77.67903608674607, 15.324896652658424], [77.66976260156287, 15.32140358330878], [77.66464524508206, 15.33544631179791], [77.65075354244209, 15.345521973360405], [77.66131034849383, 15.361580206661245], [77.67098085468274, 15.392750960588387], [77.68163068031168, 15.394455643513197], [77.70805454268304, 15.381739630879338], [77.72004464324573, 15.38456635565285], [77.74848341687624, 15.410983061219326], [77.77032072961805, 15.406362072052048], [77.78945701313069, 15.453997542952322], [77.78681659461023, 15.469743248352302], [77.80747709319337, 15.486600917798171], [77.82510621458022, 15.485108900255568], [77.8321799580387, 15.465572821328692], [77.85399205379031, 15.48036316972457], [77.88241061515782, 15.472168855708162], [77.89173369345525, 15.465256690743729], [77.89879787712039, 15.445920140801888], [77.91046017929392, 15.440367361364679], [77.92515195120166, 15.42361109677472], [77.9521590455036, 15.43192184871441], [77.97106299456163, 15.428418817574425], [77.97891128632688, 15.436378556025602], [77.983163946459, 15.459560468540815], [77.99040399075164, 15.467740441068543], [78.00828373520625, 15.470009478254894], [78.02711882767181, 15.479589248245247], [78.0252239552214, 15.49311139787278], [78.03528419251154, 15.501749969785351], [78.03176326666147, 15.5090836317043], [78.03469217870116, 15.523154803951115], [78.02927290092367, 15.536658560644128], [78.0361750492392, 15.5368984152297], [78.04435982414662, 15.529485988887302], [78.04987100094598, 15.531040853752472], [78.04823247844615, 15.55193749631843], [78.0514219240826, 15.557986129556298], [78.06253862465786, 15.566480503272658], [78.10303696608315, 15.580216441535583]]]}}, {"type": "Feature", "properties": {"ac_name": "Kondapi_SC", "district_key": "Prakasam", "display": "Kondapi (SC)"}, "geometry": {"type": "Polygon", "coordinates": [[[79.6938871344837, 15.576101888491394], [79.71261675625834, 15.564711771531108], [79.74243655670176, 15.556613928689899], [79.7645568905881, 15.586175004073255], [79.77748231036037, 15.57909463171194], [79.79060125974041, 15.564038878991141], [79.79610001510366, 15.527430118005611], [79.80420357673376, 15.511567064568396], [79.81532305801278, 15.505543769729229], [79.8298677413033, 15.487346721074346], [79.84987162237752, 15.481010295788565], [79.86995509615082, 15.457759836047671], [79.88731751189374, 15.451912293017983], [79.90166627877579, 15.433459342274887], [79.90567969765999, 15.43240949710065], [79.91820756043063, 15.452222921550629], [79.9126213064282, 15.473121860085826], [79.93108362271107, 15.481493798300221], [79.93847830812746, 15.4976061941706], [79.95505930654184, 15.495800257475935], [79.96557711259373, 15.488431668586713], [79.97154460449997, 15.462720835498203], [79.98992354013933, 15.47818157182212], [79.99108772781642, 15.451281393421596], [80.00780437457229, 15.460931972432604], [80.01913353998094, 15.461656890752977], [80.05750927992938, 15.450572634119794], [80.06988076678402, 15.454081689818167], [80.08612364439074, 15.436296960536367], [80.0861377736394, 15.4298339214983], [80.07937152727425, 15.423127564585513], [80.06545824450245, 15.422151859520739], [80.04831256627199, 15.396363721608509], [80.04832717755727, 15.389581077904495], [80.05620218458319, 15.381120637407548], [80.07559595029295, 15.379284621088459], [80.08647782079487, 15.358302988991795], [80.10887287868047, 15.359613024221744], [80.11565929324183, 15.354590736873035], [80.10637467355241, 15.320724546600616], [80.08452715440473, 15.26988762771191], [80.08954711880455, 15.215399378578525], [80.08015930370897, 15.211099520226753], [80.07095581725724, 15.213568768983578], [80.04396124241748, 15.23593361414504], [80.02333380381208, 15.233900765907663], [80.01188154279902, 15.2222754600445], [79.98482524748727, 15.221603529779145], [79.98326572952988, 15.229826838837596], [79.9719360757893, 15.242549273530187], [79.97755121241858, 15.250678316551102], [79.97800812017869, 15.270732780893184], [79.99270715141398, 15.296813640037499], [79.99377882403354, 15.315059234995772], [79.96075979962512, 15.333402479241101], [79.94615093082086, 15.333817401252134], [79.93193141720121, 15.327423757500469], [79.93323105806695, 15.361453100979872], [79.92690094871989, 15.366658165641866], [79.91942776148204, 15.363904085405295], [79.9068758292562, 15.346414559484401], [79.91558247714966, 15.325797419915034], [79.9135070855836, 15.318310169978417], [79.88598049520374, 15.307809888115912], [79.88125245703532, 15.299746028856191], [79.86957177901445, 15.295055183050295], [79.85742960129511, 15.269224995537172], [79.8489497768108, 15.262325471443376], [79.8066941178393, 15.263144030772423], [79.79819336882895, 15.243945711125718], [79.79673903917535, 15.227076349593915], [79.78605496286627, 15.220370387483456], [79.76914461473223, 15.214909962125091], [79.76477074487406, 15.23820096959912], [79.73353752044028, 15.245575561463056], [79.7179344304297, 15.233850045942916], [79.69908960460162, 15.228988734542497], [79.67389726214901, 15.255138402615216], [79.66185837246599, 15.260494141491506], [79.6752866841332, 15.323914458985143], [79.67429414735705, 15.332430786051987], [79.66202743421877, 15.340001463396845], [79.66082711447979, 15.353743964012779], [79.66887744793593, 15.362546551582113], [79.66992248353586, 15.37916466142002], [79.68003939520196, 15.384744425914562], [79.69564194741798, 15.370652393892897], [79.70643268512038, 15.369765823334149], [79.71133154501484, 15.398451849373373], [79.70601125741365, 15.405800700841723], [79.68884583366832, 15.408132534988567], [79.68576885724701, 15.424239883863606], [79.66366893167589, 15.424674547792222], [79.65734459147978, 15.416081742378537], [79.64835596025944, 15.413807429769122], [79.63531660088046, 15.426617991726971], [79.62045403872298, 15.429471786993417], [79.611628793634, 15.427377889178274], [79.58967454024787, 15.396582728110445], [79.57837324393012, 15.391040522901847], [79.604663923901, 15.482262741132672], [79.61244022673515, 15.48451102646277], [79.61988566359258, 15.478708115886889], [79.62322341193095, 15.481977270234893], [79.61943781290478, 15.500163027901465], [79.6055633151949, 15.519815981822148], [79.60348550984844, 15.546235052605653], [79.61037955167501, 15.55831726353091], [79.60529749448386, 15.573012980764474], [79.6115694932376, 15.584159810426968], [79.63008362306084, 15.575625655199872], [79.6439544254564, 15.57819201634851], [79.65355899605089, 15.574341003334666], [79.66908432168418, 15.593009167239302], [79.68248553318085, 15.596770709400744], [79.68538205613703, 15.5905150639191], [79.6720918488598, 15.582688641867378], [79.6938871344837, 15.576101888491394]]]}}, {"type": "Feature", "properties": {"ac_name": "ONGOLE", "district_key": "Prakasam", "display": "Ongole"}, "geometry": {"type": "Polygon", "coordinates": [[[80.13532145891827, 15.565701709266534], [80.14444124546714, 15.56585498611878], [80.16443449025957, 15.57963488234401], [80.18153109878125, 15.565482731542886], [80.19470450031247, 15.571538898401514], [80.22972607299994, 15.56459494779864], [80.2307637773265, 15.541592991423443], [80.2196456792048, 15.522922545039478], [80.20475905208866, 15.470728525800894], [80.14074185275433, 15.392696451779898], [80.11565929324183, 15.354590736873035], [80.10887287868047, 15.359613024221744], [80.08647782079487, 15.358302988991795], [80.07559595029295, 15.379284621088459], [80.05620218458319, 15.381120637407548], [80.04832717755727, 15.389581077904495], [80.04831256627199, 15.396363721608509], [80.06545824450245, 15.422151859520739], [80.07937152727425, 15.423127564585513], [80.0861377736394, 15.4298339214983], [80.08612364439074, 15.436296960536367], [80.06988076678402, 15.454081689818167], [80.05750927992938, 15.450572634119794], [80.01913353998094, 15.461656890752977], [80.00780437457229, 15.460931972432604], [79.99108772781642, 15.451281393421596], [79.98992354013933, 15.47818157182212], [79.98840583975777, 15.497124403068824], [80.00906814867619, 15.51333938370567], [80.02485817176728, 15.542560343585023], [80.02677134362267, 15.560717416475654], [80.06600453408203, 15.58193989511011], [80.07325525782397, 15.594842161836368], [80.08120151453835, 15.599787279259601], [80.09322235662654, 15.596982302791105], [80.10338357159463, 15.57905007300252], [80.13532145891827, 15.565701709266534]]]}}, {"type": "Feature", "properties": {"ac_name": "Nandyal", "district_key": "Nandyal", "display": "Nandyal"}, "geometry": {"type": "Polygon", "coordinates": [[[78.45432216133872, 15.566027125351582], [78.47142242920182, 15.54566060075615], [78.49707762842985, 15.543688660903001], [78.49326862454745, 15.516594196564995], [78.5092165685898, 15.510436142813774], [78.51852761036099, 15.498427113320645], [78.5165619882452, 15.485045321784241], [78.50271827702693, 15.490977374106592], [78.49412872625976, 15.487118499219434], [78.49669736988778, 15.4799762975681], [78.51528124753162, 15.475292057282672], [78.52166146170714, 15.462259347490942], [78.51585095006135, 15.432813387128135], [78.49329717352578, 15.433825200872377], [78.48653654972208, 15.427133296064824], [78.48673340322404, 15.42121388371379], [78.49972508684334, 15.404717801085724], [78.48447294197274, 15.391506499425475], [78.48074582855719, 15.37555457678235], [78.46718070482575, 15.368982410409956], [78.4578032130479, 15.358421906345939], [78.45873199508554, 15.340798298702566], [78.45159774703848, 15.329785646090727], [78.45446280091761, 15.307657905388055], [78.44928609187969, 15.299107442754348], [78.42495316855394, 15.2910695703045], [78.41605867476807, 15.281757631009896], [78.39804058130784, 15.302674849164987], [78.39519357502354, 15.314288622122262], [78.3952340454149, 15.332081970506579], [78.34924477272813, 15.344411433840662], [78.34513098770498, 15.377604112839606], [78.35496003447804, 15.384444089223393], [78.3564457756521, 15.395829785116518], [78.36519849131736, 15.398765566177985], [78.36829786085764, 15.420525307896696], [78.40643785342428, 15.461963467839837], [78.39762910819684, 15.487671748652303], [78.40908757543133, 15.502254002020607], [78.39654501504049, 15.515130561626165], [78.40251079463752, 15.5309735071217], [78.40096812278068, 15.538056116996245], [78.40826109217574, 15.54084100171093], [78.40512505997361, 15.548316575749425], [78.4191173922539, 15.548726068553265], [78.42148133039916, 15.556637512511259], [78.45432216133872, 15.566027125351582]]]}}, {"type": "Feature", "properties": {"ac_name": "KANIGIRI", "district_key": "Markapuram", "display": "Kanigiri"}, "geometry": {"type": "Polygon", "coordinates": [[[79.23414370047146, 15.55578698138413], [79.25252746187294, 15.573352483830092], [79.30463473880224, 15.582109402027356], [79.33247546776869, 15.565193277547792], [79.35273332728127, 15.535641470577445], [79.3656662932649, 15.525405159520517], [79.44712467726208, 15.514024386516269], [79.4649307681405, 15.542506720608742], [79.47533190064678, 15.547688305770748], [79.48354665265595, 15.532808150176038], [79.5183629155162, 15.501413053169927], [79.54292681262234, 15.504599731592407], [79.56569921434732, 15.497012727055733], [79.57081611217387, 15.499615411821821], [79.57112415695434, 15.548152066364821], [79.58620474085615, 15.535019165801884], [79.60348550984844, 15.546235052605653], [79.6055633151949, 15.519815981822148], [79.61943781290478, 15.500163027901465], [79.62322341193095, 15.481977270234893], [79.61988566359258, 15.478708115886889], [79.61244022673515, 15.48451102646277], [79.604663923901, 15.482262741132672], [79.57837324393012, 15.391040522901847], [79.58967454024787, 15.396582728110445], [79.611628793634, 15.427377889178274], [79.62045403872298, 15.429471786993417], [79.63531660088046, 15.426617991726971], [79.64835596025944, 15.413807429769122], [79.65734459147978, 15.416081742378537], [79.66366893167589, 15.424674547792222], [79.68576885724701, 15.424239883863606], [79.68884583366832, 15.408132534988567], [79.70601125741365, 15.405800700841723], [79.71133154501484, 15.398451849373373], [79.70643268512038, 15.369765823334149], [79.69564194741798, 15.370652393892897], [79.68003939520196, 15.384744425914562], [79.66992248353586, 15.37916466142002], [79.66887744793593, 15.362546551582113], [79.66082711447979, 15.353743964012779], [79.66202743421877, 15.340001463396845], [79.67429414735705, 15.332430786051987], [79.6752866841332, 15.323914458985143], [79.66185837246599, 15.260494141491506], [79.63347196815687, 15.185934703323937], [79.63539336970831, 15.182191238434939], [79.65274959451824, 15.185810677820598], [79.65945708817412, 15.174173377699276], [79.63764077550144, 15.153717467687045], [79.64264812061435, 15.131717391144718], [79.63081123934728, 15.082070766352842], [79.62825661345198, 15.035104730998569], [79.6207090199054, 15.034366124996723], [79.60855206902283, 15.041093404636968], [79.5802294770088, 15.036707383139287], [79.57972826504744, 15.043520618182015], [79.56450996616206, 15.043869097380991], [79.55863849756867, 15.022123895001812], [79.5436180252517, 15.02613519778123], [79.52919680718696, 15.038115398606806], [79.5187671769637, 15.038479159085966], [79.50565706522144, 15.047313236416755], [79.5015835032761, 15.057042605032223], [79.47614995635547, 15.057314670635606], [79.46780260110921, 15.067792187959128], [79.46260039089537, 15.062231863209945], [79.45149683750913, 15.063180286441138], [79.43845043374057, 15.055531498479922], [79.42241239471628, 15.056680726834145], [79.41717182661858, 15.059421678767535], [79.41953759398484, 15.073732269428717], [79.40374536215882, 15.078173821364828], [79.39077575689572, 15.07541052307721], [79.39235453383475, 15.091771549117766], [79.38612415570526, 15.085597419984992], [79.36773983672413, 15.085485593785165], [79.35715911230324, 15.101893749696842], [79.35980782796895, 15.111644038341751], [79.35159444023128, 15.11686405962871], [79.3439330194933, 15.085455503368848], [79.32732532470402, 15.092798495754039], [79.3283047223851, 15.100392137287372], [79.33564554470615, 15.099528500340057], [79.33532396422964, 15.116950801038683], [79.32706649262457, 15.115358050433713], [79.3286671833439, 15.111491412598639], [79.31461587442311, 15.10169027358728], [79.31452110746318, 15.093495644808229], [79.30818699523371, 15.08782065290086], [79.308989146432, 15.093880455718534], [79.2913808461492, 15.098442645411808], [79.26577938411134, 15.096938086823286], [79.26561845043119, 15.105052883683697], [79.26179070197935, 15.106708299948139], [79.24865326433672, 15.10540831823937], [79.21501931588875, 15.085714000900452], [79.18139487417415, 15.08742360761346], [79.1612957611905, 15.091181270998902], [79.15273823618071, 15.097752061408585], [79.12913690684286, 15.100086985625921], [79.13007859864848, 15.086372064519196], [79.10090571472699, 15.08425397584034], [79.10132042000146, 15.072309150746776], [79.09413202916988, 15.06603501970045], [79.09496810189643, 15.054305321433503], [79.09006357267577, 15.049081393491576], [79.07611847009139, 15.104194266752074], [79.07220714134655, 15.141981190879278], [79.07341835727141, 15.165179586169018], [79.08245933173282, 15.17316686455922], [79.10596758033961, 15.19034669544368], [79.12869509330397, 15.219905918223617], [79.1330945380825, 15.247130302221706], [79.12996309422147, 15.268743113603875], [79.1363950580855, 15.284880939603738], [79.1593680059288, 15.284601119146373], [79.19103057300259, 15.318438389919834], [79.1955437136715, 15.330065555580973], [79.19407466571329, 15.375788459869568], [79.21835194528609, 15.43752263845903], [79.22712074802416, 15.48756196121559], [79.24655078608998, 15.548380349373701], [79.24512444873437, 15.55291612417983], [79.23414370047146, 15.55578698138413]]]}}, {"type": "Feature", "properties": {"ac_name": "Banaganapalle", "district_key": "Nandyal", "display": "Banaganapalle"}, "geometry": {"type": "Polygon", "coordinates": [[[78.19452314252908, 15.499434783888205], [78.22675482127806, 15.513600336386446], [78.23645815002368, 15.4991628990486], [78.26173264644456, 15.499432657890907], [78.26764843632634, 15.506571894477418], [78.29318247529108, 15.500488582482149], [78.30173358723533, 15.505122527282879], [78.30010705179905, 15.475441902321961], [78.27637637926654, 15.47300196067198], [78.26988649456615, 15.467121220967613], [78.27994349699486, 15.45434144370273], [78.29312481166079, 15.44720110005079], [78.30057430086333, 15.433488748307127], [78.32425132613787, 15.423918263816859], [78.32424774683608, 15.387924533890157], [78.34513098770498, 15.377604112839606], [78.34924477272813, 15.344411433840662], [78.3952340454149, 15.332081970506579], [78.39519357502354, 15.314288622122262], [78.36606038178127, 15.293194748339033], [78.35505561262647, 15.266521129846296], [78.36478547137244, 15.245546008841302], [78.38222494552485, 15.241539414912097], [78.3798942274367, 15.226462712484249], [78.38741548433717, 15.220180886838534], [78.38867569892443, 15.2089828272957], [78.38490034587431, 15.202796772253294], [78.37655235570674, 15.20182848030015], [78.3448344281664, 15.208539476815474], [78.34958672194972, 15.1825007392178], [78.34153447023965, 15.175703747729813], [78.3398312280288, 15.163251098859178], [78.31204825622211, 15.151481926649637], [78.29764032204326, 15.1283623092732], [78.28980046771744, 15.100968470518524], [78.29329575389596, 15.073644316631942], [78.28456324869501, 15.070957107284698], [78.27506945659019, 15.05835356656388], [78.28378713916521, 15.031375143548075], [78.26010529082657, 15.026929014962093], [78.24395295876212, 14.99977896083044], [78.23586988188958, 15.003631141164306], [78.22453015214484, 14.97787840326572], [78.22043823233861, 14.955524364357984], [78.21058003134345, 14.95244523136239], [78.18002222024933, 14.964568458567555], [78.1678369865877, 14.964333107786729], [78.15338898491376, 14.960006899299003], [78.15145939683373, 14.948982480856841], [78.13697151562303, 14.94809576280926], [78.13389848632613, 14.961618395372682], [78.08739724218901, 14.972551452587538], [78.08863256983727, 14.982614757465115], [78.06563316663738, 14.995384929071292], [78.06001143977619, 15.003424664017075], [78.05478714401153, 14.992445681123343], [78.03403423649087, 14.999852829344661], [78.02669597274098, 15.01674449945915], [78.01140406884275, 15.027418097767054], [78.01065244875156, 15.051160009127159], [77.99517641046305, 15.064306371641806], [77.99771806453708, 15.081690984451427], [78.00577775633843, 15.082173056141698], [78.0142366473035, 15.112263946424036], [78.00655378402996, 15.122835716295299], [77.99708343545223, 15.12475486684366], [77.99335989324453, 15.133534273487953], [77.97452433942681, 15.139265575545949], [77.96138560945838, 15.10901700173332], [77.93285749627648, 15.112750803406925], [77.90642195530904, 15.122992817064926], [77.90719285956288, 15.131015236464066], [77.91509696415363, 15.129258248069732], [77.90884557066659, 15.138810930480133], [77.92481922093037, 15.152208536594742], [77.9205604211266, 15.153422846187425], [77.92370617949666, 15.161850947962932], [77.91940361058823, 15.174393467884272], [77.90564844661856, 15.177220897726272], [77.9062569494987, 15.188523516946816], [77.91515838605073, 15.206087865562608], [77.93129592786482, 15.227556628035984], [77.95652501391834, 15.250401955785662], [77.9722652892118, 15.283760493152272], [77.98232159196795, 15.289576914243241], [77.99233700524866, 15.280834855544185], [77.99726004701364, 15.283670571739549], [77.99776838880018, 15.30420763927117], [77.97698887303812, 15.313316981993182], [77.96693109539382, 15.343562954966444], [77.9878137921728, 15.352446609223705], [78.02054719279874, 15.349512511693092], [78.05173917162551, 15.357880569332849], [78.08146283993818, 15.354898648553842], [78.09247071445196, 15.363886662839263], [78.10369255836491, 15.381944019800699], [78.10768287366574, 15.39892402852115], [78.12146959394664, 15.403758237053069], [78.11400188088214, 15.408353122498681], [78.11350559540693, 15.416712909073567], [78.12872631256931, 15.418829624487614], [78.13894866165145, 15.435110975990824], [78.15007553445838, 15.429016710253052], [78.15527083877822, 15.413499000078843], [78.1854004115998, 15.410324631576543], [78.19012933560043, 15.418742029621], [78.18709968780041, 15.436432716796503], [78.19302815092846, 15.443893615697846], [78.16905312360285, 15.450498825860166], [78.1682302088571, 15.468985302429815], [78.17059765435835, 15.47369033324236], [78.19576132552481, 15.483307598666784], [78.19452314252908, 15.499434783888205]]]}}, {"type": "Feature", "properties": {"ac_name": "Allagadda", "district_key": "Nandyal", "display": "Allagadda"}, "geometry": {"type": "Polygon", "coordinates": [[[78.49972508684334, 15.404717801085724], [78.52405442097478, 15.41912126203664], [78.52795719896562, 15.434418938683109], [78.53389038803107, 15.437729775708647], [78.55559575943681, 15.425904369790885], [78.56727383032307, 15.409461115138413], [78.59040767137697, 15.3964023483897], [78.6112405061445, 15.404231909075406], [78.62868472242207, 15.395575370507004], [78.65636632444637, 15.395221807440521], [78.71195329241056, 15.402857575916471], [78.77134568585478, 15.420645518475965], [78.74250646210362, 15.353937926194362], [78.73662939972706, 15.326530906076528], [78.7369630787831, 15.199215070219338], [78.74206805699527, 15.182198363763519], [78.75834217884852, 15.18503517263514], [78.75008580621505, 15.134740308418543], [78.75303548989598, 15.130219477646847], [78.7508675185212, 15.108337281540344], [78.76036511565763, 15.079954700249289], [78.75510293235448, 15.075968173792262], [78.75763729922204, 15.062893828987058], [78.76232919093945, 15.059160858287044], [78.74859724836438, 15.034541216703815], [78.7287596744195, 15.024574738233639], [78.70993489717785, 15.022358382433424], [78.71793276688373, 14.968934239023952], [78.6917169365874, 14.968288871134519], [78.6845713516866, 14.938976675033587], [78.66594536778456, 14.935354465736054], [78.6604349464157, 14.930218188418735], [78.6299933547096, 14.925974616835163], [78.62961611878893, 14.947206777570784], [78.60967888107558, 14.94845264887067], [78.60126449486063, 14.954698464762373], [78.59131995804967, 14.939576133431842], [78.58175438475712, 14.946280874262982], [78.56224057124541, 14.931245984914312], [78.54656481871149, 14.932995177985106], [78.55119934987016, 14.961595411399173], [78.53995736474064, 14.965207612141626], [78.52808122446896, 14.96054666429717], [78.5228973487337, 14.952439747296523], [78.51947985661013, 14.95410763895643], [78.5165934213494, 14.946496426468968], [78.5195823127736, 14.943486247192595], [78.49038150400327, 14.911138188976281], [78.48525736483555, 14.900816939650099], [78.47735558589164, 14.90281183110119], [78.49825293442547, 14.955866291995846], [78.50516561290277, 14.955748614806794], [78.5165573747231, 14.996998028636142], [78.51573843228289, 15.002571652559766], [78.50854816366689, 15.005167898179991], [78.515284138852, 15.01365536510309], [78.51222536021226, 15.041975144937055], [78.51560941913942, 15.060633573680548], [78.50608958356747, 15.069704581001645], [78.49875282258478, 15.070413575026521], [78.48162938009187, 15.071463489448547], [78.48133266676922, 15.063536310952031], [78.47388612914159, 15.063053492824508], [78.47810897854657, 15.061461513837855], [78.48129891521285, 15.050669575540553], [78.48747348231541, 15.05036612089981], [78.48529006778244, 15.036950038213718], [78.48250082315451, 15.043255238138784], [78.47429335025794, 15.03573194877049], [78.46174321217956, 15.039401650365903], [78.45725292598183, 15.031104948534619], [78.43874694671428, 15.033941292456745], [78.43866766338203, 15.037079083732806], [78.4362054796992, 15.032628379396215], [78.41937385012312, 15.03181594085305], [78.4097401657761, 14.973030677024155], [78.39220098019115, 14.968368224613926], [78.35930967660033, 14.985897145337049], [78.34280109429511, 15.003169090181416], [78.3532233590708, 15.031321927964655], [78.36964579891452, 15.026433144973737], [78.37562140990019, 15.036406269433826], [78.39987324495434, 15.048952928934568], [78.378076450268, 15.056736124172858], [78.38277061637092, 15.069589890461145], [78.3710719887813, 15.072050219741925], [78.36371992403531, 15.052340317151959], [78.35342727135156, 15.054813862869537], [78.35464703892978, 15.062174573697689], [78.33282744013434, 15.066646700784645], [78.32526732712552, 15.073587278030516], [78.31384906498243, 15.0690637879635], [78.29329575389596, 15.073644316631942], [78.28980046771744, 15.100968470518524], [78.29764032204326, 15.1283623092732], [78.31204825622211, 15.151481926649637], [78.3398312280288, 15.163251098859178], [78.34153447023965, 15.175703747729813], [78.34958672194972, 15.1825007392178], [78.3448344281664, 15.208539476815474], [78.37655235570674, 15.20182848030015], [78.38490034587431, 15.202796772253294], [78.38867569892443, 15.2089828272957], [78.38741548433717, 15.220180886838534], [78.3798942274367, 15.226462712484249], [78.38222494552485, 15.241539414912097], [78.36478547137244, 15.245546008841302], [78.35505561262647, 15.266521129846296], [78.36606038178127, 15.293194748339033], [78.39519357502354, 15.314288622122262], [78.39804058130784, 15.302674849164987], [78.41605867476807, 15.281757631009896], [78.42495316855394, 15.2910695703045], [78.44928609187969, 15.299107442754348], [78.45446280091761, 15.307657905388055], [78.45159774703848, 15.329785646090727], [78.45873199508554, 15.340798298702566], [78.4578032130479, 15.358421906345939], [78.46718070482575, 15.368982410409956], [78.48074582855719, 15.37555457678235], [78.48447294197274, 15.391506499425475], [78.49972508684334, 15.404717801085724]]]}}, {"type": "Feature", "properties": {"ac_name": "Kandukur", "district_key": "Prakasam", "display": "Kandukur"}, "geometry": {"type": "Polygon", "coordinates": [[[79.66185837246599, 15.260494141491506], [79.67389726214901, 15.255138402615216], [79.69908960460162, 15.228988734542497], [79.7179344304297, 15.233850045942916], [79.73353752044028, 15.245575561463056], [79.76477074487406, 15.23820096959912], [79.76914461473223, 15.214909962125091], [79.78605496286627, 15.220370387483456], [79.79673903917535, 15.227076349593915], [79.79819336882895, 15.243945711125718], [79.8066941178393, 15.263144030772423], [79.8489497768108, 15.262325471443376], [79.85742960129511, 15.269224995537172], [79.86957177901445, 15.295055183050295], [79.88125245703532, 15.299746028856191], [79.88598049520374, 15.307809888115912], [79.9135070855836, 15.318310169978417], [79.91558247714966, 15.325797419915034], [79.9068758292562, 15.346414559484401], [79.91942776148204, 15.363904085405295], [79.92690094871989, 15.366658165641866], [79.93323105806695, 15.361453100979872], [79.93193141720121, 15.327423757500469], [79.94615093082086, 15.333817401252134], [79.96075979962512, 15.333402479241101], [79.99377882403354, 15.315059234995772], [79.99270715141398, 15.296813640037499], [79.97800812017869, 15.270732780893184], [79.97755121241858, 15.250678316551102], [79.9719360757893, 15.242549273530187], [79.98326572952988, 15.229826838837596], [79.98482524748727, 15.221603529779145], [80.01188154279902, 15.2222754600445], [80.02333380381208, 15.233900765907663], [80.04396124241748, 15.23593361414504], [80.07095581725724, 15.213568768983578], [80.08015930370897, 15.211099520226753], [80.08954711880455, 15.215399378578525], [80.08370967336282, 15.190950100067141], [80.05567362873501, 15.12379276312555], [80.04709713522465, 15.083847895064366], [80.05421936023532, 15.005510362713096], [80.0402451870658, 15.009554881052964], [80.02732930730173, 14.980976260146349], [79.98917275731696, 14.99906509967468], [79.9618307536864, 15.02323489587377], [79.95210295348858, 15.019547741135398], [79.9343932771281, 15.023421246193607], [79.91420211403641, 15.016397484356446], [79.91655692586147, 15.011375191611876], [79.90368952944829, 15.012131112261045], [79.90451851281915, 15.008709348357797], [79.88926610444724, 14.998692296512331], [79.88849036363945, 14.98959943116887], [79.87344800901843, 14.987686491338536], [79.86538135916243, 14.964140347099374], [79.83211343838451, 14.967128539750377], [79.82243957052981, 14.973622602701028], [79.77954553230052, 14.981514160849883], [79.78087303056594, 14.994921704473143], [79.78989719939631, 15.005827592269611], [79.7939892028395, 15.021139521371879], [79.78112697572942, 15.028046632146413], [79.79325236040819, 15.039894475249866], [79.79692298920463, 15.056212346422683], [79.77830602190545, 15.067251104554884], [79.76442303909204, 15.060854512825529], [79.76156235591804, 15.054277805776167], [79.75282303655393, 15.055368870477025], [79.74336278556416, 15.038268636788189], [79.73384196433523, 15.03113013314919], [79.71859590157965, 15.040159144828692], [79.71537175200478, 15.053207290584055], [79.68287568696343, 15.034009637334918], [79.67215775028001, 15.033330007074198], [79.6645242355051, 15.03837876057139], [79.6561918072062, 15.034736115079681], [79.62825661345198, 15.035104730998569], [79.63081123934728, 15.082070766352842], [79.64264812061435, 15.131717391144718], [79.63764077550144, 15.153717467687045], [79.65945708817412, 15.174173377699276], [79.65274959451824, 15.185810677820598], [79.63539336970831, 15.182191238434939], [79.63347196815687, 15.185934703323937], [79.66185837246599, 15.260494141491506]]]}}, {"type": "Feature", "properties": {"ac_name": "Guntakal", "district_key": "Ananthapuramu", "display": "Guntakal"}, "geometry": {"type": "Polygon", "coordinates": [[[77.41830654301259, 15.224322635381384], [77.43312597278549, 15.220794680430231], [77.43431560138396, 15.210191900136124], [77.45037484732143, 15.205387506828004], [77.44652692707609, 15.213915962151987], [77.45129432857044, 15.22219992688514], [77.46728191922523, 15.217809468132486], [77.48118710629996, 15.20828599570217], [77.50179357990982, 15.221725127112961], [77.52718725358892, 15.224321417699343], [77.54175454853362, 15.20927776805462], [77.57564946764887, 15.199772059033364], [77.58231033055739, 15.188278405823837], [77.61154705285423, 15.183865579133226], [77.61054739074956, 15.195931820796943], [77.61561300113914, 15.206874934230882], [77.6345769574607, 15.207008408011689], [77.63719409613071, 15.22145769751478], [77.64988699708732, 15.225394411422997], [77.65165957253129, 15.232949309263233], [77.66922095158571, 15.232897063148982], [77.67725227427309, 15.228673030236223], [77.6800898286827, 15.216237511651912], [77.69794939055197, 15.20622354178306], [77.69318701267053, 15.184364166872854], [77.70270042618375, 15.180501261224265], [77.711649760628, 15.187241557651816], [77.71745212531539, 15.179620604607294], [77.71660276060896, 15.172762567138818], [77.73331137821759, 15.169102245472288], [77.73056171724949, 15.151167768277958], [77.74673959455669, 15.141353170912168], [77.74972944285958, 15.129455760774817], [77.77416002896223, 15.124586667540711], [77.77363477542463, 15.112546945085512], [77.77064958111333, 15.100698966184382], [77.75027952937683, 15.089356328032181], [77.72660190695251, 15.089995120978074], [77.7141411668814, 15.074229614305295], [77.69242543528566, 15.079391766017238], [77.68463070894012, 15.074471254045193], [77.6775380662288, 15.075622236976699], [77.66995910163126, 15.068647907275135], [77.65780133326496, 15.077366222073522], [77.62705401163339, 15.073059554055249], [77.6210590931027, 15.077186690413498], [77.61043818697283, 15.063454554484167], [77.60741272191962, 15.039381083770024], [77.63762300439816, 15.032446081421597], [77.64330127613306, 15.024382083666296], [77.63758317252547, 15.020824996076783], [77.61844465239886, 15.021715549732903], [77.59808767140896, 14.996456343585464], [77.64580893673309, 15.003684302788372], [77.6505872380107, 14.990187350366], [77.64576645635691, 14.979268933214769], [77.64266454533254, 14.945835231410854], [77.65698452671461, 14.918902411217346], [77.6460181100478, 14.918051570723435], [77.62047657433448, 14.9299366322698], [77.59562168449321, 14.929798830951313], [77.52921665652354, 14.89319958749104], [77.46852057616371, 14.887859137988869], [77.42388893082955, 14.911465975674275], [77.42684532884891, 14.927855625336917], [77.45458957584833, 14.976027395248138], [77.45011630482367, 14.99165392608785], [77.45839600766965, 15.006895482340667], [77.44553020755308, 15.023462584430774], [77.44315125252837, 15.045040033570729], [77.41919138957104, 15.064091443565303], [77.4040289493766, 15.090229552651806], [77.35923006611472, 15.119251295610866], [77.31865408351922, 15.13252434832009], [77.3012070514643, 15.154406096564173], [77.31019917025554, 15.154744015024335], [77.31653479154744, 15.17778266823558], [77.33096642106352, 15.174934523409604], [77.35155471307962, 15.177885371712591], [77.3537630424305, 15.198329664282653], [77.36316075726319, 15.223272879240028], [77.3951322369632, 15.217448378639801], [77.40645722502097, 15.219457719498223], [77.40909731978553, 15.225769273133494], [77.41830654301259, 15.224322635381384]]]}}, {"type": "Feature", "properties": {"ac_name": "Badvel_SC", "district_key": "Ysr_Kadapa", "display": "Badvel (SC)"}, "geometry": {"type": "Polygon", "coordinates": [[[78.86874021209115, 15.197725499732087], [78.91942418687677, 15.187347495090876], [78.92707523843154, 15.22884452465513], [78.9478175789182, 15.228773294751818], [78.94765987290486, 15.203713327108403], [78.95480869716368, 15.192297374424356], [78.95742051814244, 15.17634249930694], [78.97224983686056, 15.168658591920519], [78.98143238709503, 15.164980537421911], [79.00920292487513, 15.168613419873452], [79.01724525886169, 15.179585903366785], [79.08245933173282, 15.17316686455922], [79.07341835727141, 15.165179586169018], [79.07220714134655, 15.141981190879278], [79.07611847009139, 15.104194266752074], [79.09006357267577, 15.049081393491576], [79.08444218665767, 15.015526050287065], [79.08770104466754, 15.002818473293985], [79.08146854953401, 14.983002430018189], [79.09285279571998, 14.933088270407382], [79.10410655567307, 14.898928701498448], [79.11182504109286, 14.898983832637839], [79.10849557371182, 14.895068810377325], [79.13384302403637, 14.867244165785678], [79.1506359593821, 14.793707906095051], [79.16019789581628, 14.781501183133116], [79.16538701729706, 14.764479563680993], [79.16872901852946, 14.744779226280343], [79.18555129065959, 14.710959318717642], [79.18397011792666, 14.688629784537], [79.17368445117654, 14.68260554900695], [79.17913348302386, 14.679049866158437], [79.17904944497599, 14.664443616179994], [79.18661347183433, 14.659761927271177], [79.18142754294678, 14.644079973012367], [79.18912636738798, 14.616627701707102], [79.20032223168567, 14.613730605882779], [79.20278140174037, 14.604661824383754], [79.20985765700533, 14.602685258417978], [79.2202459822663, 14.588491924962398], [79.22958144242966, 14.602510598385436], [79.24202848762468, 14.593104758178072], [79.24866654822267, 14.571046584532326], [79.25834095567063, 14.556147950567492], [79.26765478264218, 14.551162382537996], [79.27833838590783, 14.532587675281036], [79.29293844225538, 14.485143766271847], [79.30525934044624, 14.484251798881473], [79.31100841580582, 14.478739809094975], [79.31650026797303, 14.476990868733651], [79.32673006703902, 14.457657756000685], [79.33003360786478, 14.426196594797034], [79.34873230914883, 14.405462480409199], [79.3590591315737, 14.38172472841353], [79.36428422773497, 14.378814777679906], [79.36757563580699, 14.368492543596062], [79.36499193123268, 14.355543612847498], [79.37096416436475, 14.34917272913816], [79.3570454002251, 14.344154163184157], [79.33650527409918, 14.343998450068455], [79.31838498617822, 14.35341166021999], [79.30772653605084, 14.352829200807037], [79.27605613228474, 14.329732386640387], [79.26300417790054, 14.337225516344574], [79.23835514017765, 14.33814402182918], [79.2334612706212, 14.353140903130225], [79.20459254101303, 14.37466114009959], [79.20110559154989, 14.382980203573595], [79.21833719550523, 14.40417348571782], [79.19475812888459, 14.434604058030914], [79.18730658203322, 14.438739560782153], [79.18580156029384, 14.452063288490024], [79.17746331967652, 14.461188381938314], [79.17031122818071, 14.451379896365154], [79.14574093059952, 14.438725945945691], [79.12900952057299, 14.446256204160534], [79.1009048945453, 14.471426881945092], [79.06368927553967, 14.442949385305951], [79.0403343721336, 14.44287876604227], [79.02142340296774, 14.452532810141122], [78.99826106329749, 14.45141907263212], [78.98416395909948, 14.462280454779204], [78.94840137202573, 14.464235724798925], [78.91891747466178, 14.48980440744748], [78.89577821699118, 14.499436374089441], [78.88667290682923, 14.509018828556123], [78.88735131131403, 14.516934511918237], [78.87181537008331, 14.5379902004874], [78.87269129806504, 14.550477054172745], [78.88147534970767, 14.568604571743663], [78.90090316914598, 14.579981923726848], [78.90218108958567, 14.591658491845976], [78.90835314757976, 14.617493546490039], [78.88977004784948, 14.632946323813826], [78.88836920267664, 14.668537658386299], [78.8799492460609, 14.678099225199105], [78.88476060731625, 14.690297772424287], [78.95260393002741, 14.694920538652013], [78.97051755284286, 14.699665650449447], [78.96991861605136, 14.705559096675017], [78.97536459649899, 14.710007895348156], [78.98776222214889, 14.69868096925137], [79.0074527794223, 14.699364970217232], [79.00632586684532, 14.71902131728001], [79.0113701120411, 14.731037205902396], [78.99425398823104, 14.745608812196963], [78.98251844437078, 14.746452347497893], [78.97622798073678, 14.751377741889314], [78.98086653006635, 14.770441291832185], [78.97667966523443, 14.822630990727703], [78.96904048562999, 14.830870471395201], [78.95328190913284, 14.833510152471604], [78.94545019457087, 14.842317107148801], [78.94479993167158, 14.851173167507739], [78.9526428266052, 14.867618288253425], [78.93883410800771, 14.88853970894047], [78.93774899502017, 14.905144245310737], [78.91479257671608, 14.91770037467262], [78.89939894420598, 14.897466208698631], [78.89590933544753, 14.883784061585231], [78.8670019295954, 14.873796782695422], [78.85747434276675, 14.876640864384456], [78.85118978947725, 14.867456252903821], [78.83299816643228, 14.860483811778522], [78.79465434342325, 14.919836955211338], [78.7834642725582, 14.968846760169868], [78.76590334136614, 14.9873518032432], [78.74859724836438, 15.034541216703815], [78.76232919093945, 15.059160858287044], [78.75763729922204, 15.062893828987058], [78.75510293235448, 15.075968173792262], [78.76036511565763, 15.079954700249289], [78.7508675185212, 15.108337281540344], [78.75303548989598, 15.130219477646847], [78.75008580621505, 15.134740308418543], [78.75834217884852, 15.18503517263514], [78.77751828703936, 15.200008101392825], [78.86874021209115, 15.197725499732087]]]}}, {"type": "Feature", "properties": {"ac_name": "Uravakonda", "district_key": "Ananthapuramu", "display": "Uravakonda"}, "geometry": {"type": "Polygon", "coordinates": [[[77.15730913980502, 15.140495252753738], [77.1604666568108, 15.146970219500076], [77.18035932502289, 15.143327057797535], [77.18807578606874, 15.157465453467978], [77.20003733945174, 15.160078316760973], [77.22997624700628, 15.14412746790839], [77.26429629543776, 15.143038925805854], [77.271269956943, 15.131094419072213], [77.29199053113814, 15.1312756027869], [77.3012070514643, 15.154406096564173], [77.31865408351922, 15.13252434832009], [77.35923006611472, 15.119251295610866], [77.4040289493766, 15.090229552651806], [77.41919138957104, 15.064091443565303], [77.44315125252837, 15.045040033570729], [77.44553020755308, 15.023462584430774], [77.45839600766965, 15.006895482340667], [77.45011630482367, 14.99165392608785], [77.45458957584833, 14.976027395248138], [77.42684532884891, 14.927855625336917], [77.42388893082955, 14.911465975674275], [77.46852057616371, 14.887859137988869], [77.45109784109258, 14.873408191934573], [77.42937024743901, 14.874243836583844], [77.45364396479721, 14.81218294958353], [77.45841786749065, 14.80707349094888], [77.4737737824342, 14.805850421959462], [77.47040188953565, 14.78920474520288], [77.49443061268266, 14.775424524322375], [77.50658409038351, 14.74634281097201], [77.54198380101167, 14.74539942394432], [77.5439558640719, 14.740860850447916], [77.53220491842228, 14.705938663638449], [77.52032272391466, 14.697867748297995], [77.50283906247279, 14.698866139660652], [77.49387720137179, 14.692361052820388], [77.49084440324668, 14.699509001139518], [77.48319290562813, 14.703104382761126], [77.45586793965373, 14.697717960815282], [77.44722087814108, 14.691939059440074], [77.44187184011338, 14.67594767274693], [77.43280033636648, 14.669283119020804], [77.42713361012807, 14.688797171752128], [77.41745023284204, 14.69301896535302], [77.40515826674067, 14.693493931499802], [77.3815665394643, 14.68552624124311], [77.33795145179812, 14.685307140312318], [77.30015891410267, 14.672347513027375], [77.29911932749502, 14.659060635939625], [77.28693298946592, 14.658875666978474], [77.30068556608609, 14.639691365064493], [77.2910693411772, 14.594019364202325], [77.27476439775882, 14.590243580376978], [77.26742420406384, 14.583395359907968], [77.25898520969974, 14.588214891504094], [77.25017810483575, 14.615724875902345], [77.24050695383289, 14.6292036350398], [77.22447741609994, 14.626829456314397], [77.2189069847696, 14.612570979567124], [77.2131179750146, 14.610199310849566], [77.1953580993968, 14.618600514801983], [77.16839757738637, 14.621361576475636], [77.14718193899535, 14.629341330238276], [77.08534881069909, 14.624978183896133], [77.07865322226843, 14.626973973769907], [77.06812709838692, 14.643574434412642], [77.04358792364383, 14.641819336393326], [77.00496770929243, 14.630077873195319], [76.99488025222195, 14.658100868660199], [76.97776767533799, 14.673547742834103], [76.98088071547272, 14.69313162252638], [76.97615591576294, 14.70024055106063], [76.96779393843957, 14.702790808049429], [76.9625369208423, 14.735778731203538], [76.96929848443756, 14.747508747830523], [76.97357426793815, 14.742267393725285], [76.99934243550507, 14.735600929839109], [77.00363692850152, 14.71867080921055], [77.009898616528, 14.71416557628038], [77.01746324323415, 14.71836118881788], [77.01976084378799, 14.7331146874929], [77.03640481542993, 14.744531204051896], [77.04375525060436, 14.740064960329732], [77.07106929431257, 14.73784167974975], [77.08892775451233, 14.757441585360937], [77.11625626381556, 14.750284614143652], [77.14143178984529, 14.735971579125135], [77.207794053253, 14.73121227062984], [77.21485373671067, 14.756594557093194], [77.21188515647486, 14.767469651203498], [77.17278696234848, 14.773771248444405], [77.17240139330971, 14.782989424422453], [77.19628686884397, 14.798465156941461], [77.19858494244119, 14.82524748278513], [77.18066253504799, 14.828104898722131], [77.17996985202711, 14.869419035859892], [77.14699024580324, 14.881061084401551], [77.14413126504593, 14.89360594705687], [77.15303581235293, 14.897819275339316], [77.15575756286131, 14.90575288578708], [77.15207574919651, 14.91998049870108], [77.14688140535264, 14.924713600052655], [77.13592097367405, 14.916941327080622], [77.12419682512342, 14.918517111975177], [77.11822767936394, 14.95359992939325], [77.09932482478092, 14.970953229607915], [77.09159670222607, 14.99416169460659], [77.08251313767124, 15.00681030665038], [77.08476989191706, 15.030744330286666], [77.09087557994411, 15.02936910050363], [77.09367806439121, 15.036171320649999], [77.11295136231558, 15.034087668810912], [77.11529704062599, 15.046430971811958], [77.11952469690732, 15.045725901529181], [77.12823879928123, 15.072345213560823], [77.130145778405, 15.100797006676544], [77.15019483782157, 15.111636844664702], [77.15635462636499, 15.122959696832595], [77.15730913980502, 15.140495252753738]]]}}, {"type": "Feature", "properties": {"ac_name": "Tadipatri", "district_key": "Ananthapuramu", "display": "Tadpatri"}, "geometry": {"type": "Polygon", "coordinates": [[[77.89646031878874, 15.177844127904223], [77.90564844661856, 15.177220897726272], [77.91940361058823, 15.174393467884272], [77.92370617949666, 15.161850947962932], [77.9205604211266, 15.153422846187425], [77.92481922093037, 15.152208536594742], [77.90884557066659, 15.138810930480133], [77.91509696415363, 15.129258248069732], [77.90719285956288, 15.131015236464066], [77.90642195530904, 15.122992817064926], [77.93285749627648, 15.112750803406925], [77.96138560945838, 15.10901700173332], [77.97452433942681, 15.139265575545949], [77.99335989324453, 15.133534273487953], [77.99708343545223, 15.12475486684366], [78.00655378402996, 15.122835716295299], [78.0142366473035, 15.112263946424036], [78.00577775633843, 15.082173056141698], [77.99771806453708, 15.081690984451427], [77.99517641046305, 15.064306371641806], [78.01065244875156, 15.051160009127159], [78.01140406884275, 15.027418097767054], [78.02669597274098, 15.01674449945915], [78.03403423649087, 14.999852829344661], [78.05478714401153, 14.992445681123343], [78.06001143977619, 15.003424664017075], [78.06563316663738, 14.995384929071292], [78.08863256983727, 14.982614757465115], [78.08739724218901, 14.972551452587538], [78.13389848632613, 14.961618395372682], [78.13697151562303, 14.94809576280926], [78.13120253376997, 14.934536861487004], [78.12350688483491, 14.937171873283376], [78.11313751098737, 14.931961526003647], [78.0943203743858, 14.884622035478628], [78.08916112748409, 14.857982699142326], [78.11364882233534, 14.85101741662055], [78.10131410066526, 14.817441585061147], [78.07629519426786, 14.827492591709813], [78.07352892821751, 14.81467349518573], [78.03739824503305, 14.840865657124425], [77.97470653757671, 14.837592278660793], [77.9569728205393, 14.842823958758743], [77.94783200604229, 14.854130897423033], [77.9188354971605, 14.849302323143775], [77.91319217487904, 14.852711983071629], [77.91122387638086, 14.860781265243247], [77.90280088994916, 14.861695208467154], [77.89370365839716, 14.856905373384336], [77.89194148451196, 14.837217005960099], [77.86482382755764, 14.808461437145638], [77.86129086158405, 14.794809440703148], [77.82653565639549, 14.816274152630115], [77.82522060834447, 14.849876035750526], [77.81428967532833, 14.860857043018143], [77.80548730539488, 14.884075566933916], [77.79091484024775, 14.897406245501884], [77.78668612276641, 14.92088527783335], [77.78023391606246, 14.93015957060777], [77.76328553739768, 14.918025433726825], [77.7637136056984, 14.90214185236465], [77.75297822036862, 14.886695845137183], [77.73539515865968, 14.890535082428187], [77.69610188269581, 14.91361426088946], [77.65698452671461, 14.918902411217346], [77.64266454533254, 14.945835231410854], [77.64576645635691, 14.979268933214769], [77.6505872380107, 14.990187350366], [77.64580893673309, 15.003684302788372], [77.59808767140896, 14.996456343585464], [77.61844465239886, 15.021715549732903], [77.63758317252547, 15.020824996076783], [77.64330127613306, 15.024382083666296], [77.63762300439816, 15.032446081421597], [77.60741272191962, 15.039381083770024], [77.61043818697283, 15.063454554484167], [77.6210590931027, 15.077186690413498], [77.62705401163339, 15.073059554055249], [77.65780133326496, 15.077366222073522], [77.66995910163126, 15.068647907275135], [77.6775380662288, 15.075622236976699], [77.68463070894012, 15.074471254045193], [77.69242543528566, 15.079391766017238], [77.7141411668814, 15.074229614305295], [77.72660190695251, 15.089995120978074], [77.75027952937683, 15.089356328032181], [77.77064958111333, 15.100698966184382], [77.77363477542463, 15.112546945085512], [77.78486750383229, 15.113383282212737], [77.79183116487644, 15.106503322870083], [77.79646734629108, 15.119297710520982], [77.81131326559478, 15.128962042864032], [77.80993317857337, 15.135578763449246], [77.8158165433988, 15.143233680290166], [77.83897719144431, 15.14525154132565], [77.842855118469, 15.129955551807313], [77.8545006491857, 15.13549311201757], [77.8755722170842, 15.135543956088725], [77.88453620508187, 15.178507634220011], [77.89646031878874, 15.177844127904223]]]}}, {"type": "Feature", "properties": {"ac_name": "Rayadurg", "district_key": "Ananthapuramu", "display": "Rayadurg"}, "geometry": {"type": "Polygon", "coordinates": [[[77.08251313767124, 15.00681030665038], [77.09159670222607, 14.99416169460659], [77.09932482478092, 14.970953229607915], [77.11822767936394, 14.95359992939325], [77.12419682512342, 14.918517111975177], [77.13592097367405, 14.916941327080622], [77.14688140535264, 14.924713600052655], [77.15207574919651, 14.91998049870108], [77.15575756286131, 14.90575288578708], [77.15303581235293, 14.897819275339316], [77.14413126504593, 14.89360594705687], [77.14699024580324, 14.881061084401551], [77.17996985202711, 14.869419035859892], [77.18066253504799, 14.828104898722131], [77.19858494244119, 14.82524748278513], [77.19628686884397, 14.798465156941461], [77.17240139330971, 14.782989424422453], [77.17278696234848, 14.773771248444405], [77.21188515647486, 14.767469651203498], [77.21485373671067, 14.756594557093194], [77.207794053253, 14.73121227062984], [77.14143178984529, 14.735971579125135], [77.11625626381556, 14.750284614143652], [77.08892775451233, 14.757441585360937], [77.07106929431257, 14.73784167974975], [77.04375525060436, 14.740064960329732], [77.03640481542993, 14.744531204051896], [77.01976084378799, 14.7331146874929], [77.01746324323415, 14.71836118881788], [77.009898616528, 14.71416557628038], [77.00363692850152, 14.71867080921055], [76.99934243550507, 14.735600929839109], [76.97357426793815, 14.742267393725285], [76.96929848443756, 14.747508747830523], [76.9625369208423, 14.735778731203538], [76.96779393843957, 14.702790808049429], [76.97615591576294, 14.70024055106063], [76.98088071547272, 14.69313162252638], [76.97776767533799, 14.673547742834103], [76.99488025222195, 14.658100868660199], [77.00496770929243, 14.630077873195319], [76.97605345870022, 14.611987573167994], [76.94795377264853, 14.609479061809282], [76.9239164348956, 14.576453402202787], [76.90495531053921, 14.570909631274503], [76.87273628525139, 14.540243961789429], [76.855675779114, 14.532693066831598], [76.8324807544833, 14.529490049526203], [76.82348276401842, 14.526867596762258], [76.80630823373804, 14.531107190644377], [76.80284387344608, 14.542242880404672], [76.79138792970923, 14.554696514932289], [76.78187184161226, 14.596530599607547], [76.78026511284475, 14.593092953676944], [76.7650267329974, 14.602159811526121], [76.77532983130675, 14.681151651927223], [76.78637009490399, 14.696174942719495], [76.78653928166256, 14.708514000920445], [76.80296700862061, 14.741910336792671], [76.7900256672508, 14.759154867603115], [76.78242091549293, 14.786053680832765], [76.81696738084003, 14.787943069217306], [76.81916387151551, 14.79316892350704], [76.83656009457275, 14.790920547345422], [76.83737648473704, 14.811117661251103], [76.85417675315472, 14.809830579417735], [76.85469984472212, 14.817871520354458], [76.8460537490813, 14.822117069547176], [76.84559829372631, 14.834098403518567], [76.84180040186709, 14.836573984401923], [76.8538989462794, 14.842870967221415], [76.85706820843114, 14.86739711438537], [76.85254852609364, 14.886973376819924], [76.84549980357315, 14.889387340653286], [76.84745309058769, 14.89595261012488], [76.86384534648562, 14.895545471746175], [76.869543547197, 14.937718218620944], [76.86726599612888, 14.969572148835653], [76.84165962289336, 14.966046006917736], [76.83404342906107, 14.956278605972955], [76.82858715047666, 14.95625584682989], [76.81811688888337, 14.969163650681992], [76.766657251531, 14.974568996162304], [76.76003455495083, 14.989478314972303], [76.77203230874409, 14.990547512657656], [76.77876276389048, 15.004609121513795], [76.78783371635296, 15.009263480924972], [76.79015646734717, 15.020754794098536], [76.77386446607233, 15.065682753456372], [76.77992163297705, 15.076073195721449], [76.77789923306324, 15.07990493086794], [76.78229682254039, 15.07771625620029], [76.78617505443526, 15.088200284615482], [76.79250062580331, 15.087953765154168], [76.79975296742555, 15.095935941690414], [76.82391334142761, 15.080398387075945], [76.83616022991072, 15.079621943897621], [76.86602975207148, 15.060069656489532], [76.87730641685772, 15.030594430388703], [76.89511847114056, 15.037456937487718], [76.90736079826229, 15.032902652835219], [76.91850828622847, 15.035904009762305], [76.92236863510448, 15.031663714408921], [76.94974335607111, 15.030750089545052], [76.96605866327673, 15.018416993849257], [76.98536024038282, 15.015563128435701], [76.9860612277435, 15.026502635588201], [77.0041041820624, 15.0338721264975], [77.04958476312635, 15.033114077153016], [77.05045376992558, 15.024512471873152], [77.04414080255606, 15.009884592300125], [77.06904387447526, 15.00480328154623], [77.08251313767124, 15.00681030665038]]]}}, {"type": "Feature", "properties": {"ac_name": "Udayagiri", "district_key": "Sps_Nellore", "display": "Udayagiri"}, "geometry": {"type": "Polygon", "coordinates": [[[79.09006357267577, 15.049081393491576], [79.09496810189643, 15.054305321433503], [79.09413202916988, 15.06603501970045], [79.10132042000146, 15.072309150746776], [79.10090571472699, 15.08425397584034], [79.13007859864848, 15.086372064519196], [79.12913690684286, 15.100086985625921], [79.15273823618071, 15.097752061408585], [79.1612957611905, 15.091181270998902], [79.18139487417415, 15.08742360761346], [79.21501931588875, 15.085714000900452], [79.24865326433672, 15.10540831823937], [79.26179070197935, 15.106708299948139], [79.26561845043119, 15.105052883683697], [79.26577938411134, 15.096938086823286], [79.2913808461492, 15.098442645411808], [79.308989146432, 15.093880455718534], [79.30818699523371, 15.08782065290086], [79.31452110746318, 15.093495644808229], [79.31461587442311, 15.10169027358728], [79.3286671833439, 15.111491412598639], [79.32706649262457, 15.115358050433713], [79.33532396422964, 15.116950801038683], [79.33564554470615, 15.099528500340057], [79.3283047223851, 15.100392137287372], [79.32732532470402, 15.092798495754039], [79.3439330194933, 15.085455503368848], [79.35159444023128, 15.11686405962871], [79.35980782796895, 15.111644038341751], [79.35715911230324, 15.101893749696842], [79.36773983672413, 15.085485593785165], [79.38612415570526, 15.085597419984992], [79.39235453383475, 15.091771549117766], [79.39077575689572, 15.07541052307721], [79.40374536215882, 15.078173821364828], [79.41953759398484, 15.073732269428717], [79.41717182661858, 15.059421678767535], [79.42241239471628, 15.056680726834145], [79.43845043374057, 15.055531498479922], [79.45149683750913, 15.063180286441138], [79.46260039089537, 15.062231863209945], [79.46780260110921, 15.067792187959128], [79.47614995635547, 15.057314670635606], [79.5015835032761, 15.057042605032223], [79.50565706522144, 15.047313236416755], [79.5187671769637, 15.038479159085966], [79.52919680718696, 15.038115398606806], [79.5436180252517, 15.02613519778123], [79.55863849756867, 15.022123895001812], [79.56450996616206, 15.043869097380991], [79.57972826504744, 15.043520618182015], [79.5802294770088, 15.036707383139287], [79.60855206902283, 15.041093404636968], [79.6207090199054, 15.034366124996723], [79.62825661345198, 15.035104730998569], [79.6561918072062, 15.034736115079681], [79.6645242355051, 15.03837876057139], [79.67215775028001, 15.033330007074198], [79.68287568696343, 15.034009637334918], [79.71537175200478, 15.053207290584055], [79.71859590157965, 15.040159144828692], [79.73384196433523, 15.03113013314919], [79.74336278556416, 15.038268636788189], [79.75282303655393, 15.055368870477025], [79.76156235591804, 15.054277805776167], [79.76442303909204, 15.060854512825529], [79.77830602190545, 15.067251104554884], [79.79692298920463, 15.056212346422683], [79.79325236040819, 15.039894475249866], [79.78112697572942, 15.028046632146413], [79.7939892028395, 15.021139521371879], [79.78989719939631, 15.005827592269611], [79.78087303056594, 14.994921704473143], [79.77954553230052, 14.981514160849883], [79.82243957052981, 14.973622602701028], [79.83211343838451, 14.967128539750377], [79.86538135916243, 14.964140347099374], [79.87344800901843, 14.987686491338536], [79.87916568634739, 14.976341584196803], [79.87686950402446, 14.95214692893768], [79.88164155411448, 14.935592762695876], [79.90011326471546, 14.940483303861413], [79.92120569778479, 14.93177232932959], [79.95243831157887, 14.939698162440266], [79.95884086581339, 14.935554096344504], [79.95957712278607, 14.905065259654066], [79.95182758107808, 14.883841706329747], [79.93859660405008, 14.876438198564074], [79.9545121356266, 14.855074529965634], [79.96898712685447, 14.848643579637553], [79.9699619173087, 14.832753626578665], [79.95671305726182, 14.816380872479328], [79.94165804378378, 14.806395075672242], [79.93389919139463, 14.773622292834602], [79.88684362133614, 14.768087743554588], [79.87370392819378, 14.750463430842728], [79.85828310648026, 14.755909978762531], [79.85121403589909, 14.751141495383763], [79.83684991938833, 14.725712276900083], [79.82072922457411, 14.718858209039183], [79.79464917841693, 14.717392447203736], [79.78449218576583, 14.732551579691687], [79.77337054431524, 14.737643900845399], [79.741429544438, 14.730408986285738], [79.71760961329306, 14.733034167592791], [79.69829842243428, 14.729279829900292], [79.69707223459602, 14.73978537909204], [79.73254637941193, 14.745182217885088], [79.74051678652052, 14.756716419727013], [79.73989895857017, 14.766321156696051], [79.69126836624218, 14.766411324523062], [79.67149438335917, 14.783265702450251], [79.65043975599002, 14.790277258688604], [79.62876228605074, 14.789219332206471], [79.62839995729223, 14.771157706163251], [79.6088285610893, 14.773627897409597], [79.60625515824898, 14.761683613707874], [79.60036078482244, 14.755873051700007], [79.58269095652247, 14.758215226251764], [79.56955939325144, 14.754040248658612], [79.56381839470322, 14.735096545968872], [79.55541445591246, 14.729498221265942], [79.54939686907034, 14.729470370161494], [79.544768122351, 14.735576627459466], [79.53750940363614, 14.7666925146479], [79.52624077339306, 14.77095612312661], [79.50678923793305, 14.745054383752858], [79.48973997242183, 14.735255827594415], [79.48133261261006, 14.716766165626098], [79.43849438630696, 14.722005203977005], [79.39028250843108, 14.778333330219084], [79.37882030901011, 14.779514406264866], [79.3740145945979, 14.770559712760587], [79.35357560982658, 14.761430360123086], [79.33868730997142, 14.779951681824684], [79.30157628751573, 14.804069473827212], [79.29494799895105, 14.805000656155414], [79.28999055362124, 14.783657660272866], [79.28288258916024, 14.779391446458135], [79.25505773502653, 14.80348031626363], [79.2341531046821, 14.805097723581127], [79.23813161098514, 14.822728893623605], [79.2203417429771, 14.852888286165523], [79.22769306398379, 14.859623720858053], [79.22757669710694, 14.877752875195085], [79.23260993010427, 14.886462157202857], [79.22852043936683, 14.889649567673473], [79.17881712580976, 14.847911428969326], [79.17605428797509, 14.802503200162619], [79.16538701729706, 14.764479563680993], [79.16019789581628, 14.781501183133116], [79.1506359593821, 14.793707906095051], [79.13384302403637, 14.867244165785678], [79.10849557371182, 14.895068810377325], [79.11182504109286, 14.898983832637839], [79.10410655567307, 14.898928701498448], [79.09285279571998, 14.933088270407382], [79.08146854953401, 14.983002430018189], [79.08770104466754, 15.002818473293985], [79.08444218665767, 15.015526050287065], [79.09006357267577, 15.049081393491576]]]}}, {"type": "Feature", "properties": {"ac_name": "Jammalamadugu", "district_key": "Ysr_Kadapa", "display": "Jammalamadugu"}, "geometry": {"type": "Polygon", "coordinates": [[[78.49875282258478, 15.070413575026521], [78.50608958356747, 15.069704581001645], [78.51560941913942, 15.060633573680548], [78.51222536021226, 15.041975144937055], [78.515284138852, 15.01365536510309], [78.50854816366689, 15.005167898179991], [78.51573843228289, 15.002571652559766], [78.5165573747231, 14.996998028636142], [78.50516561290277, 14.955748614806794], [78.49825293442547, 14.955866291995846], [78.47735558589164, 14.90281183110119], [78.48525736483555, 14.900816939650099], [78.49038150400327, 14.911138188976281], [78.49260484843506, 14.881232656162183], [78.50866813772444, 14.876570039176045], [78.51055818621137, 14.871616033753014], [78.49949371196527, 14.818366754522174], [78.4866295836884, 14.812725034832567], [78.47047785327038, 14.756534441911015], [78.47450436448491, 14.748889780039349], [78.4899280433446, 14.739858440914361], [78.52480864820063, 14.729678557819227], [78.52172106157781, 14.708424055226033], [78.52577245973129, 14.700550943071619], [78.54360394206833, 14.698773020258727], [78.55250857301229, 14.709569500132375], [78.5628425387522, 14.712466557285836], [78.57964402934851, 14.68045820897919], [78.60513313998246, 14.657201062778881], [78.5956520633921, 14.648325211039719], [78.57284734183139, 14.641517110226516], [78.56719422773148, 14.63527062344059], [78.56916185623476, 14.617004573402369], [78.59682504913678, 14.617959701079371], [78.6014494647211, 14.603037205402757], [78.59767911100221, 14.587154653764287], [78.58073282236194, 14.565936611485483], [78.56642083775154, 14.586171164167922], [78.55591024785969, 14.583475649581601], [78.5713549807478, 14.556469891672236], [78.5615678630665, 14.545960338698706], [78.5518374368483, 14.555928335224564], [78.53156313952735, 14.56426259903975], [78.51655480985664, 14.586430891072837], [78.50523257192572, 14.595274591149519], [78.48254627758871, 14.598110833448231], [78.46139465204163, 14.584795658293046], [78.44613420822719, 14.585910318506421], [78.4268424094497, 14.548383181538668], [78.40649030818122, 14.525940574697813], [78.4043507544838, 14.541607527365557], [78.39730752142503, 14.551663940738308], [78.37750761378538, 14.551939150371538], [78.35640183837421, 14.561192712873435], [78.36278317580297, 14.587296641426917], [78.35185019682916, 14.614673789663698], [78.33639159729444, 14.625138000618279], [78.30113133464346, 14.636818219984889], [78.28637267026255, 14.652826174888105], [78.28493542323127, 14.662959462309402], [78.27059935387712, 14.676191436685485], [78.24284533844167, 14.682155510268615], [78.23169408501406, 14.706627432809853], [78.20895296800512, 14.718906498136448], [78.18465194273301, 14.711293299945908], [78.18732167555493, 14.691679381997915], [78.17609980286369, 14.683799415210899], [78.16379806562827, 14.65753643795631], [78.13119027780914, 14.666062488493083], [78.1346533574665, 14.69570582036738], [78.11939352878841, 14.697475169043855], [78.11905439714275, 14.693184216678333], [78.10951800685058, 14.692727780162954], [78.10936450426851, 14.701598062400706], [78.09656497609285, 14.701338590903276], [78.09388445770162, 14.713891522275958], [78.0634688986708, 14.71873410709344], [78.07769042317454, 14.74532064243374], [78.0763971576028, 14.752752353838105], [78.04610077942749, 14.772398659970236], [78.07352892821751, 14.81467349518573], [78.07629519426786, 14.827492591709813], [78.10131410066526, 14.817441585061147], [78.11364882233534, 14.85101741662055], [78.08916112748409, 14.857982699142326], [78.0943203743858, 14.884622035478628], [78.11313751098737, 14.931961526003647], [78.12350688483491, 14.937171873283376], [78.13120253376997, 14.934536861487004], [78.13697151562303, 14.94809576280926], [78.15145939683373, 14.948982480856841], [78.15338898491376, 14.960006899299003], [78.1678369865877, 14.964333107786729], [78.18002222024933, 14.964568458567555], [78.21058003134345, 14.95244523136239], [78.22043823233861, 14.955524364357984], [78.22453015214484, 14.97787840326572], [78.23586988188958, 15.003631141164306], [78.24395295876212, 14.99977896083044], [78.26010529082657, 15.026929014962093], [78.28378713916521, 15.031375143548075], [78.27506945659019, 15.05835356656388], [78.28456324869501, 15.070957107284698], [78.29329575389596, 15.073644316631942], [78.31384906498243, 15.0690637879635], [78.32526732712552, 15.073587278030516], [78.33282744013434, 15.066646700784645], [78.35464703892978, 15.062174573697689], [78.35342727135156, 15.054813862869537], [78.36371992403531, 15.052340317151959], [78.3710719887813, 15.072050219741925], [78.38277061637092, 15.069589890461145], [78.378076450268, 15.056736124172858], [78.39987324495434, 15.048952928934568], [78.37562140990019, 15.036406269433826], [78.36964579891452, 15.026433144973737], [78.3532233590708, 15.031321927964655], [78.34280109429511, 15.003169090181416], [78.35930967660033, 14.985897145337049], [78.39220098019115, 14.968368224613926], [78.4097401657761, 14.973030677024155], [78.41937385012312, 15.03181594085305], [78.4362054796992, 15.032628379396215], [78.43866766338203, 15.037079083732806], [78.43874694671428, 15.033941292456745], [78.45725292598183, 15.031104948534619], [78.46174321217956, 15.039401650365903], [78.47429335025794, 15.03573194877049], [78.48250082315451, 15.043255238138784], [78.48529006778244, 15.036950038213718], [78.48747348231541, 15.05036612089981], [78.48129891521285, 15.050669575540553], [78.47810897854657, 15.061461513837855], [78.47388612914159, 15.063053492824508], [78.48133266676922, 15.063536310952031], [78.48162938009187, 15.071463489448547], [78.49875282258478, 15.070413575026521]]]}}, {"type": "Feature", "properties": {"ac_name": "Mydukur", "district_key": "Ysr_Kadapa", "display": "Mydukur"}, "geometry": {"type": "Polygon", "coordinates": [[[78.62961611878893, 14.947206777570784], [78.6299933547096, 14.925974616835163], [78.6604349464157, 14.930218188418735], [78.66594536778456, 14.935354465736054], [78.6845713516866, 14.938976675033587], [78.6917169365874, 14.968288871134519], [78.71793276688373, 14.968934239023952], [78.70993489717785, 15.022358382433424], [78.7287596744195, 15.024574738233639], [78.74859724836438, 15.034541216703815], [78.76590334136614, 14.9873518032432], [78.7834642725582, 14.968846760169868], [78.79465434342325, 14.919836955211338], [78.83299816643228, 14.860483811778522], [78.85118978947725, 14.867456252903821], [78.85747434276675, 14.876640864384456], [78.8670019295954, 14.873796782695422], [78.89590933544753, 14.883784061585231], [78.89939894420598, 14.897466208698631], [78.91479257671608, 14.91770037467262], [78.93774899502017, 14.905144245310737], [78.93883410800771, 14.88853970894047], [78.9526428266052, 14.867618288253425], [78.94479993167158, 14.851173167507739], [78.94545019457087, 14.842317107148801], [78.95328190913284, 14.833510152471604], [78.96904048562999, 14.830870471395201], [78.97667966523443, 14.822630990727703], [78.98086653006635, 14.770441291832185], [78.97622798073678, 14.751377741889314], [78.98251844437078, 14.746452347497893], [78.99425398823104, 14.745608812196963], [79.0113701120411, 14.731037205902396], [79.00632586684532, 14.71902131728001], [79.0074527794223, 14.699364970217232], [78.98776222214889, 14.69868096925137], [78.97536459649899, 14.710007895348156], [78.96991861605136, 14.705559096675017], [78.97051755284286, 14.699665650449447], [78.95260393002741, 14.694920538652013], [78.88476060731625, 14.690297772424287], [78.8799492460609, 14.678099225199105], [78.88836920267664, 14.668537658386299], [78.88977004784948, 14.632946323813826], [78.90835314757976, 14.617493546490039], [78.90218108958567, 14.591658491845976], [78.87793387255022, 14.592917018405728], [78.85146852355359, 14.584438140008217], [78.81243109302056, 14.583904655875244], [78.8019144947582, 14.56765810543726], [78.79013410980139, 14.564014548033015], [78.76821550733985, 14.572651297019775], [78.77069874415179, 14.593917194922653], [78.75764815044187, 14.618308471658679], [78.74467584541401, 14.617546092977875], [78.73605613228472, 14.597449138367097], [78.72639228917285, 14.59038322170835], [78.69461713057615, 14.590113012305721], [78.68659439461567, 14.619562153570598], [78.67023960717216, 14.6230598256505], [78.65131835695666, 14.637564954059428], [78.6368116493382, 14.642092726698024], [78.62382087493347, 14.658002554774157], [78.644647549345, 14.690555875153564], [78.62363580255033, 14.701739451114804], [78.62521499407677, 14.718886884821927], [78.6297689810537, 14.726432369458337], [78.64889805829881, 14.730038858606463], [78.63576580344915, 14.743145380255157], [78.61323470601695, 14.730510166311149], [78.60351967709147, 14.733635796055182], [78.60794268590627, 14.75424502159052], [78.62637325702025, 14.763563449493631], [78.63245974272303, 14.780819726349364], [78.62780704705762, 14.796127508677614], [78.60450604901501, 14.802678720846359], [78.61872807983707, 14.807436652479566], [78.66628371342267, 14.801733998325403], [78.66786350929357, 14.806809873576867], [78.6440547819027, 14.813180670051906], [78.63673233722761, 14.825342532132197], [78.62411054026927, 14.83061210876184], [78.62604781665345, 14.837182541241361], [78.63397426939707, 14.841888043298582], [78.63019776161747, 14.85304250640661], [78.63357015723705, 14.867292435997172], [78.62383121443906, 14.877333185877887], [78.59131995804967, 14.939576133431842], [78.60126449486063, 14.954698464762373], [78.60967888107558, 14.94845264887067], [78.62961611878893, 14.947206777570784]]]}}, {"type": "Feature", "properties": {"ac_name": "Kavali", "district_key": "Sps_Nellore", "display": "Kavali"}, "geometry": {"type": "Polygon", "coordinates": [[[79.87344800901843, 14.987686491338536], [79.88849036363945, 14.98959943116887], [79.88926610444724, 14.998692296512331], [79.90451851281915, 15.008709348357797], [79.90368952944829, 15.012131112261045], [79.91655692586147, 15.011375191611876], [79.91420211403641, 15.016397484356446], [79.9343932771281, 15.023421246193607], [79.95210295348858, 15.019547741135398], [79.9618307536864, 15.02323489587377], [79.98917275731696, 14.99906509967468], [80.02732930730173, 14.980976260146349], [80.0402451870658, 15.009554881052964], [80.05421936023532, 15.005510362713096], [80.06679020430454, 14.935288211781597], [80.08492367628668, 14.882078415486546], [80.0884554344708, 14.82520648718969], [80.09720816092795, 14.780590678916724], [80.10972104998655, 14.739249613379002], [80.11803489469469, 14.73577658542115], [80.13802497207485, 14.714491741500694], [80.15138130380416, 14.671200979041998], [80.13057024701936, 14.668795020973505], [80.09500209427131, 14.631365962269399], [80.08416848049103, 14.628228170094019], [80.06906546300075, 14.63310332206072], [80.06300739227737, 14.611686989163275], [80.00032199176655, 14.631593515928046], [79.9825782832612, 14.64954206661315], [79.97463359946113, 14.651151953799683], [79.96823430976565, 14.647561180304251], [79.96825869937953, 14.638499768749398], [79.9782220958731, 14.62114324986112], [79.97872003250353, 14.608513404869768], [79.97186736848431, 14.601352573762313], [79.95655032583693, 14.600520496723618], [79.94653866992371, 14.586367582398054], [79.91661528646637, 14.58628632955049], [79.90278098485464, 14.594386017800502], [79.87059533520659, 14.59058564651042], [79.86008537933685, 14.588929286857137], [79.85547808594498, 14.592617406568081], [79.8556624964271, 14.634323920612474], [79.84727941920988, 14.670527370641707], [79.81320562224175, 14.672428872894216], [79.79908277674883, 14.679301472185216], [79.79464917841693, 14.717392447203736], [79.82072922457411, 14.718858209039183], [79.83684991938833, 14.725712276900083], [79.85121403589909, 14.751141495383763], [79.85828310648026, 14.755909978762531], [79.87370392819378, 14.750463430842728], [79.88684362133614, 14.768087743554588], [79.93389919139463, 14.773622292834602], [79.94165804378378, 14.806395075672242], [79.95671305726182, 14.816380872479328], [79.9699619173087, 14.832753626578665], [79.96898712685447, 14.848643579637553], [79.9545121356266, 14.855074529965634], [79.93859660405008, 14.876438198564074], [79.95182758107808, 14.883841706329747], [79.95957712278607, 14.905065259654066], [79.95884086581339, 14.935554096344504], [79.95243831157887, 14.939698162440266], [79.92120569778479, 14.93177232932959], [79.90011326471546, 14.940483303861413], [79.88164155411448, 14.935592762695876], [79.87686950402446, 14.95214692893768], [79.87916568634739, 14.976341584196803], [79.87344800901843, 14.987686491338536]]]}}, {"type": "Feature", "properties": {"ac_name": "Proddatur", "district_key": "Ysr_Kadapa", "display": "Proddatur"}, "geometry": {"type": "Polygon", "coordinates": [[[78.59131995804967, 14.939576133431842], [78.62383121443906, 14.877333185877887], [78.63357015723705, 14.867292435997172], [78.63019776161747, 14.85304250640661], [78.63397426939707, 14.841888043298582], [78.62604781665345, 14.837182541241361], [78.62411054026927, 14.83061210876184], [78.63673233722761, 14.825342532132197], [78.6440547819027, 14.813180670051906], [78.66786350929357, 14.806809873576867], [78.66628371342267, 14.801733998325403], [78.61872807983707, 14.807436652479566], [78.60450604901501, 14.802678720846359], [78.62780704705762, 14.796127508677614], [78.63245974272303, 14.780819726349364], [78.62637325702025, 14.763563449493631], [78.60794268590627, 14.75424502159052], [78.60351967709147, 14.733635796055182], [78.61323470601695, 14.730510166311149], [78.63576580344915, 14.743145380255157], [78.64889805829881, 14.730038858606463], [78.6297689810537, 14.726432369458337], [78.62521499407677, 14.718886884821927], [78.62363580255033, 14.701739451114804], [78.644647549345, 14.690555875153564], [78.62382087493347, 14.658002554774157], [78.60513313998246, 14.657201062778881], [78.57964402934851, 14.68045820897919], [78.5628425387522, 14.712466557285836], [78.55250857301229, 14.709569500132375], [78.54360394206833, 14.698773020258727], [78.52577245973129, 14.700550943071619], [78.52172106157781, 14.708424055226033], [78.52480864820063, 14.729678557819227], [78.4899280433446, 14.739858440914361], [78.47450436448491, 14.748889780039349], [78.47047785327038, 14.756534441911015], [78.4866295836884, 14.812725034832567], [78.49949371196527, 14.818366754522174], [78.51055818621137, 14.871616033753014], [78.50866813772444, 14.876570039176045], [78.49260484843506, 14.881232656162183], [78.49038150400327, 14.911138188976281], [78.5195823127736, 14.943486247192595], [78.5165934213494, 14.946496426468968], [78.51947985661013, 14.95410763895643], [78.5228973487337, 14.952439747296523], [78.52808122446896, 14.96054666429717], [78.53995736474064, 14.965207612141626], [78.55119934987016, 14.961595411399173], [78.54656481871149, 14.932995177985106], [78.56224057124541, 14.931245984914312], [78.58175438475712, 14.946280874262982], [78.59131995804967, 14.939576133431842]]]}}, {"type": "Feature", "properties": {"ac_name": "Singanamala_SC", "district_key": "Ananthapuramu", "display": "Singanamala (SC)"}, "geometry": {"type": "Polygon", "coordinates": [[[77.65698452671461, 14.918902411217346], [77.69610188269581, 14.91361426088946], [77.73539515865968, 14.890535082428187], [77.75297822036862, 14.886695845137183], [77.7637136056984, 14.90214185236465], [77.76328553739768, 14.918025433726825], [77.78023391606246, 14.93015957060777], [77.78668612276641, 14.92088527783335], [77.79091484024775, 14.897406245501884], [77.80548730539488, 14.884075566933916], [77.81428967532833, 14.860857043018143], [77.82522060834447, 14.849876035750526], [77.82653565639549, 14.816274152630115], [77.86129086158405, 14.794809440703148], [77.86482382755764, 14.808461437145638], [77.89194148451196, 14.837217005960099], [77.89370365839716, 14.856905373384336], [77.90280088994916, 14.861695208467154], [77.91122387638086, 14.860781265243247], [77.91319217487904, 14.852711983071629], [77.9188354971605, 14.849302323143775], [77.94783200604229, 14.854130897423033], [77.9569728205393, 14.842823958758743], [77.97470653757671, 14.837592278660793], [78.03739824503305, 14.840865657124425], [78.07352892821751, 14.81467349518573], [78.04610077942749, 14.772398659970236], [78.0763971576028, 14.752752353838105], [78.07769042317454, 14.74532064243374], [78.0634688986708, 14.71873410709344], [78.09388445770162, 14.713891522275958], [78.09656497609285, 14.701338590903276], [78.10936450426851, 14.701598062400706], [78.10951800685058, 14.692727780162954], [78.11905439714275, 14.693184216678333], [78.11939352878841, 14.697475169043855], [78.1346533574665, 14.69570582036738], [78.13119027780914, 14.666062488493083], [78.12956433682473, 14.6494246592207], [78.11946054536793, 14.634519405346339], [78.12402088425648, 14.630185368260186], [78.12190600345934, 14.624111502743688], [78.08826396291164, 14.630813050981544], [78.07428591905995, 14.588438579876595], [78.06465182642069, 14.572751553441492], [78.03951269325626, 14.566721004670683], [78.03880453829885, 14.556015993942992], [78.0443794446557, 14.54691198599943], [78.04058323542802, 14.533999476894394], [78.03321169136655, 14.531019823306224], [78.01429072623608, 14.538167782417247], [77.98744743894821, 14.540786250285294], [77.98299565182793, 14.545988147535013], [77.98300657769147, 14.567273186608304], [77.97036934117222, 14.574596457760379], [77.98226525933433, 14.60295663064403], [77.98264637852759, 14.611682730873383], [77.97688823890115, 14.618757091266787], [77.95294281366, 14.626742239163036], [77.94467325156938, 14.636044729280854], [77.90000189397227, 14.639274709160532], [77.86508729744088, 14.648967831500272], [77.8481847976903, 14.63322594372238], [77.85045450037495, 14.616142076795484], [77.84094062730816, 14.610662638869712], [77.84682136071729, 14.6050897973563], [77.84372288060649, 14.598695839741254], [77.82747075077458, 14.598761304090942], [77.79276641663688, 14.61054885754379], [77.78312493876496, 14.606035769934863], [77.77616319327683, 14.595482001793016], [77.73520270014455, 14.586130577763981], [77.73113940575905, 14.596092572214502], [77.73814560653454, 14.606536165311809], [77.73501162118941, 14.61662292091114], [77.71068537263187, 14.62102662308024], [77.70824275549882, 14.627839894095871], [77.6875294730068, 14.637804000154517], [77.68274984702788, 14.634464152798444], [77.68169422101153, 14.620523273430365], [77.67249245945948, 14.616084000376361], [77.65394143225137, 14.633670619803297], [77.64739335242132, 14.664322026040736], [77.63062473654242, 14.670056712247515], [77.62206210068547, 14.67032805119868], [77.60634554770894, 14.695520575314333], [77.59552785822416, 14.701520096575223], [77.61271872468944, 14.730036654368178], [77.59129853010313, 14.756982279108968], [77.57729708049595, 14.765850742917507], [77.57003431033519, 14.760348376776221], [77.55003592142072, 14.756972276849126], [77.54198380101167, 14.74539942394432], [77.50658409038351, 14.74634281097201], [77.49443061268266, 14.775424524322375], [77.47040188953565, 14.78920474520288], [77.4737737824342, 14.805850421959462], [77.45841786749065, 14.80707349094888], [77.45364396479721, 14.81218294958353], [77.42937024743901, 14.874243836583844], [77.45109784109258, 14.873408191934573], [77.46852057616371, 14.887859137988869], [77.52921665652354, 14.89319958749104], [77.59562168449321, 14.929798830951313], [77.62047657433448, 14.9299366322698], [77.6460181100478, 14.918051570723435], [77.65698452671461, 14.918902411217346]]]}}, {"type": "Feature", "properties": {"ac_name": "Atmakur", "district_key": "Sps_Nellore", "display": "Atmakur"}, "geometry": {"type": "Polygon", "coordinates": [[[79.16538701729706, 14.764479563680993], [79.17605428797509, 14.802503200162619], [79.17881712580976, 14.847911428969326], [79.22852043936683, 14.889649567673473], [79.23260993010427, 14.886462157202857], [79.22757669710694, 14.877752875195085], [79.22769306398379, 14.859623720858053], [79.2203417429771, 14.852888286165523], [79.23813161098514, 14.822728893623605], [79.2341531046821, 14.805097723581127], [79.25505773502653, 14.80348031626363], [79.28288258916024, 14.779391446458135], [79.28999055362124, 14.783657660272866], [79.29494799895105, 14.805000656155414], [79.30157628751573, 14.804069473827212], [79.33868730997142, 14.779951681824684], [79.35357560982658, 14.761430360123086], [79.3740145945979, 14.770559712760587], [79.37882030901011, 14.779514406264866], [79.39028250843108, 14.778333330219084], [79.43849438630696, 14.722005203977005], [79.48133261261006, 14.716766165626098], [79.48973997242183, 14.735255827594415], [79.50678923793305, 14.745054383752858], [79.52624077339306, 14.77095612312661], [79.53750940363614, 14.7666925146479], [79.544768122351, 14.735576627459466], [79.54939686907034, 14.729470370161494], [79.55541445591246, 14.729498221265942], [79.56381839470322, 14.735096545968872], [79.56955939325144, 14.754040248658612], [79.58269095652247, 14.758215226251764], [79.60036078482244, 14.755873051700007], [79.60625515824898, 14.761683613707874], [79.6088285610893, 14.773627897409597], [79.62839995729223, 14.771157706163251], [79.62876228605074, 14.789219332206471], [79.65043975599002, 14.790277258688604], [79.67149438335917, 14.783265702450251], [79.69126836624218, 14.766411324523062], [79.73989895857017, 14.766321156696051], [79.74051678652052, 14.756716419727013], [79.73254637941193, 14.745182217885088], [79.69707223459602, 14.73978537909204], [79.69829842243428, 14.729279829900292], [79.71760961329306, 14.733034167592791], [79.741429544438, 14.730408986285738], [79.77337054431524, 14.737643900845399], [79.78449218576583, 14.732551579691687], [79.79464917841693, 14.717392447203736], [79.79908277674883, 14.679301472185216], [79.81320562224175, 14.672428872894216], [79.84727941920988, 14.670527370641707], [79.8556624964271, 14.634323920612474], [79.85547808594498, 14.592617406568081], [79.86008537933685, 14.588929286857137], [79.87059533520659, 14.59058564651042], [79.86758671445534, 14.55183885078236], [79.86221795249656, 14.540497442003414], [79.83996978717602, 14.517242087252555], [79.83626761106143, 14.493248214633468], [79.80313914005933, 14.531791762679745], [79.7668923903716, 14.562630522880397], [79.73779676990506, 14.577852400168183], [79.71772579041294, 14.581959708273985], [79.71003136635454, 14.539012577668359], [79.69596285160435, 14.53382890517986], [79.67582702110019, 14.499328794488349], [79.65939892452081, 14.489250278477641], [79.65132502253181, 14.478527344261579], [79.65186096271333, 14.467114471755508], [79.66070469966223, 14.454946520365695], [79.67859270618851, 14.453866224146964], [79.68243534111815, 14.450152397315321], [79.66328571886089, 14.409823165306875], [79.6490180069755, 14.394872430917985], [79.62208510404434, 14.392210506010088], [79.59882125070021, 14.367568517173368], [79.5836261651155, 14.398757349272273], [79.59233684197176, 14.426142711017349], [79.59108644708192, 14.44023768202345], [79.58110239585892, 14.447629781888963], [79.57885762418005, 14.466695342715923], [79.57237246901428, 14.473900416870777], [79.55983261198548, 14.476715767918392], [79.54422646877657, 14.470157275737733], [79.51795432293369, 14.444680725934802], [79.50149018602332, 14.475451640380925], [79.49190779810647, 14.47597009594324], [79.48083160119751, 14.4640964791692], [79.45719452200962, 14.459032465975554], [79.47377144739443, 14.501130975614103], [79.49285035775785, 14.513810517141678], [79.4676735115234, 14.549082166109145], [79.37329275375765, 14.514941535123796], [79.31100841580582, 14.478739809094975], [79.30525934044624, 14.484251798881473], [79.29293844225538, 14.485143766271847], [79.27833838590783, 14.532587675281036], [79.26765478264218, 14.551162382537996], [79.25834095567063, 14.556147950567492], [79.24866654822267, 14.571046584532326], [79.24202848762468, 14.593104758178072], [79.22958144242966, 14.602510598385436], [79.2202459822663, 14.588491924962398], [79.20985765700533, 14.602685258417978], [79.20278140174037, 14.604661824383754], [79.20032223168567, 14.613730605882779], [79.18912636738798, 14.616627701707102], [79.18142754294678, 14.644079973012367], [79.18661347183433, 14.659761927271177], [79.17904944497599, 14.664443616179994], [79.17913348302386, 14.679049866158437], [79.17368445117654, 14.68260554900695], [79.18397011792666, 14.688629784537], [79.18555129065959, 14.710959318717642], [79.16872901852946, 14.744779226280343], [79.16538701729706, 14.764479563680993]]]}}, {"type": "Feature", "properties": {"ac_name": "Anantapur_Urban", "district_key": "Ananthapuramu", "display": "Anantapur Urban"}, "geometry": {"type": "Polygon", "coordinates": [[[77.53220491842228, 14.705938663638449], [77.5439558640719, 14.740860850447916], [77.54198380101167, 14.74539942394432], [77.55003592142072, 14.756972276849126], [77.57003431033519, 14.760348376776221], [77.57729708049595, 14.765850742917507], [77.59129853010313, 14.756982279108968], [77.61271872468944, 14.730036654368178], [77.59552785822416, 14.701520096575223], [77.60634554770894, 14.695520575314333], [77.62206210068547, 14.67032805119868], [77.63062473654242, 14.670056712247515], [77.62726765098137, 14.660344482911626], [77.60652469895575, 14.660052650209707], [77.58587319988834, 14.613969701440624], [77.56184502352909, 14.619295108882227], [77.56363184873089, 14.681640884019657], [77.5412898553426, 14.677249781352373], [77.53220491842228, 14.705938663638449]]]}}, {"type": "Feature", "properties": {"ac_name": "Raptadu", "district_key": "Ananthapuramu", "display": "Raptadu"}, "geometry": {"type": "Polygon", "coordinates": [[[77.30068556608609, 14.639691365064493], [77.28693298946592, 14.658875666978474], [77.29911932749502, 14.659060635939625], [77.30015891410267, 14.672347513027375], [77.33795145179812, 14.685307140312318], [77.3815665394643, 14.68552624124311], [77.40515826674067, 14.693493931499802], [77.41745023284204, 14.69301896535302], [77.42713361012807, 14.688797171752128], [77.43280033636648, 14.669283119020804], [77.44187184011338, 14.67594767274693], [77.44722087814108, 14.691939059440074], [77.45586793965373, 14.697717960815282], [77.48319290562813, 14.703104382761126], [77.49084440324668, 14.699509001139518], [77.49387720137179, 14.692361052820388], [77.50283906247279, 14.698866139660652], [77.52032272391466, 14.697867748297995], [77.53220491842228, 14.705938663638449], [77.5412898553426, 14.677249781352373], [77.56363184873089, 14.681640884019657], [77.56184502352909, 14.619295108882227], [77.58587319988834, 14.613969701440624], [77.60652469895575, 14.660052650209707], [77.62726765098137, 14.660344482911626], [77.63062473654242, 14.670056712247515], [77.64739335242132, 14.664322026040736], [77.65394143225137, 14.633670619803297], [77.67249245945948, 14.616084000376361], [77.68169422101153, 14.620523273430365], [77.68274984702788, 14.634464152798444], [77.6875294730068, 14.637804000154517], [77.70824275549882, 14.627839894095871], [77.71068537263187, 14.62102662308024], [77.73501162118941, 14.61662292091114], [77.73814560653454, 14.606536165311809], [77.73113940575905, 14.596092572214502], [77.73520270014455, 14.586130577763981], [77.72656759871575, 14.574398106887145], [77.71135681636406, 14.571756650549048], [77.70639462800972, 14.551505045821273], [77.69719854927371, 14.536918182528154], [77.6663754435719, 14.5387432927688], [77.64986976337894, 14.53094926789447], [77.64949472360269, 14.520092150332516], [77.66917771308107, 14.50331587492775], [77.6719596066506, 14.493882695330171], [77.64566295428199, 14.479942639741068], [77.63458920982424, 14.440124576088351], [77.63916927174455, 14.429698321020737], [77.62477625821782, 14.400118303217141], [77.62926092365274, 14.39468690617582], [77.65526739447472, 14.390907290339214], [77.66617812242248, 14.370645849726259], [77.70368858865749, 14.376347432787838], [77.7273675681588, 14.344587782100518], [77.72720854823598, 14.337556006404611], [77.71958826878364, 14.328845960872457], [77.72126064536258, 14.323669480262367], [77.73247845221886, 14.324067367315195], [77.74430966056246, 14.318480066501934], [77.7532862750416, 14.326417861495145], [77.79442425207765, 14.327473996527772], [77.8068405062844, 14.31280431736542], [77.83895035567446, 14.302298592805869], [77.84038045849144, 14.289026623779705], [77.83192095418872, 14.257822763110084], [77.81958851140075, 14.259764376025203], [77.81559067686828, 14.272641312446638], [77.775179925813, 14.27844919987075], [77.7486618351756, 14.260295939206287], [77.7066435639494, 14.2537057675072], [77.66007019058691, 14.236717904108048], [77.57904752452367, 14.226023542252733], [77.57030650993755, 14.220319437492094], [77.56359681384197, 14.19903000882789], [77.55575670950458, 14.190106228619584], [77.51708142606702, 14.184438107532685], [77.50465814365845, 14.194002470337807], [77.50329144304573, 14.21056415221392], [77.49449293120387, 14.224286365923092], [77.49592825458535, 14.232038338498569], [77.49279588622124, 14.231052880286256], [77.50341331377348, 14.259814740757747], [77.49828907208308, 14.27887118245917], [77.4871342222666, 14.281745617166564], [77.47893768512614, 14.292187357660453], [77.45966067030378, 14.280534104465403], [77.45028693229614, 14.280738046423778], [77.44518951828172, 14.295258914767146], [77.44623230917381, 14.31749779099033], [77.43126803549148, 14.312992595831702], [77.42840827502192, 14.328677629369167], [77.41089900538486, 14.336980120136502], [77.39417839711541, 14.336620610752618], [77.37838085029608, 14.320096537625147], [77.37707931276015, 14.304830891232712], [77.38878296666064, 14.280882929903328], [77.3872080837861, 14.271201954706498], [77.39578805947144, 14.266152498838778], [77.4053903745662, 14.26672215190581], [77.40883682216167, 14.259887587642083], [77.40967797785646, 14.231961524704673], [77.41769810848098, 14.225886592592246], [77.41939686667212, 14.211665143631535], [77.41437159717151, 14.204939764258768], [77.38709620182829, 14.20005860482081], [77.38308191689703, 14.208131487877893], [77.38420995812311, 14.220989214780502], [77.37755815678355, 14.228123337821842], [77.35949551900308, 14.234045258382025], [77.36383242942316, 14.254734484908624], [77.36228522947982, 14.276088407554028], [77.365255503139, 14.293386952545859], [77.3551112889549, 14.306099453327136], [77.33929507580717, 14.313862885064168], [77.33213167263864, 14.326859530243155], [77.3322598943787, 14.334888279970187], [77.3405369774996, 14.346402600499687], [77.33078113194375, 14.39546166942057], [77.34459644167248, 14.44555448475171], [77.3713365110712, 14.460939541326809], [77.3743465545499, 14.477461868870193], [77.38516507231031, 14.494824756757168], [77.3640452270057, 14.52140882435782], [77.35067276233815, 14.546770443501202], [77.35499946455371, 14.606220556333653], [77.33001395178252, 14.613731997133982], [77.31355679271189, 14.632267790726019], [77.30068556608609, 14.639691365064493]]]}}, {"type": "Feature", "properties": {"ac_name": "Pulivendula", "district_key": "Ysr_Kadapa", "display": "Pulivendla"}, "geometry": {"type": "Polygon", "coordinates": [[[78.28493542323127, 14.662959462309402], [78.28637267026255, 14.652826174888105], [78.30113133464346, 14.636818219984889], [78.33639159729444, 14.625138000618279], [78.35185019682916, 14.614673789663698], [78.36278317580297, 14.587296641426917], [78.35640183837421, 14.561192712873435], [78.37750761378538, 14.551939150371538], [78.39730752142503, 14.551663940738308], [78.4043507544838, 14.541607527365557], [78.40649030818122, 14.525940574697813], [78.3931584272197, 14.500992343322025], [78.39663336084101, 14.495125672611778], [78.3960592750156, 14.468271872249147], [78.4130932556493, 14.45668556098991], [78.42704423080664, 14.468984450072355], [78.44160109001837, 14.463636466050104], [78.43305003832864, 14.433716545881964], [78.43519043289223, 14.421963953573652], [78.44855324693486, 14.41269369875522], [78.47713099549912, 14.373711750996563], [78.48680033616665, 14.3714553609762], [78.50241705630214, 14.37985006372952], [78.52653800672368, 14.339648395157383], [78.54380459970258, 14.342521324399627], [78.57907721634052, 14.339117836518994], [78.58522154104134, 14.349002518951124], [78.59562615122593, 14.334949661397786], [78.62091619332773, 14.323201860677386], [78.65232708782491, 14.320924786249918], [78.66131881900833, 14.301183614232457], [78.66657992132639, 14.298880903730776], [78.68362282233545, 14.305697136213894], [78.7229822452345, 14.308585837766259], [78.73954162214818, 14.302443686726804], [78.75822634437037, 14.307319636392151], [78.77020433915897, 14.303768106612893], [78.75973808314609, 14.296349616141924], [78.7480028774309, 14.29950674194265], [78.7353915458832, 14.286883039320855], [78.71516545042527, 14.28594016490672], [78.67745242988576, 14.293936385256018], [78.67338750682802, 14.289741086581955], [78.67366491530368, 14.274626465139306], [78.66165954425264, 14.269706934327587], [78.62894764821544, 14.278095450644571], [78.60705239125491, 14.27473568330521], [78.60071938519155, 14.265863195929796], [78.60496577794834, 14.250715650307086], [78.6237015160122, 14.229866314778633], [78.63165028813034, 14.212785837396552], [78.57678081818028, 14.167523421968383], [78.57584034945262, 14.16433014252209], [78.58371026721511, 14.16232052467251], [78.5765061319525, 14.14578084021366], [78.58740900791946, 14.136591634096703], [78.5788486527432, 14.123884692924264], [78.56528995196976, 14.12038970711933], [78.55718135683423, 14.127365799492111], [78.55664612262052, 14.132468564472731], [78.5668893107931, 14.141691988894195], [78.55920970756199, 14.154413869604468], [78.54028684576139, 14.15453175273825], [78.52294315300418, 14.167657611609513], [78.50883258865309, 14.1705504581372], [78.49786526906695, 14.169338295226169], [78.47129285038477, 14.155953617765306], [78.4492829757288, 14.130507174566503], [78.44353284276656, 14.138132833763336], [78.43886004815278, 14.13448326169322], [78.4253087820747, 14.140858992748349], [78.42178374542357, 14.148857270746475], [78.41993516737415, 14.168381570353233], [78.43034492347948, 14.18323735701847], [78.4294065708566, 14.196763883646383], [78.41443299728508, 14.196465392364018], [78.4059838145015, 14.20142985870109], [78.40857033665179, 14.227293445236342], [78.42392779393259, 14.273806266346185], [78.42060732606728, 14.283349253165568], [78.41599283450176, 14.278145369313393], [78.39571738694792, 14.277174666277858], [78.35719205736763, 14.29309482396701], [78.33872743882029, 14.28865202916785], [78.32061840951206, 14.293863281165557], [78.28505122893114, 14.292171726543984], [78.27734616769152, 14.305066035169432], [78.25339111700652, 14.30502389113974], [78.22899845171725, 14.315738569579366], [78.219955659726, 14.326122377545744], [78.19129663852908, 14.344011011798784], [78.18864170405146, 14.350186520491604], [78.1710089098334, 14.354742568714641], [78.13703925076089, 14.379009357695736], [78.10678547886681, 14.39328306985783], [78.08595026089586, 14.415397407964065], [78.08516819425682, 14.421794814479142], [78.06367666004985, 14.434905785973285], [78.00067418466597, 14.488985547744903], [77.9988456893771, 14.499895056211926], [77.9726236960268, 14.532501834991763], [77.97704542510633, 14.538160826161231], [77.96129685986227, 14.560415390158198], [77.94417957502742, 14.57067555483303], [77.96577015247061, 14.588762920372517], [77.97036934117222, 14.574596457760379], [77.98300657769147, 14.567273186608304], [77.98299565182793, 14.545988147535013], [77.98744743894821, 14.540786250285294], [78.01429072623608, 14.538167782417247], [78.03321169136655, 14.531019823306224], [78.04058323542802, 14.533999476894394], [78.0443794446557, 14.54691198599943], [78.03880453829885, 14.556015993942992], [78.03951269325626, 14.566721004670683], [78.06465182642069, 14.572751553441492], [78.07428591905995, 14.588438579876595], [78.08826396291164, 14.630813050981544], [78.12190600345934, 14.624111502743688], [78.12402088425648, 14.630185368260186], [78.11946054536793, 14.634519405346339], [78.12956433682473, 14.6494246592207], [78.13119027780914, 14.666062488493083], [78.16379806562827, 14.65753643795631], [78.17609980286369, 14.683799415210899], [78.18732167555493, 14.691679381997915], [78.18465194273301, 14.711293299945908], [78.20895296800512, 14.718906498136448], [78.23169408501406, 14.706627432809853], [78.24284533844167, 14.682155510268615], [78.27059935387712, 14.676191436685485], [78.28493542323127, 14.662959462309402]]]}}, {"type": "Feature", "properties": {"ac_name": "Kalyandurg", "district_key": "Ananthapuramu", "display": "Kalyandurg"}, "geometry": {"type": "Polygon", "coordinates": [[[77.00496770929243, 14.630077873195319], [77.04358792364383, 14.641819336393326], [77.06812709838692, 14.643574434412642], [77.07865322226843, 14.626973973769907], [77.08534881069909, 14.624978183896133], [77.14718193899535, 14.629341330238276], [77.16839757738637, 14.621361576475636], [77.1953580993968, 14.618600514801983], [77.2131179750146, 14.610199310849566], [77.2189069847696, 14.612570979567124], [77.22447741609994, 14.626829456314397], [77.24050695383289, 14.6292036350398], [77.25017810483575, 14.615724875902345], [77.25898520969974, 14.588214891504094], [77.26742420406384, 14.583395359907968], [77.27476439775882, 14.590243580376978], [77.2910693411772, 14.594019364202325], [77.30068556608609, 14.639691365064493], [77.31355679271189, 14.632267790726019], [77.33001395178252, 14.613731997133982], [77.35499946455371, 14.606220556333653], [77.35067276233815, 14.546770443501202], [77.3640452270057, 14.52140882435782], [77.38516507231031, 14.494824756757168], [77.3743465545499, 14.477461868870193], [77.3713365110712, 14.460939541326809], [77.34459644167248, 14.44555448475171], [77.33078113194375, 14.39546166942057], [77.3405369774996, 14.346402600499687], [77.3322598943787, 14.334888279970187], [77.33213167263864, 14.326859530243155], [77.33929507580717, 14.313862885064168], [77.3551112889549, 14.306099453327136], [77.365255503139, 14.293386952545859], [77.36228522947982, 14.276088407554028], [77.28354471721497, 14.282780743136811], [77.28884168269758, 14.30551557478401], [77.2865798310944, 14.340134297060217], [77.25859696068125, 14.330956906236281], [77.24735269217308, 14.317835194138922], [77.2382163041392, 14.317386382975258], [77.22868492846675, 14.321226131980438], [77.19743684453482, 14.321208917157833], [77.17869283001016, 14.335518567128247], [77.16933120497117, 14.335474034499157], [77.1667659679751, 14.342156887630324], [77.1397708769245, 14.340253674867256], [77.13571439040686, 14.33690611942194], [77.13226804353542, 14.310695070820884], [77.11565577299558, 14.292518657110406], [77.11552808095621, 14.274277944571509], [77.1101999179919, 14.268315681323656], [77.11120297233936, 14.261617498348926], [77.12049345111194, 14.262968591227548], [77.11534071260388, 14.254570837074539], [77.11832928117144, 14.244857202098274], [77.1148743673582, 14.223180435428787], [77.08119105782112, 14.214190031644705], [77.07591157066253, 14.223393188944556], [77.06181775438591, 14.229490852321021], [77.05774049083107, 14.243836637950551], [77.05247334686754, 14.245535253149455], [77.03605996229749, 14.246772366851303], [77.00552919021999, 14.235914655736849], [76.98561367742934, 14.2473863897701], [76.95195500122236, 14.241950242509745], [76.93978019969654, 14.244908138799588], [76.93581376139605, 14.259396409416809], [76.92491294127927, 14.273817784862956], [76.92819934372477, 14.279335801006482], [76.9371281997067, 14.280372284953046], [76.95659252172754, 14.294736431141416], [76.94566552234602, 14.31321329215973], [76.92722411799872, 14.31454722687306], [76.90340586678735, 14.32271941846642], [76.88495862853796, 14.347388940047608], [76.88203198818576, 14.35859758640953], [76.88582222231776, 14.395694994028815], [76.89864848913652, 14.397986414441505], [76.91575639314311, 14.420589834453324], [76.94279318036104, 14.399799205768772], [76.94780980557812, 14.41319241509791], [76.94480595573032, 14.450936922700862], [76.95992904159203, 14.450633825091018], [76.97185519675998, 14.468580967437731], [76.97482747680664, 14.48537615108853], [76.90070525664231, 14.489247538243319], [76.88652443995102, 14.483567094645764], [76.88450164073816, 14.477165066514658], [76.86798089330364, 14.474074381727405], [76.85587272344748, 14.509283257116692], [76.83551337813992, 14.521343316840671], [76.8324807544833, 14.529490049526203], [76.855675779114, 14.532693066831598], [76.87273628525139, 14.540243961789429], [76.90495531053921, 14.570909631274503], [76.9239164348956, 14.576453402202787], [76.94795377264853, 14.609479061809282], [76.97605345870022, 14.611987573167994], [77.00496770929243, 14.630077873195319]]]}}, {"type": "Feature", "properties": {"ac_name": "Dharmavaram", "district_key": "Sri_Satya_Sai", "display": "Dharmavaram"}, "geometry": {"type": "Polygon", "coordinates": [[[77.73520270014455, 14.586130577763981], [77.77616319327683, 14.595482001793016], [77.78312493876496, 14.606035769934863], [77.79276641663688, 14.61054885754379], [77.82747075077458, 14.598761304090942], [77.84372288060649, 14.598695839741254], [77.84682136071729, 14.6050897973563], [77.84094062730816, 14.610662638869712], [77.85045450037495, 14.616142076795484], [77.8481847976903, 14.63322594372238], [77.86508729744088, 14.648967831500272], [77.90000189397227, 14.639274709160532], [77.94467325156938, 14.636044729280854], [77.95294281366, 14.626742239163036], [77.97688823890115, 14.618757091266787], [77.98264637852759, 14.611682730873383], [77.98226525933433, 14.60295663064403], [77.97036934117222, 14.574596457760379], [77.96577015247061, 14.588762920372517], [77.94417957502742, 14.57067555483303], [77.96129685986227, 14.560415390158198], [77.97704542510633, 14.538160826161231], [77.9726236960268, 14.532501834991763], [77.9988456893771, 14.499895056211926], [78.00067418466597, 14.488985547744903], [78.06367666004985, 14.434905785973285], [78.08516819425682, 14.421794814479142], [78.08595026089586, 14.415397407964065], [78.10678547886681, 14.39328306985783], [78.13703925076089, 14.379009357695736], [78.1710089098334, 14.354742568714641], [78.18864170405146, 14.350186520491604], [78.19129663852908, 14.344011011798784], [78.219955659726, 14.326122377545744], [78.2058761552604, 14.296954268125035], [78.19978021408565, 14.300659671906374], [78.19118899507612, 14.31783352409792], [78.1655242765242, 14.326115075950042], [78.15314575517255, 14.32597683486307], [78.12118339459806, 14.307922263102], [78.11877645986579, 14.301726353288643], [78.13837073122431, 14.274036248174355], [78.13825816038587, 14.260090000752996], [78.13083265610226, 14.258942178938469], [78.09302968986833, 14.270581878450969], [78.094056632008, 14.254752528906124], [78.117717124146, 14.229800624699124], [78.07974429846064, 14.21006439355699], [78.05121656749066, 14.218005221064175], [78.0464538226858, 14.22466046051187], [78.04626204675611, 14.240232722662086], [78.03499451548458, 14.240618070467633], [78.02604733042, 14.25205993261983], [78.0086070612669, 14.262048685498485], [78.00684251137284, 14.271679024367529], [78.02110589122395, 14.27292981585839], [78.0251656296901, 14.27806544026788], [78.00463188155612, 14.314591786481799], [77.98232312261405, 14.318868771476673], [77.95851500136627, 14.28827374104037], [77.95751706506059, 14.27913216931421], [77.93785629153467, 14.279569216446248], [77.9457569229437, 14.349955916332533], [77.91517594081705, 14.353605313034791], [77.89976440640231, 14.354501027900142], [77.87292975980063, 14.34636861332092], [77.8715731765609, 14.333311841268483], [77.88030657478868, 14.312896683135477], [77.87801199415827, 14.298767512710583], [77.87037505206706, 14.29785703637316], [77.84918371065976, 14.308484861886939], [77.84156195991659, 14.307983650824895], [77.83895035567446, 14.302298592805869], [77.8068405062844, 14.31280431736542], [77.79442425207765, 14.327473996527772], [77.7532862750416, 14.326417861495145], [77.74430966056246, 14.318480066501934], [77.73247845221886, 14.324067367315195], [77.72126064536258, 14.323669480262367], [77.71958826878364, 14.328845960872457], [77.72720854823598, 14.337556006404611], [77.7273675681588, 14.344587782100518], [77.70368858865749, 14.376347432787838], [77.66617812242248, 14.370645849726259], [77.65526739447472, 14.390907290339214], [77.62926092365274, 14.39468690617582], [77.62477625821782, 14.400118303217141], [77.63916927174455, 14.429698321020737], [77.63458920982424, 14.440124576088351], [77.64566295428199, 14.479942639741068], [77.6719596066506, 14.493882695330171], [77.66917771308107, 14.50331587492775], [77.64949472360269, 14.520092150332516], [77.64986976337894, 14.53094926789447], [77.6663754435719, 14.5387432927688], [77.69719854927371, 14.536918182528154], [77.70639462800972, 14.551505045821273], [77.71135681636406, 14.571756650549048], [77.72656759871575, 14.574398106887145], [77.73520270014455, 14.586130577763981]]]}}, {"type": "Feature", "properties": {"ac_name": "Kamalapuram", "district_key": "Ysr_Kadapa", "display": "Kamalapuram"}, "geometry": {"type": "Polygon", "coordinates": [[[78.60513313998246, 14.657201062778881], [78.62382087493347, 14.658002554774157], [78.6368116493382, 14.642092726698024], [78.65131835695666, 14.637564954059428], [78.67023960717216, 14.6230598256505], [78.68659439461567, 14.619562153570598], [78.69461713057615, 14.590113012305721], [78.72639228917285, 14.59038322170835], [78.73605613228472, 14.597449138367097], [78.74467584541401, 14.617546092977875], [78.75764815044187, 14.618308471658679], [78.77069874415179, 14.593917194922653], [78.76821550733985, 14.572651297019775], [78.79013410980139, 14.564014548033015], [78.8019144947582, 14.56765810543726], [78.81243109302056, 14.583904655875244], [78.85146852355359, 14.584438140008217], [78.87793387255022, 14.592917018405728], [78.90218108958567, 14.591658491845976], [78.90090316914598, 14.579981923726848], [78.88147534970767, 14.568604571743663], [78.87269129806504, 14.550477054172745], [78.87181537008331, 14.5379902004874], [78.88735131131403, 14.516934511918237], [78.88667290682923, 14.509018828556123], [78.88491147398537, 14.508867159691704], [78.87575897729505, 14.515897474888618], [78.82839215637296, 14.519116700675227], [78.82289550991993, 14.504881301430942], [78.81099590813471, 14.502208461451403], [78.79409972792018, 14.48925567530921], [78.79062122129238, 14.477949619779167], [78.77632451796217, 14.468250593390223], [78.79694046772846, 14.458498443148699], [78.80324825680168, 14.43700811133533], [78.82252071116193, 14.436981858326135], [78.82965624434024, 14.443888723585758], [78.84758363487691, 14.438559791701095], [78.8653698714225, 14.408438061867116], [78.89143008842791, 14.3920249893618], [78.90673251349477, 14.343462104292712], [78.89905920821593, 14.329303490064092], [78.89770687966882, 14.312791876144217], [78.88093609102782, 14.31460824407526], [78.87358284727065, 14.307314006636147], [78.86986576938978, 14.290749572834557], [78.86368541604918, 14.286473006923757], [78.84426422191638, 14.28907969097503], [78.82029271723519, 14.28145424401822], [78.77020433915897, 14.303768106612893], [78.75822634437037, 14.307319636392151], [78.73954162214818, 14.302443686726804], [78.7229822452345, 14.308585837766259], [78.68362282233545, 14.305697136213894], [78.66657992132639, 14.298880903730776], [78.66131881900833, 14.301183614232457], [78.65232708782491, 14.320924786249918], [78.62091619332773, 14.323201860677386], [78.59562615122593, 14.334949661397786], [78.58522154104134, 14.349002518951124], [78.57907721634052, 14.339117836518994], [78.54380459970258, 14.342521324399627], [78.52653800672368, 14.339648395157383], [78.50241705630214, 14.37985006372952], [78.48680033616665, 14.3714553609762], [78.47713099549912, 14.373711750996563], [78.44855324693486, 14.41269369875522], [78.43519043289223, 14.421963953573652], [78.43305003832864, 14.433716545881964], [78.44160109001837, 14.463636466050104], [78.42704423080664, 14.468984450072355], [78.4130932556493, 14.45668556098991], [78.3960592750156, 14.468271872249147], [78.39663336084101, 14.495125672611778], [78.3931584272197, 14.500992343322025], [78.40649030818122, 14.525940574697813], [78.4268424094497, 14.548383181538668], [78.44613420822719, 14.585910318506421], [78.46139465204163, 14.584795658293046], [78.48254627758871, 14.598110833448231], [78.50523257192572, 14.595274591149519], [78.51655480985664, 14.586430891072837], [78.53156313952735, 14.56426259903975], [78.5518374368483, 14.555928335224564], [78.5615678630665, 14.545960338698706], [78.5713549807478, 14.556469891672236], [78.55591024785969, 14.583475649581601], [78.56642083775154, 14.586171164167922], [78.58073282236194, 14.565936611485483], [78.59767911100221, 14.587154653764287], [78.6014494647211, 14.603037205402757], [78.59682504913678, 14.617959701079371], [78.56916185623476, 14.617004573402369], [78.56719422773148, 14.63527062344059], [78.57284734183139, 14.641517110226516], [78.5956520633921, 14.648325211039719], [78.60513313998246, 14.657201062778881]]]}}, {"type": "Feature", "properties": {"ac_name": "Kovur", "district_key": "Sps_Nellore", "display": "Kovur"}, "geometry": {"type": "Polygon", "coordinates": [[[80.15138130380416, 14.671200979041998], [80.17075701472453, 14.614117312563963], [80.18786926785248, 14.605141255664478], [80.1959945445127, 14.586547742684218], [80.18082452663066, 14.515133909102644], [80.17648385344711, 14.451632327969605], [80.15471909081344, 14.476809854990847], [80.14161019855186, 14.463796458140052], [80.11229839905195, 14.458546276289667], [80.09573173852897, 14.450332513534704], [80.0848492052267, 14.451893882296872], [80.0684186597934, 14.464857862300562], [80.06183903804123, 14.470853106385789], [80.06529522529445, 14.492443773761181], [80.05357136632557, 14.506003764162415], [80.03580949331354, 14.490303082421349], [79.9875767889377, 14.472267438691404], [79.95680087695894, 14.469526536220712], [79.93360293222958, 14.47716627880078], [79.86310804839775, 14.481084330877195], [79.83626761106143, 14.493248214633468], [79.83996978717602, 14.517242087252555], [79.86221795249656, 14.540497442003414], [79.86758671445534, 14.55183885078236], [79.87059533520659, 14.59058564651042], [79.90278098485464, 14.594386017800502], [79.91661528646637, 14.58628632955049], [79.94653866992371, 14.586367582398054], [79.95655032583693, 14.600520496723618], [79.97186736848431, 14.601352573762313], [79.97872003250353, 14.608513404869768], [79.9782220958731, 14.62114324986112], [79.96825869937953, 14.638499768749398], [79.96823430976565, 14.647561180304251], [79.97463359946113, 14.651151953799683], [79.9825782832612, 14.64954206661315], [80.00032199176655, 14.631593515928046], [80.06300739227737, 14.611686989163275], [80.06906546300075, 14.63310332206072], [80.08416848049103, 14.628228170094019], [80.09500209427131, 14.631365962269399], [80.13057024701936, 14.668795020973505], [80.15138130380416, 14.671200979041998]]]}}, {"type": "Feature", "properties": {"ac_name": "Sarvepalli", "district_key": "Sps_Nellore", "display": "Sarvepalli"}, "geometry": {"type": "Polygon", "coordinates": [[[80.17648385344711, 14.451632327969605], [80.16716734559657, 14.344433311847922], [80.1436473779242, 14.286843533902015], [80.13820479961186, 14.249611941138198], [80.13202531501634, 14.26074628641203], [80.12306102304785, 14.25869619007716], [80.1225807185254, 14.266737744351474], [80.12081049840583, 14.25860101122771], [80.12531176082916, 14.255872449254184], [80.1310061951798, 14.259274209537182], [80.13015988636971, 14.253578876763811], [80.1012557756336, 14.256328374055272], [80.09322868515574, 14.273261368017756], [80.08712638397549, 14.276503051674524], [80.08467412251281, 14.273809424765204], [80.09658178312287, 14.2531559283035], [80.09314213080472, 14.24767846708761], [80.0997017363461, 14.247148031656366], [80.08868515729421, 14.239740273694736], [80.0857670649981, 14.251053003992979], [80.07725776883103, 14.253207736447905], [80.0707345318732, 14.246638803138296], [80.07292713208153, 14.240880498036631], [80.08852996398673, 14.23574014858906], [80.06073962313513, 14.229920598756678], [80.05009850024567, 14.221739299728938], [80.03680884515217, 14.22761116312472], [80.03637910681039, 14.234049400659387], [80.04258325891033, 14.23595943747813], [80.04215374899638, 14.240027823825073], [80.03083867506484, 14.253381863182483], [80.04170037107531, 14.237267656077506], [80.03572575024322, 14.235267535968035], [80.03707135635807, 14.225214138022125], [80.02049522597395, 14.219595841175192], [80.0416579500544, 14.225449129973413], [80.05045572804949, 14.218394944071463], [80.04562409967252, 14.213458117498192], [80.0531978320144, 14.2158019396079], [80.02750506900378, 14.204582166833575], [80.02860895713769, 14.197602724486217], [80.02810832074249, 14.203523671080632], [80.03410463322228, 14.205368606875766], [80.0418186004481, 14.196843080643703], [80.02280764915372, 14.18303829837879], [80.01944761471572, 14.183754460000387], [80.0211599958372, 14.193564499602019], [80.01644804923814, 14.197734866371036], [80.00720955487714, 14.195316250344717], [80.0045683152756, 14.18667683756604], [79.99867505341103, 14.189352276586362], [79.98712559996653, 14.185622369876512], [79.9787356204526, 14.162168208296237], [79.96546323504032, 14.152888835251588], [79.94978656429856, 14.151969507786589], [79.93191596504982, 14.140285422234513], [79.9058493808443, 14.144393796036923], [79.86870585149393, 14.163490690143306], [79.85900739707375, 14.175664195746094], [79.84906407434761, 14.204196128348713], [79.8243819325802, 14.213929308290972], [79.8179844891929, 14.253859556972998], [79.80473902768404, 14.258609293983795], [79.80307554450081, 14.270262429367676], [79.78201049219052, 14.28169644673369], [79.77793266116345, 14.30733012338652], [79.75669985561393, 14.319708088057894], [79.746036748797, 14.300666311601049], [79.73004455451263, 14.318031230157203], [79.72286061172792, 14.317530598258543], [79.72020369064785, 14.304163094251464], [79.71384172911257, 14.301022667961831], [79.67650275010192, 14.316113669610218], [79.66670063802411, 14.2996003928439], [79.66096327993148, 14.275460179843492], [79.65448010507282, 14.279098025653411], [79.64575805089339, 14.274993731175812], [79.65454310438082, 14.329335934006224], [79.63030329955768, 14.353191279553982], [79.60740306280115, 14.351672622293734], [79.59882125070021, 14.367568517173368], [79.62208510404434, 14.392210506010088], [79.6490180069755, 14.394872430917985], [79.66328571886089, 14.409823165306875], [79.68243534111815, 14.450152397315321], [79.67859270618851, 14.453866224146964], [79.66070469966223, 14.454946520365695], [79.65186096271333, 14.467114471755508], [79.65132502253181, 14.478527344261579], [79.65939892452081, 14.489250278477641], [79.67582702110019, 14.499328794488349], [79.69596285160435, 14.53382890517986], [79.71003136635454, 14.539012577668359], [79.71772579041294, 14.581959708273985], [79.73779676990506, 14.577852400168183], [79.7668923903716, 14.562630522880397], [79.80313914005933, 14.531791762679745], [79.79705074959247, 14.521305092955743], [79.79489041526051, 14.503059183234768], [79.80315763551653, 14.474631513533552], [79.78360309530666, 14.473255114631911], [79.77801287979065, 14.467924722248199], [79.78034103750895, 14.433761979631697], [79.78617795684727, 14.422841892439408], [79.82330900990291, 14.404320530268308], [79.83465255547111, 14.374821139384153], [79.84947241152264, 14.381712172978439], [79.86810832124206, 14.383846807384316], [79.89333274071345, 14.370790237679387], [79.90522971557897, 14.369492542946546], [79.91284639864244, 14.37349332275869], [79.91356516559995, 14.383281887449186], [79.91475659823845, 14.386830577169462], [79.92405538674677, 14.386089317268215], [79.94226985526967, 14.366339120554017], [79.95884192791272, 14.36866782416081], [79.98695789079409, 14.363220545991453], [80.00240409497309, 14.353360826940673], [80.0200355608925, 14.330188844739439], [80.0320280194776, 14.328069684068737], [80.03835319064729, 14.347838100148238], [80.06000630964354, 14.369782507756554], [80.04174177046639, 14.386446134081893], [80.04194669358509, 14.436526910188832], [80.06450806579466, 14.450611062350674], [80.0684186597934, 14.464857862300562], [80.0848492052267, 14.451893882296872], [80.09573173852897, 14.450332513534704], [80.11229839905195, 14.458546276289667], [80.14161019855186, 14.463796458140052], [80.15471909081344, 14.476809854990847], [80.17648385344711, 14.451632327969605]]]}}, {"type": "Feature", "properties": {"ac_name": "Venkatagiri", "district_key": "Tirupati", "display": "Venkatagiri"}, "geometry": {"type": "Polygon", "coordinates": [[[79.45719452200962, 14.459032465975554], [79.48083160119751, 14.4640964791692], [79.49190779810647, 14.47597009594324], [79.50149018602332, 14.475451640380925], [79.51795432293369, 14.444680725934802], [79.54422646877657, 14.470157275737733], [79.55983261198548, 14.476715767918392], [79.57237246901428, 14.473900416870777], [79.57885762418005, 14.466695342715923], [79.58110239585892, 14.447629781888963], [79.59108644708192, 14.44023768202345], [79.59233684197176, 14.426142711017349], [79.5836261651155, 14.398757349272273], [79.59882125070021, 14.367568517173368], [79.60740306280115, 14.351672622293734], [79.63030329955768, 14.353191279553982], [79.65454310438082, 14.329335934006224], [79.64575805089339, 14.274993731175812], [79.65448010507282, 14.279098025653411], [79.66096327993148, 14.275460179843492], [79.66670063802411, 14.2996003928439], [79.67650275010192, 14.316113669610218], [79.71384172911257, 14.301022667961831], [79.72020369064785, 14.304163094251464], [79.72286061172792, 14.317530598258543], [79.73004455451263, 14.318031230157203], [79.746036748797, 14.300666311601049], [79.75669985561393, 14.319708088057894], [79.77793266116345, 14.30733012338652], [79.78201049219052, 14.28169644673369], [79.80307554450081, 14.270262429367676], [79.80473902768404, 14.258609293983795], [79.78555093962422, 14.239291552463214], [79.7803088130014, 14.227204099389724], [79.78113595905734, 14.217668816162984], [79.79726126379637, 14.191737400061015], [79.80007301755575, 14.176695322431215], [79.75589263673584, 14.15354151462924], [79.72385290029115, 14.090357660377776], [79.73693937964873, 14.071130965321856], [79.75881371028458, 14.017793526450134], [79.73648325519815, 13.998686108477159], [79.7321593067067, 13.967693177498177], [79.7525402015691, 13.969214613663553], [79.75741273740795, 13.959991255791863], [79.74388443192106, 13.957771877370305], [79.741335257716, 13.947075271706467], [79.72688934426787, 13.942868075901004], [79.72865039040323, 13.917931863964384], [79.73791570524565, 13.921757733732477], [79.74950438262124, 13.940101023843226], [79.76590152723378, 13.922943397220081], [79.7705785558557, 13.90992311336106], [79.78586079743792, 13.905492240874253], [79.78721177250537, 13.872923500719025], [79.78272140986525, 13.865803971875835], [79.77611227506151, 13.865545507619117], [79.77243435815916, 13.852846490373281], [79.73880880038587, 13.858352731693287], [79.73362509911908, 13.86163758730487], [79.72708645407664, 13.863457243157313], [79.73112363214995, 13.891269729814212], [79.72862705119752, 13.905263460540311], [79.69446512426612, 13.913884947132658], [79.6822158624721, 13.925398822497698], [79.67846857096782, 13.92418518110128], [79.6703404443561, 13.885807504912464], [79.6739102870302, 13.872980301000155], [79.66852204305792, 13.835951796738073], [79.60947983842385, 13.851608697683275], [79.61004223845862, 13.860428732999651], [79.61876016385054, 13.862988284481787], [79.62474110871523, 13.872572168870533], [79.6231712917218, 13.8823461402622], [79.61138301881135, 13.88880042619877], [79.59426735995078, 13.888207017539855], [79.59604342026768, 13.911849177897295], [79.59260261681737, 13.92360316415477], [79.55597451681058, 13.915549125491793], [79.47825831706774, 13.912754069444816], [79.47415602448098, 13.899842607150674], [79.45759852715037, 13.896904402416283], [79.44332708487713, 13.890847014278336], [79.44033369954064, 13.903420970001832], [79.4550876667625, 13.923165179929185], [79.458464605757, 13.946469973110823], [79.45231992492467, 13.954837625156301], [79.45010789936015, 13.972332665719989], [79.45531764769134, 13.987663910461151], [79.4425268420402, 13.997524797731273], [79.43678339373866, 14.024190927569293], [79.44348974345695, 14.040511027262141], [79.44263107256603, 14.061169798247647], [79.45206329798287, 14.077196491425013], [79.45009724509185, 14.089106170113723], [79.45421476679809, 14.101260006644054], [79.4447731767408, 14.116758161959638], [79.42835459139133, 14.181133185348301], [79.42881060882257, 14.193730019824613], [79.42242645111986, 14.20648592728378], [79.42479512869227, 14.221719646844292], [79.43541554109441, 14.243537545021752], [79.4196885703713, 14.265419231212604], [79.42242129260865, 14.278741546085541], [79.38957171666146, 14.341067819424381], [79.37096416436475, 14.34917272913816], [79.36499193123268, 14.355543612847498], [79.36757563580699, 14.368492543596062], [79.36428422773497, 14.378814777679906], [79.3590591315737, 14.38172472841353], [79.34873230914883, 14.405462480409199], [79.33003360786478, 14.426196594797034], [79.32673006703902, 14.457657756000685], [79.31650026797303, 14.476990868733651], [79.31100841580582, 14.478739809094975], [79.37329275375765, 14.514941535123796], [79.4676735115234, 14.549082166109145], [79.49285035775785, 14.513810517141678], [79.47377144739443, 14.501130975614103], [79.45719452200962, 14.459032465975554]]]}}, {"type": "Feature", "properties": {"ac_name": "Kadapa", "district_key": "Ysr_Kadapa", "display": "Kadapa"}, "geometry": {"type": "Polygon", "coordinates": [[[78.88491147398537, 14.508867159691704], [78.86895868979178, 14.487840340259538], [78.867736415803, 14.472820387750744], [78.87271570656469, 14.454485725735708], [78.89155743242964, 14.428029560615755], [78.89143008842791, 14.3920249893618], [78.8653698714225, 14.408438061867116], [78.84758363487691, 14.438559791701095], [78.82965624434024, 14.443888723585758], [78.82252071116193, 14.436981858326135], [78.80324825680168, 14.43700811133533], [78.79694046772846, 14.458498443148699], [78.77632451796217, 14.468250593390223], [78.79062122129238, 14.477949619779167], [78.79409972792018, 14.48925567530921], [78.81099590813471, 14.502208461451403], [78.82289550991993, 14.504881301430942], [78.82839215637296, 14.519116700675227], [78.87575897729505, 14.515897474888618], [78.88491147398537, 14.508867159691704]]]}}, {"type": "Feature", "properties": {"ac_name": "Nellore_City", "district_key": "Sps_Nellore", "display": "Nellore City"}, "geometry": {"type": "Polygon", "coordinates": [[[79.80313914005933, 14.531791762679745], [79.83626761106143, 14.493248214633468], [79.86310804839775, 14.481084330877195], [79.93360293222958, 14.47716627880078], [79.9311254106093, 14.439562546574336], [79.91229692006686, 14.433658945204229], [79.90919928441951, 14.430028782302486], [79.91253821626572, 14.417786595475036], [79.90574102153096, 14.415639845402609], [79.90743335316677, 14.40798364432976], [79.90060541870514, 14.407884575912476], [79.90464885695923, 14.383876843841335], [79.91356516559995, 14.383281887449186], [79.91284639864244, 14.37349332275869], [79.90522971557897, 14.369492542946546], [79.89333274071345, 14.370790237679387], [79.86810832124206, 14.383846807384316], [79.84947241152264, 14.381712172978439], [79.83465255547111, 14.374821139384153], [79.82330900990291, 14.404320530268308], [79.78617795684727, 14.422841892439408], [79.78034103750895, 14.433761979631697], [79.77801287979065, 14.467924722248199], [79.78360309530666, 14.473255114631911], [79.80315763551653, 14.474631513533552], [79.79489041526051, 14.503059183234768], [79.79705074959247, 14.521305092955743], [79.80313914005933, 14.531791762679745]]]}}, {"type": "Feature", "properties": {"ac_name": "Rajampet", "district_key": "Ysr_Kadapa", "display": "Rajampet"}, "geometry": {"type": "Polygon", "coordinates": [[[78.88667290682923, 14.509018828556123], [78.89577821699118, 14.499436374089441], [78.91891747466178, 14.48980440744748], [78.94840137202573, 14.464235724798925], [78.98416395909948, 14.462280454779204], [78.99826106329749, 14.45141907263212], [79.02142340296774, 14.452532810141122], [79.0403343721336, 14.44287876604227], [79.06368927553967, 14.442949385305951], [79.1009048945453, 14.471426881945092], [79.12900952057299, 14.446256204160534], [79.14574093059952, 14.438725945945691], [79.17031122818071, 14.451379896365154], [79.17746331967652, 14.461188381938314], [79.18580156029384, 14.452063288490024], [79.18730658203322, 14.438739560782153], [79.19475812888459, 14.434604058030914], [79.21833719550523, 14.40417348571782], [79.20110559154989, 14.382980203573595], [79.20459254101303, 14.37466114009959], [79.2334612706212, 14.353140903130225], [79.23835514017765, 14.33814402182918], [79.228474904893, 14.331416126153329], [79.22681772056143, 14.322388637026052], [79.2409127940902, 14.311447029057206], [79.22468466716373, 14.282986391109091], [79.20416194561733, 14.284532564026676], [79.1871810186891, 14.266053655252051], [79.16810010553547, 14.253255991370963], [79.18878819711767, 14.23300280473569], [79.20604099809367, 14.195981185683195], [79.21720722253536, 14.192726073349661], [79.23841328674382, 14.173286107667764], [79.23725445452953, 14.1582979650791], [79.23234078909621, 14.151509427218343], [79.22591620686751, 14.153163872214975], [79.21467093111863, 14.169051344044362], [79.19088044287821, 14.172766312115641], [79.18650384357755, 14.162348802954966], [79.17809760701903, 14.16157121493967], [79.17696367433416, 14.144164967139545], [79.16291747805923, 14.135373256870366], [79.16976173791392, 14.123396520233257], [79.16682977087726, 14.118540976185159], [79.1497427437327, 14.12134970912183], [79.13848326768868, 14.138676860648673], [79.11576714014149, 14.131993927477822], [79.09487105065853, 14.145867352296534], [79.06743027358829, 14.150993384537117], [79.04230956933122, 14.137307801114162], [79.04334643638896, 14.184902976990827], [79.03201302528095, 14.191897262648581], [79.02175497761016, 14.169796596036122], [79.02761204805762, 14.126649341993584], [79.02279070882423, 14.11746486900853], [79.04119938954022, 14.099108501855937], [79.03958969570795, 14.088093203438632], [79.03213019345372, 14.091567716177224], [79.0110402479092, 14.122377825776084], [78.98902999553792, 14.135508354826754], [78.96468007412619, 14.119327830814768], [78.95366236822377, 14.08528884840166], [78.96276190563748, 14.019551969048166], [78.96934435935475, 14.012346621499432], [78.98264624522807, 14.007607496488845], [79.00251725236939, 14.018102345546879], [79.00729527665573, 14.016758250293094], [79.01441461214472, 13.953360015652265], [79.03153298336053, 13.928718059191112], [79.02839971477505, 13.923860346877575], [79.01040571954837, 13.923211292667077], [79.00253804199707, 13.910314894916496], [78.99869452753046, 13.910114585319889], [78.9894425082652, 13.91229884161828], [78.98377805281496, 13.892364189455805], [78.97916185343684, 13.890967739269797], [78.94166718649154, 13.885189097798673], [78.93575906063222, 13.89759262749783], [78.91831796590145, 13.897375182218923], [78.91764526761506, 13.889379256847292], [78.89646568664216, 13.8984468080738], [78.87195113353806, 13.89750367195694], [78.8756758124888, 13.92431524465286], [78.85099806930549, 14.009394210174719], [78.87447508625627, 14.034251524588228], [78.86661235497627, 14.044383787681681], [78.87017741415639, 14.0612233052114], [78.86647172528995, 14.081192797109964], [78.8598935514463, 14.08405626998092], [78.85170853911785, 14.071448758753263], [78.83907237638914, 14.062696147409326], [78.81293261704667, 14.065560061847407], [78.7998089804002, 14.097382714540686], [78.80484646898941, 14.10942241990881], [78.80383433508655, 14.127628513045465], [78.80956035722477, 14.143019648138306], [78.81964214766703, 14.150759343169227], [78.82391723868966, 14.16824109984691], [78.83826397760055, 14.195044139775291], [78.88433881628339, 14.184240280964218], [78.90918321913034, 14.197649440669181], [78.92917694685866, 14.197235446758498], [78.94775050298341, 14.212989675932874], [78.95342630428058, 14.228694330878739], [78.94703069730889, 14.247962699618938], [78.8984019270074, 14.27648689355533], [78.87358284727065, 14.307314006636147], [78.88093609102782, 14.31460824407526], [78.89770687966882, 14.312791876144217], [78.89905920821593, 14.329303490064092], [78.90673251349477, 14.343462104292712], [78.89143008842791, 14.3920249893618], [78.89155743242964, 14.428029560615755], [78.87271570656469, 14.454485725735708], [78.867736415803, 14.472820387750744], [78.86895868979178, 14.487840340259538], [78.88491147398537, 14.508867159691704], [78.88667290682923, 14.509018828556123]]]}}, {"type": "Feature", "properties": {"ac_name": "Nellore_Rural", "district_key": "Sps_Nellore", "display": "Nellore Rural"}, "geometry": {"type": "Polygon", "coordinates": [[[79.93360293222958, 14.47716627880078], [79.95680087695894, 14.469526536220712], [79.9875767889377, 14.472267438691404], [80.03580949331354, 14.490303082421349], [80.05357136632557, 14.506003764162415], [80.06529522529445, 14.492443773761181], [80.06183903804123, 14.470853106385789], [80.0684186597934, 14.464857862300562], [80.06450806579466, 14.450611062350674], [80.04194669358509, 14.436526910188832], [80.04174177046639, 14.386446134081893], [80.06000630964354, 14.369782507756554], [80.03835319064729, 14.347838100148238], [80.0320280194776, 14.328069684068737], [80.0200355608925, 14.330188844739439], [80.00240409497309, 14.353360826940673], [79.98695789079409, 14.363220545991453], [79.95884192791272, 14.36866782416081], [79.94226985526967, 14.366339120554017], [79.92405538674677, 14.386089317268215], [79.91475659823845, 14.386830577169462], [79.91356516559995, 14.383281887449186], [79.90464885695923, 14.383876843841335], [79.90060541870514, 14.407884575912476], [79.90743335316677, 14.40798364432976], [79.90574102153096, 14.415639845402609], [79.91253821626572, 14.417786595475036], [79.90919928441951, 14.430028782302486], [79.91229692006686, 14.433658945204229], [79.9311254106093, 14.439562546574336], [79.93360293222958, 14.47716627880078]]]}}, {"type": "Feature", "properties": {"ac_name": "Puttaparthi", "district_key": "Sri_Satya_Sai", "display": "Puttaparthi"}, "geometry": {"type": "Polygon", "coordinates": [[[77.8873247572318, 13.939260488680645], [77.88732487234506, 13.9392608169332], [77.89626728200949, 13.967064969572732], [77.88910325651011, 13.99468076100834], [77.90398774054182, 14.035405908755706], [77.87319870835375, 14.051021389625475], [77.85052281197824, 14.057038739046618], [77.83244195663104, 14.103544367378674], [77.82693005138083, 14.10347478323473], [77.81455217394375, 14.082050040776835], [77.7908854566985, 14.06337493410598], [77.78161844483543, 14.047117874190576], [77.76335125715485, 14.050225394286542], [77.69817688845268, 14.032326147134029], [77.68394322759792, 14.032136001675212], [77.67888799718338, 14.04739014394005], [77.699299708215, 14.092408662329944], [77.69183544405058, 14.112420443948395], [77.65897749361648, 14.126759333576445], [77.65097756266442, 14.138762524670824], [77.64985975122659, 14.147040661797178], [77.65531588591944, 14.1544591729525], [77.68450088640685, 14.170807228970489], [77.68667333280814, 14.177844912312878], [77.68146022550906, 14.192667891709903], [77.66677521650308, 14.20205225610681], [77.65944051586717, 14.212797710246207], [77.66161899492073, 14.23194998730213], [77.66007019058691, 14.236717904108048], [77.7066435639494, 14.2537057675072], [77.7486618351756, 14.260295939206287], [77.775179925813, 14.27844919987075], [77.81559067686828, 14.272641312446638], [77.81958851140075, 14.259764376025203], [77.83192095418872, 14.257822763110084], [77.84038045849144, 14.289026623779705], [77.83895035567446, 14.302298592805869], [77.84156195991659, 14.307983650824895], [77.84918371065976, 14.308484861886939], [77.87037505206706, 14.29785703637316], [77.87801199415827, 14.298767512710583], [77.88030657478868, 14.312896684034797], [77.8715731765609, 14.333311841268483], [77.87292975980063, 14.34636861332092], [77.89976440640231, 14.354501027900142], [77.91517594081705, 14.353605313034791], [77.9457569229437, 14.349955916332533], [77.93785629153467, 14.279569216446248], [77.95751706506059, 14.27913216931421], [77.95851500136627, 14.28827374104037], [77.98232312261405, 14.318868771476673], [78.00463188155612, 14.314591786481799], [78.0251656296901, 14.27806544026788], [78.02110589122395, 14.27292981585839], [78.00684251137284, 14.271679024367529], [78.0086070612669, 14.262048685498485], [78.02604733042, 14.25205993261983], [78.03499451548458, 14.240618070467633], [78.04626204675611, 14.240232722662086], [78.0464538226858, 14.22466046051187], [78.05121656749066, 14.218005221064175], [78.07974429846064, 14.21006439355699], [78.08865023881754, 14.173217494791572], [78.08759453276156, 14.157162205871145], [78.07809592118986, 14.151381254041667], [78.05747337579572, 14.153783632808484], [78.0533882701526, 14.147227429402392], [78.06961769210284, 14.115644975735108], [78.06974186509507, 14.10547940175303], [78.06383034159705, 14.09444863859386], [78.0724823134081, 14.083993550362095], [78.07104079819436, 14.067524951915061], [78.0910956879157, 14.05761035443436], [78.08965792377421, 14.038569526762274], [78.09868033442996, 14.02380304367557], [78.09628843726165, 14.010940549466852], [78.08084827113089, 14.001634676099457], [78.08551898111614, 13.990775954147011], [78.1281507500571, 13.994356194782597], [78.13563090973872, 13.988247073143953], [78.13799203930125, 13.978627841801483], [78.1360564050791, 13.964324153436962], [78.12951754869596, 13.96339246838778], [78.12383261388408, 13.954854722167738], [78.1272907247872, 13.907806141640151], [78.11065688940397, 13.890373110230883], [78.10893447994238, 13.862388062559091], [78.09260419452801, 13.86498530912479], [78.08167553409868, 13.861329349170205], [78.07842982867373, 13.881775041085348], [78.04860036411554, 13.896691759517125], [78.05091649070351, 13.877179595362065], [78.04605968760455, 13.862071956255818], [78.02073989592952, 13.863636508618015], [78.01199696308942, 13.87170857059408], [78.00031991293372, 13.872901746118714], [77.99206186126594, 13.868852020704253], [77.97610241129729, 13.82952425663916], [77.95297911119707, 13.827390714909598], [77.95624707754064, 13.835964572507066], [77.94907238608181, 13.8864852906637], [77.9843860207983, 13.8976317525034], [77.98661795645359, 13.903037133057296], [77.98309517889942, 13.904903273966966], [77.9802464953795, 13.927895248766788], [77.98751971656174, 13.955540492100056], [77.9756398252178, 13.95876490967288], [77.96742458847405, 13.960201289757777], [77.96194100737165, 13.955008024200993], [77.95961170211842, 13.939936266245752], [77.9459173826811, 13.935275377756511], [77.92708703683735, 13.905430947580214], [77.89934099569047, 13.916894729808007], [77.89581064944196, 13.920402829527006], [77.89890207706924, 13.9306842721615], [77.89582966560664, 13.940965467482386], [77.88854195994355, 13.939496201888232], [77.8873247572318, 13.939260488680645]]]}}, {"type": "Feature", "properties": {"ac_name": "Railway_Kodur_SC", "district_key": "Tirupati", "display": "Kodur (SC)"}, "geometry": {"type": "Polygon", "coordinates": [[[79.37096416436475, 14.34917272913816], [79.38957171666146, 14.341067819424381], [79.42242129260865, 14.278741546085541], [79.4196885703713, 14.265419231212604], [79.43541554109441, 14.243537545021752], [79.42479512869227, 14.221719646844292], [79.42242645111986, 14.20648592728378], [79.42881060882257, 14.193730019824613], [79.42835459139133, 14.181133185348301], [79.4447731767408, 14.116758161959638], [79.45421476679809, 14.101260006644054], [79.45009724509185, 14.089106170113723], [79.45206329798287, 14.077196491425013], [79.44263107256603, 14.061169798247647], [79.44348974345695, 14.040511027262141], [79.43678339373866, 14.024190927569293], [79.4425268420402, 13.997524797731273], [79.45531764769134, 13.987663910461151], [79.45010789936015, 13.972332665719989], [79.45231992492467, 13.954837625156301], [79.458464605757, 13.946469973110823], [79.4550876667625, 13.923165179929185], [79.44033369954064, 13.903420970001832], [79.44332708487713, 13.890847014278336], [79.43419337862156, 13.876817461756502], [79.43829554710186, 13.856974203196955], [79.45554586594903, 13.825734277015329], [79.4582983346005, 13.800696045985774], [79.47119436812562, 13.798277766305944], [79.44922181533457, 13.781004003032365], [79.41984869376228, 13.7863373676754], [79.41724942552065, 13.765895256860688], [79.39774312944195, 13.761731664684646], [79.37214062598918, 13.75535978632513], [79.30579032086666, 13.724193779919062], [79.29334376670153, 13.759798814763542], [79.25877323819446, 13.760891401117306], [79.2414041953474, 13.760970594517346], [79.24117639887174, 13.751655003075996], [79.22562097922486, 13.757065956728582], [79.21823727543, 13.773143220583222], [79.20371989555679, 13.78072718181403], [79.19134894649676, 13.793830599003002], [79.19451378488333, 13.803652969209224], [79.20285358042844, 13.80971525055844], [79.21118823185145, 13.806779771669198], [79.21602022085659, 13.812577058784257], [79.17815148720143, 13.838080956071337], [79.17201995086009, 13.847745448493697], [79.15718059750662, 13.853987739942283], [79.14844393294123, 13.86620754084538], [79.12598284952895, 13.850169316560766], [79.09651047337968, 13.850647714520449], [79.08265332539071, 13.879316702903566], [79.02948730449555, 13.889363079842326], [79.0238514483857, 13.895180356188519], [79.02359198588152, 13.903255307686322], [79.00253804199707, 13.910314894916496], [79.01040571954837, 13.923211292667077], [79.02839971477505, 13.923860346877575], [79.03153298336053, 13.928718059191112], [79.01441461214472, 13.953360015652265], [79.00729527665573, 14.016758250293094], [79.00251725236939, 14.018102345546879], [78.98264624522807, 14.007607496488845], [78.96934435935475, 14.012346621499432], [78.96276190563748, 14.019551969048166], [78.95366236822377, 14.08528884840166], [78.96468007412619, 14.119327830814768], [78.98902999553792, 14.135508354826754], [79.0110402479092, 14.122377825776084], [79.03213019345372, 14.091567716177224], [79.03958969570795, 14.088093203438632], [79.04119938954022, 14.099108501855937], [79.02279070882423, 14.11746486900853], [79.02761204805762, 14.126649341993584], [79.02175497761016, 14.169796596036122], [79.03201302528095, 14.191897262648581], [79.04334643638896, 14.184902976990827], [79.04230956933122, 14.137307801114162], [79.06743027358829, 14.150993384537117], [79.09487105065853, 14.145867352296534], [79.11576714014149, 14.131993927477822], [79.13848326768868, 14.138676860648673], [79.1497427437327, 14.12134970912183], [79.16682977087726, 14.118540976185159], [79.16976173791392, 14.123396520233257], [79.16291747805923, 14.135373256870366], [79.17696367433416, 14.144164967139545], [79.17809760701903, 14.16157121493967], [79.18650384357755, 14.162348802954966], [79.19088044287821, 14.172766312115641], [79.21467093111863, 14.169051344044362], [79.22591620686751, 14.153163872214975], [79.23234078909621, 14.151509427218343], [79.23725445452953, 14.1582979650791], [79.23841328674382, 14.173286107667764], [79.21720722253536, 14.192726073349661], [79.20604099809367, 14.195981185683195], [79.18878819711767, 14.23300280473569], [79.16810010553547, 14.253255991370963], [79.1871810186891, 14.266053655252051], [79.20416194561733, 14.284532564026676], [79.22468466716373, 14.282986391109091], [79.2409127940902, 14.311447029057206], [79.22681772056143, 14.322388637026052], [79.228474904893, 14.331416126153329], [79.23835514017765, 14.33814402182918], [79.26300417790054, 14.337225516344574], [79.27605613228474, 14.329732386640387], [79.30772653605084, 14.352829200807037], [79.31838498617822, 14.35341166021999], [79.33650527409918, 14.343998450068455], [79.3570454002251, 14.344154163184157], [79.37096416436475, 14.34917272913816]]]}}, {"type": "Feature", "properties": {"ac_name": "Kadiri", "district_key": "Sri_Satya_Sai", "display": "Kadiri"}, "geometry": {"type": "Polygon", "coordinates": [[[78.219955659726, 14.326122377545744], [78.22899845171725, 14.315738569579366], [78.25339111700652, 14.30502389113974], [78.27734616769152, 14.305066035169432], [78.28505122893114, 14.292171726543984], [78.32061840951206, 14.293863281165557], [78.33872743882029, 14.28865202916785], [78.35719205736763, 14.29309482396701], [78.39571738694792, 14.277174666277858], [78.41599283450176, 14.278145369313393], [78.42060732606728, 14.283349253165568], [78.42392779393259, 14.273806266346185], [78.40857033665179, 14.227293445236342], [78.4059838145015, 14.20142985870109], [78.41443299728508, 14.196465392364018], [78.4294065708566, 14.196763883646383], [78.43034492347948, 14.18323735701847], [78.41993516737415, 14.168381570353233], [78.42178374542357, 14.148857270746475], [78.4253087820747, 14.140858992748349], [78.43886004815278, 14.13448326169322], [78.44353284276656, 14.138132833763336], [78.4492829757288, 14.130507174566503], [78.46138676318861, 14.106838078614487], [78.45442423798823, 14.08467762866968], [78.44445972453673, 14.08456754715462], [78.44252505618647, 14.080855437128776], [78.4488352572414, 14.052490935808066], [78.43991235477142, 14.043425459317518], [78.44044621661965, 14.018935185210694], [78.45843657768597, 14.00851879030995], [78.46936318496307, 14.007453462407398], [78.4660976207087, 13.994855417443603], [78.4533247178615, 13.9842113177981], [78.4271076438028, 13.979236404936216], [78.42060033653638, 13.96373041742487], [78.39953629686266, 13.953122664779187], [78.38753366244862, 13.93938302850404], [78.37243398504046, 13.944928684411309], [78.37562233350394, 13.952320218603234], [78.37039115073105, 13.956790790762454], [78.34691939211632, 13.935197376857502], [78.33737477572538, 13.9370966469927], [78.33145894447478, 13.918038107172947], [78.31821278779, 13.920819319056363], [78.29935414657666, 13.906307679555823], [78.29837193221897, 13.893782420322509], [78.28949889445846, 13.892015922496853], [78.28007727654511, 13.897954897800332], [78.27282006329534, 13.895355980294312], [78.27826019545171, 13.88951117480093], [78.26792573148737, 13.873261480333099], [78.26884947012701, 13.867562633009129], [78.26318264226518, 13.864270087294756], [78.26505081384403, 13.857683191825913], [78.24267997919776, 13.850763874553195], [78.24123835876333, 13.845695176791025], [78.25660987244771, 13.834448692353305], [78.25887448047297, 13.823829525512224], [78.25495111700053, 13.820654924984865], [78.2549153248824, 13.80685734359156], [78.26308044690518, 13.79875985238533], [78.2614651619877, 13.791398355549745], [78.25121028622578, 13.791677810882334], [78.23642283994218, 13.779636134200302], [78.20850811835504, 13.78193337412597], [78.1890058188635, 13.789339813681522], [78.16408315071686, 13.784300733292241], [78.15195639906864, 13.786493599699895], [78.14793137443343, 13.781888089663653], [78.12566777944454, 13.786560822224203], [78.1226045716437, 13.799045342168881], [78.11389324187968, 13.807922864848365], [78.1254648303377, 13.831736931514229], [78.12375582886847, 13.844820337888336], [78.11457990753678, 13.86330667416371], [78.10893447994238, 13.862388062559091], [78.11065688940397, 13.890373110230883], [78.1272907247872, 13.907806141640151], [78.12383261388408, 13.954854722167738], [78.12951754869596, 13.96339246838778], [78.1360564050791, 13.964324153436962], [78.13799203930125, 13.978627841801483], [78.13563090973872, 13.988247073143953], [78.1281507500571, 13.994356194782597], [78.08551898111614, 13.990775954147011], [78.08084827113089, 14.001634675200137], [78.09628843726165, 14.010940549466852], [78.09868033442996, 14.02380304367557], [78.08965792377421, 14.038569526762274], [78.0910956879157, 14.05761035443436], [78.07104079819436, 14.067524951915061], [78.0724823134081, 14.083993550362095], [78.06383034159705, 14.09444863859386], [78.06974186509507, 14.10547940175303], [78.06961769210284, 14.115644975735108], [78.0533882701526, 14.147227429402392], [78.05747337579572, 14.153783632808484], [78.07809592118986, 14.151381254041667], [78.08759453276156, 14.157162205871145], [78.08865023881754, 14.173217494791572], [78.07974429846064, 14.21006439355699], [78.117717124146, 14.229800624699124], [78.094056632008, 14.254752528906124], [78.09302968986833, 14.270581878450969], [78.13083265610226, 14.258942178938469], [78.13825816038587, 14.260090000752996], [78.13837073122431, 14.274036248174355], [78.11877645986579, 14.301726353288643], [78.12118339459806, 14.307922263102], [78.15314575517255, 14.32597683486307], [78.1655242765242, 14.326115075950042], [78.19118899507612, 14.31783352409792], [78.19978021408565, 14.300659671906374], [78.2058761552604, 14.296954268125035], [78.219955659726, 14.326122377545744]]]}}, {"type": "Feature", "properties": {"ac_name": "Rayachoti", "district_key": "Annamayya", "display": "Rayachoti"}, "geometry": {"type": "Polygon", "coordinates": [[[78.77020433915897, 14.303768106612893], [78.82029271723519, 14.28145424401822], [78.84426422191638, 14.28907969097503], [78.86368541604918, 14.286473006923757], [78.86986576938978, 14.290749572834557], [78.87358284727065, 14.307314006636147], [78.8984019270074, 14.27648689355533], [78.94703069730889, 14.247962699618938], [78.95342630428058, 14.228694330878739], [78.94775050298341, 14.212989675932874], [78.92917694685866, 14.197235446758498], [78.90918321913034, 14.197649440669181], [78.88433881628339, 14.184240280964218], [78.83826397760055, 14.195044139775291], [78.82391723868966, 14.16824109984691], [78.81964214766703, 14.150759343169227], [78.80956035722477, 14.143019648138306], [78.80383433508655, 14.127628513045465], [78.80484646898941, 14.10942241990881], [78.7998089804002, 14.097382714540686], [78.81293261704667, 14.065560061847407], [78.83907237638914, 14.062696147409326], [78.85170853911785, 14.071448758753263], [78.8598935514463, 14.08405626998092], [78.86647172528995, 14.081192797109964], [78.87017741415639, 14.0612233052114], [78.86661235497627, 14.044383787681681], [78.87447508625627, 14.034251524588228], [78.85099806930549, 14.009394210174719], [78.8756758124888, 13.92431524465286], [78.87195113353806, 13.89750367195694], [78.8592934932002, 13.886624535394049], [78.79814863675023, 13.880838365698082], [78.78032148105154, 13.864227901896186], [78.78851298468658, 13.85408576604533], [78.78311431397447, 13.84280989895774], [78.78383277965912, 13.829709541262389], [78.77139526457984, 13.827532541593541], [78.75905012965984, 13.835014380309474], [78.75106228020013, 13.848293956700786], [78.74591065145546, 13.871471387894303], [78.74035960231384, 13.87037652805435], [78.72908257689949, 13.885825065074755], [78.710983390671, 13.888496416676333], [78.70611688568579, 13.885873061892369], [78.70870933167038, 13.877271901776908], [78.69811394740083, 13.871353704409955], [78.64287660976777, 13.867837937970535], [78.6393806158228, 13.873213217316163], [78.64395230685352, 13.892051817137713], [78.6540238908899, 13.897596655561244], [78.65877151449388, 13.908540692598933], [78.64985648289041, 13.908913905852103], [78.63812652292074, 13.901532801997291], [78.63567723461676, 13.908119328744078], [78.62081051489338, 13.907213011771148], [78.61500322371984, 13.913063212297459], [78.58724324218196, 13.912861651743867], [78.59921105484636, 13.960122554112615], [78.5869184484277, 13.958572844161495], [78.57199817137854, 13.963244493038985], [78.5849347571334, 13.985327361168856], [78.57051512007678, 13.984492296582289], [78.56410700353547, 13.990295789918832], [78.5445233828479, 13.991044033055744], [78.53951590643402, 13.981657716230643], [78.52726736319829, 13.978446015071597], [78.5186626642506, 13.966309815145905], [78.50393401654168, 13.959100706632341], [78.50127059426256, 13.94638246637777], [78.49330443015538, 13.937912753870535], [78.46835173094769, 13.95870018816322], [78.46931124281969, 13.974408591483382], [78.47576657466772, 13.984050697082068], [78.4660976207087, 13.994855417443603], [78.46936318496307, 14.007453462407398], [78.45843657768597, 14.00851879030995], [78.44044621661965, 14.018935185210694], [78.43991235477142, 14.043425459317518], [78.4488352572414, 14.052490935808066], [78.44252505618647, 14.080855437128776], [78.44445972453673, 14.08456754715462], [78.45442423798823, 14.08467762866968], [78.46138676318861, 14.106838078614487], [78.4492829757288, 14.130507174566503], [78.47129285038477, 14.155953617765306], [78.49786526906695, 14.169338295226169], [78.50883258865309, 14.1705504581372], [78.52294315300418, 14.167657611609513], [78.54028684576139, 14.15453175273825], [78.55920970756199, 14.154413869604468], [78.5668893107931, 14.141691988894195], [78.55664612262052, 14.132468564472731], [78.55718135683423, 14.127365799492111], [78.56528995196976, 14.12038970711933], [78.5788486527432, 14.123884692924264], [78.58740900791946, 14.136591634096703], [78.5765061319525, 14.14578084021366], [78.58371026721511, 14.16232052467251], [78.57584034945262, 14.16433014252209], [78.57678081818028, 14.167523421968383], [78.63165028813034, 14.212785837396552], [78.6237015160122, 14.229866314778633], [78.60496577794834, 14.250715650307086], [78.60071938519155, 14.265863195929796], [78.60705239125491, 14.27473568330521], [78.62894764821544, 14.278095450644571], [78.66165954425264, 14.269706934327587], [78.67366491530368, 14.274626465139306], [78.67338750682802, 14.289741086581955], [78.67745242988576, 14.293936385256018], [78.71516545042527, 14.28594016490672], [78.7353915458832, 14.286883039320855], [78.7480028774309, 14.29950674194265], [78.75973808314609, 14.296349616141924], [78.77020433915897, 14.303768106612893]]]}}, {"type": "Feature", "properties": {"ac_name": "Penukonda", "district_key": "Sri_Satya_Sai", "display": "Penukonda"}, "geometry": {"type": "Polygon", "coordinates": [[[77.88732487234506, 13.9392608169332], [77.8873247572318, 13.939260488680645], [77.88656529235442, 13.939113909079708], [77.8392225660686, 13.935933819090508], [77.82658571445921, 13.944762128169714], [77.81384760458332, 13.92706073006866], [77.81384093880831, 13.926859547230379], [77.81384064293138, 13.926859731591378], [77.78815328124898, 13.941292599473911], [77.76719428059164, 13.927371014160997], [77.73787235022883, 13.93629673960288], [77.7156136259681, 13.932747999520586], [77.69565608066364, 13.908894184618987], [77.67681162445695, 13.900029764162355], [77.66525314451707, 13.90604589410276], [77.65414566199274, 13.90297714108226], [77.64595356300657, 13.92900964817676], [77.63035210436618, 13.929317708245662], [77.62073290989593, 13.93526363350992], [77.61129689653461, 13.944443230370837], [77.60214324961134, 13.932567297842581], [77.58775581457922, 13.938648348042875], [77.54174850508952, 13.928288692269405], [77.52899332518189, 13.894306294300065], [77.48548221533201, 13.85902165012908], [77.47965336740901, 13.834647975823486], [77.4514974134749, 13.809642958555742], [77.44534156396207, 13.811055981448419], [77.43576214650591, 13.796529640730398], [77.42257931738163, 13.79912988653507], [77.42866305565553, 13.806840491195771], [77.4196801962841, 13.809632820498337], [77.41612611782614, 13.806720281515823], [77.4319766311167, 13.841055362115299], [77.44303393147084, 13.856303785591308], [77.44416345567902, 13.868658735712131], [77.43692750150302, 13.880482650553915], [77.41355344973198, 13.897570414243262], [77.4206149246391, 13.899773062576799], [77.43514928820912, 13.915447291659234], [77.43491248951983, 13.919710772434257], [77.41600112555153, 13.924097075419752], [77.41200070187097, 13.946020911036271], [77.43546817791412, 13.947954953458407], [77.43703867659372, 13.977276197638446], [77.42766443496578, 13.97972330148923], [77.42589421754417, 13.986158323048244], [77.39569734485661, 13.983773993674902], [77.38154957555253, 13.97617155137607], [77.37961034044491, 13.990309515371905], [77.39016213817217, 14.016738650468369], [77.33230725987221, 14.030735637639623], [77.34050675668152, 14.060232221739682], [77.36003121906555, 14.062279495102644], [77.36366461233206, 14.073047316280679], [77.37562549482078, 14.079392557620508], [77.3812700824484, 14.097874799282636], [77.38881314071392, 14.099514775986165], [77.4009247540742, 14.118750319471701], [77.39736863865181, 14.125473850737649], [77.39061478944103, 14.126676310863104], [77.3616817025486, 14.115368007927259], [77.34746849497515, 14.103672890391636], [77.35203749073764, 14.131226960455933], [77.37894492127117, 14.135878633592142], [77.38507055176461, 14.153299439617513], [77.39487741675941, 14.160804941295055], [77.39372221780616, 14.174283480098552], [77.4203605199221, 14.176988275688416], [77.43029237359423, 14.17089480674997], [77.46710123103702, 14.172069399583165], [77.46818594472563, 14.165312333497468], [77.50351695884063, 14.157148231305882], [77.51708142606702, 14.184438107532685], [77.55575670950458, 14.190106228619584], [77.56359681384197, 14.19903000882789], [77.57030650993755, 14.220319437492094], [77.57904752452367, 14.226023542252733], [77.66007019058691, 14.236717904108048], [77.66161899492073, 14.23194998730213], [77.65944051586717, 14.212797710246207], [77.66677521650308, 14.20205225610681], [77.68146022550906, 14.192667891709903], [77.68667333280814, 14.177844912312878], [77.68450088640685, 14.170807228970489], [77.65531588591944, 14.1544591729525], [77.64985975122659, 14.147040661797178], [77.65097756266442, 14.138762524670824], [77.65897749361648, 14.126759333576445], [77.69183544405058, 14.112420443948395], [77.699299708215, 14.092408662329944], [77.67888799718338, 14.04739014394005], [77.68394322759792, 14.032136001675212], [77.69817688845268, 14.032326147134029], [77.76335125715485, 14.050225394286542], [77.78161844483543, 14.047117874190576], [77.7908854566985, 14.06337493410598], [77.81455217394375, 14.082050040776835], [77.82693005138083, 14.10347478323473], [77.83244195663104, 14.103544367378674], [77.85052281197824, 14.057038739046618], [77.87319870835375, 14.051021389625475], [77.90398774054182, 14.035405908755706], [77.88910325651011, 13.99468076100834], [77.89626728200949, 13.967064969572732], [77.88732487234506, 13.9392608169332]]]}}, {"type": "Feature", "properties": {"ac_name": "Madakasira_SC", "district_key": "Sri_Satya_Sai", "display": "Madakasira (SC)"}, "geometry": {"type": "Polygon", "coordinates": [[[77.022357904194, 14.177300668690975], [77.02605527792878, 14.174820928443125], [77.02042709483459, 14.15719608872854], [77.02023466060115, 14.131330770098998], [77.02587332439447, 14.129972967378592], [77.02623658844783, 14.125051287187205], [77.02182921344752, 14.12328333605717], [77.0240751497484, 14.11264380856494], [77.01469247427832, 14.100043011675723], [77.0298172751472, 14.088214684759919], [77.02556756569066, 14.066166259765112], [77.03165125719983, 14.05689570547247], [77.07613704149134, 14.053316644747383], [77.07533078129057, 14.043529837332187], [77.0789336587614, 14.042684864914634], [77.12741714718368, 14.047056627661277], [77.13185010519823, 14.04395937152782], [77.14037261420486, 14.017997311027159], [77.14108019539475, 14.003899775154537], [77.15128251387699, 14.000711541804264], [77.17344618429405, 14.001182523954355], [77.17095580686504, 14.012039556980028], [77.17400898902366, 14.013024427935022], [77.20467607044435, 14.008283653567787], [77.21982565842745, 14.01360655190092], [77.24536238816376, 14.011972171678451], [77.27036310217551, 14.034526920381097], [77.2787631163248, 14.032458564211424], [77.27510495932648, 14.01173207337655], [77.29837613764869, 14.022049537456212], [77.30669609954543, 14.032278638648279], [77.32223363437481, 14.030041166766466], [77.32278696204872, 14.023454510517297], [77.33695985751149, 14.004912652796747], [77.33628690741489, 13.995907107127323], [77.36096494467654, 13.991051127807339], [77.34959703197751, 13.95857682635949], [77.3715237139483, 13.953228963745744], [77.34771150438246, 13.916025493681616], [77.3528647680946, 13.913766068449377], [77.3545606070864, 13.90454863710994], [77.39778659497546, 13.906469072789548], [77.39885613710112, 13.888566220254916], [77.41355344973198, 13.897570414243262], [77.43692750150302, 13.880482650553915], [77.44416345567902, 13.868658735712131], [77.44303393147084, 13.856303785591308], [77.4319766311167, 13.841055362115299], [77.42918199595243, 13.844840561842489], [77.41520400875805, 13.839635950438833], [77.38191616619815, 13.839400592463448], [77.3786841961188, 13.84935181303581], [77.36280480469804, 13.85426773936473], [77.33685326356732, 13.832786825251844], [77.32539212894363, 13.833278306548664], [77.32146547844911, 13.855958505280853], [77.31130868364886, 13.866539997722782], [77.31056620606563, 13.862920984615812], [77.29492870619487, 13.857443687975888], [77.28829725741258, 13.847515750851244], [77.2802824615664, 13.851085471217573], [77.25670719098412, 13.846559936991525], [77.25912593921078, 13.86317150965749], [77.24891384689658, 13.86755534400396], [77.244716994194, 13.881853745254205], [77.24827806937748, 13.9012473598778], [77.23647753780818, 13.90105314588601], [77.2356349665805, 13.904168639371278], [77.23066050877554, 13.90336704035667], [77.21986611892629, 13.8677529223595], [77.21529910706818, 13.868308768135194], [77.21517580192176, 13.886293636142454], [77.2102142305024, 13.884976236364253], [77.20044751124368, 13.863070817963944], [77.18140762426253, 13.869877443888981], [77.18569828254977, 13.876196931343372], [77.19085352926703, 13.911898122600348], [77.18472679260748, 13.925215953453517], [77.1699387006106, 13.920639520297698], [77.16195364174723, 13.906652981450009], [77.16888115004508, 13.8900034403066], [77.17148411629898, 13.871544919162716], [77.16859835822771, 13.864525021712439], [77.14766167424693, 13.868508907759917], [77.13606012217696, 13.856547084580313], [77.12822014014739, 13.856488892148718], [77.13219017483675, 13.84623359280613], [77.15603615664338, 13.844390507815717], [77.15369903628158, 13.834170394448222], [77.16870588027223, 13.829654828307753], [77.16774045625709, 13.821246862352837], [77.15953775426402, 13.81689334864916], [77.16259314425827, 13.808699014847718], [77.15753463131824, 13.806068861189033], [77.17851588210232, 13.782725485292985], [77.17305808726098, 13.762055978200863], [77.1511215379287, 13.766252605173634], [77.14088022754055, 13.765079943184901], [77.13684441014146, 13.7583439077452], [77.10596807716507, 13.76780639894622], [77.09045088320175, 13.76718411665371], [77.08384021145667, 13.756681881463692], [77.08558216408568, 13.74240115279099], [77.06445825204673, 13.743914994181694], [77.05750015061153, 13.753009502586508], [77.05804509300668, 13.760344356107225], [77.04406638995198, 13.7708834482126], [77.04337840049283, 13.777830091385681], [77.02448143646916, 13.779261786002678], [77.01655696223406, 13.738377702868718], [77.01274335831937, 13.739797404126932], [76.99694944206317, 13.748028800788575], [76.99839343760709, 13.755077261606402], [76.98521560421682, 13.790827580128791], [76.99169989693274, 13.802699280447484], [76.98975889645595, 13.812969212659084], [76.97642523393745, 13.817351842813366], [76.97803801154504, 13.82690007987486], [76.98891478738756, 13.835291560357291], [76.9922445452496, 13.84903637852608], [77.0065560505214, 13.852073157050597], [77.01423978343934, 13.860323003304018], [77.01320268165847, 13.871526714186587], [77.01849136528432, 13.872546543588157], [77.01626810898608, 13.88441373020953], [77.02304843513724, 13.90260010211307], [77.04731511530036, 13.906612490374187], [77.04167595867858, 13.933437184178729], [77.02439234063405, 13.93995381201887], [77.01423150517985, 13.954864593126501], [76.9937795926541, 13.962614479274862], [76.99921378928502, 13.99043521811086], [76.9653968926525, 14.011526123232045], [76.94995309865664, 14.015128068105923], [76.94348037212154, 14.029779257206997], [76.93504046044893, 14.032842524363048], [76.93115079637221, 14.030240500598666], [76.93237108735588, 14.054373010905806], [76.97187122537679, 14.05844263651852], [76.97658724230746, 14.065705915695503], [76.97346710832045, 14.08355425852227], [76.95943325074398, 14.091668420461303], [76.9484034579533, 14.092124557502359], [76.95255657752409, 14.103904689749697], [76.93588950679538, 14.128883380263858], [76.92500725947752, 14.137148116592357], [76.91759435829306, 14.128878682205482], [76.88921996982583, 14.135742732541132], [76.88594059917938, 14.138276748673036], [76.89074604469425, 14.143591821105701], [76.89456029072488, 14.167853999262718], [76.91977221591509, 14.164503417598667], [76.92194408854891, 14.169464747100449], [76.94239224100914, 14.17337096679671], [76.94272485346926, 14.195446228460696], [76.94758831514866, 14.198219478646081], [76.96062366175266, 14.181814798614141], [76.98379008614364, 14.178859917751026], [77.005477748999, 14.183997091692504], [77.022357904194, 14.177300668690975]]]}}, {"type": "Feature", "properties": {"ac_name": "Gudur_SC", "district_key": "Sps_Nellore", "display": "Gudur (SC)"}, "geometry": {"type": "Polygon", "coordinates": [[[80.13616219283097, 14.2461350478942], [80.12906533409796, 14.215384137967646], [80.12719956640694, 14.150182031475595], [80.13381286597104, 14.092945797710456], [80.1437873421122, 14.05048378839615], [80.19768721429358, 13.918962424975973], [80.21809844508721, 13.88137528614061], [80.24487645868169, 13.807574450400637], [80.1883604748561, 13.80739227113645], [80.15535423431055, 13.825706124637975], [80.12367385616358, 13.824997448073816], [80.11149525949867, 13.820704290570575], [80.0620816319618, 13.841869629879568], [80.0369606183379, 13.844275954871478], [80.03074036027948, 13.862516315775395], [79.99942857287039, 13.871368898455955], [79.99661938217878, 13.884398090999127], [79.93457710574887, 13.933902292856601], [79.9443080949427, 13.944887026914785], [79.95657489261725, 13.951628681318653], [79.97676595588422, 13.955045578091017], [79.98283645613759, 13.961115681743365], [79.97220693450248, 13.981245172926435], [79.97272757721595, 13.986151462120347], [79.98487273079195, 13.995351201996414], [79.97652202826907, 14.029269804757746], [79.94901429397453, 14.031617738567832], [79.93378631838397, 14.03767970155701], [79.87125539262234, 14.032916336220012], [79.84490094712106, 14.043429371368461], [79.81535020045146, 14.034185540430371], [79.80699417574067, 14.013643839591566], [79.79828055270542, 14.010809833007443], [79.79117985206858, 14.040661218540436], [79.78446024544405, 14.037134507351709], [79.77267933078656, 14.016868339002713], [79.75881371028458, 14.017793526450134], [79.73693937964873, 14.071130965321856], [79.72385290029115, 14.090357660377776], [79.75589263673584, 14.15354151462924], [79.80007301755575, 14.176695322431215], [79.79726126379637, 14.191737400061015], [79.78113595905734, 14.217668816162984], [79.7803088130014, 14.227204099389724], [79.78555093962422, 14.239291552463214], [79.80473902768404, 14.258609293983795], [79.8179844891929, 14.253859556972998], [79.8243819325802, 14.213929308290972], [79.84906407434761, 14.204196128348713], [79.85900739707375, 14.175664195746094], [79.86870585149393, 14.163490690143306], [79.9058493808443, 14.144393796036923], [79.93191596504982, 14.140285422234513], [79.94978656429856, 14.151969507786589], [79.96546323504032, 14.152888835251588], [79.9787356204526, 14.162168208296237], [79.98712559996653, 14.185622369876512], [79.99867505341103, 14.189352276586362], [80.0042237427316, 14.184827237886793], [80.00872101756096, 14.193785324533167], [80.01672964225924, 14.196376652660433], [80.0174108454342, 14.18386167357744], [80.02415317253093, 14.18193325371675], [80.04818236242613, 14.200110136873377], [80.04878507457158, 14.208921436175387], [80.06319978784, 14.228658461418888], [80.05912015906813, 14.2193183364721], [80.06226680416972, 14.21098437842636], [80.06685550048104, 14.210541505486162], [80.06162225376409, 14.209289820069216], [80.05809071951114, 14.213212865181617], [80.062204266214, 14.207820773010326], [80.06875382452944, 14.211609818238571], [80.07124418307262, 14.226011122615262], [80.09417883508524, 14.22953550276128], [80.10650930116338, 14.238169864048018], [80.11175641902355, 14.233094209130513], [80.10759486291266, 14.23918503855873], [80.11206380280231, 14.25167201275326], [80.11460069856344, 14.247357037697157], [80.13616219283097, 14.2461350478942]]]}}, {"type": "Feature", "properties": {"ac_name": "Sullurpeta_SC", "district_key": "Tirupati", "display": "Sullurpeta (SC)"}, "geometry": {"type": "Polygon", "coordinates": [[[79.87125539262234, 14.032916336220012], [79.93378631838397, 14.03767970155701], [79.94901429397453, 14.031617738567832], [79.97652202826907, 14.029269804757746], [79.98487273079195, 13.995351201996414], [79.97272757721595, 13.986151462120347], [79.97220693450248, 13.981245172926435], [79.98283645613759, 13.961115681743365], [79.97676595588422, 13.955045578091017], [79.95657489261725, 13.951628681318653], [79.9443080949427, 13.944887026914785], [79.93457710574887, 13.933902292856601], [79.99661938217878, 13.884398090999127], [79.99942857287039, 13.871368898455955], [80.03074036027948, 13.862516315775395], [80.0369606183379, 13.844275954871478], [80.0620816319618, 13.841869629879568], [80.11149525949867, 13.820704290570575], [80.12367385616358, 13.824997448073816], [80.15535423431055, 13.825706124637975], [80.1883604748561, 13.80739227113645], [80.24487645868169, 13.807574450400637], [80.25523080935443, 13.779384320430097], [80.23761335487251, 13.72169647411306], [80.23387262841914, 13.657050369878732], [80.24279481233077, 13.615799193378109], [80.26826078700577, 13.564496251201092], [80.26383067624477, 13.562485752915222], [80.24263259711671, 13.470875562657113], [80.22652070306805, 13.484945546000176], [80.21525052958833, 13.48567114240933], [80.21511640379907, 13.489679207629365], [80.20964251289172, 13.486487974140744], [80.18219319855734, 13.489881428285344], [80.16304908914418, 13.487508117405753], [80.14561086954603, 13.490727344091681], [80.14523949001051, 13.500337351987241], [80.13994424493103, 13.504085059877639], [80.13211014176966, 13.501509807131924], [80.11314585629628, 13.505406089319592], [80.09859718541185, 13.487957453773504], [80.07856556474906, 13.488949693773407], [80.0771095758463, 13.526819700868543], [80.08860935523762, 13.535414161934057], [80.08379174369406, 13.544775743805587], [80.08123173355773, 13.549769211479997], [80.06272124329081, 13.545370110242459], [80.05690692031817, 13.536655176894953], [80.03795544658664, 13.538989991395056], [80.03937859854352, 13.555609311720389], [80.0512931704435, 13.55831902570253], [80.04738479327364, 13.57305597685189], [80.02207748238993, 13.576487660277337], [80.02356260393111, 13.592965851792655], [80.01697924189853, 13.59502883631177], [80.01691804663062, 13.603633190819153], [80.0115403139344, 13.605264645546981], [80.00441486665284, 13.617246418387538], [80.00007522858897, 13.643341052447681], [79.99176365197104, 13.646895658807637], [79.9760133231564, 13.642740519359506], [79.96466669291362, 13.650723114979826], [79.95743093209188, 13.666973280692389], [79.97274634876504, 13.688068066388212], [79.95724348819647, 13.700350970920624], [79.95738806770521, 13.708206566080207], [79.88550646704988, 13.70082539297755], [79.88142991036216, 13.705390502769546], [79.86999493252017, 13.706910991948746], [79.86264700015897, 13.719157460448514], [79.86668080307663, 13.735777592861666], [79.85774338105227, 13.740555218748398], [79.86090420216726, 13.755392463191697], [79.85062087725174, 13.758551286013073], [79.85067227620465, 13.769687271650298], [79.86450437447735, 13.771885431467524], [79.87499001088037, 13.782741539090807], [79.87256101847629, 13.792079449906737], [79.88142631127528, 13.84168158973364], [79.87871962261255, 13.856641798480268], [79.86086316880028, 13.870151628295048], [79.85470848750674, 13.867697128419763], [79.84912847120205, 13.855390557328406], [79.84207783492423, 13.855907090140136], [79.83519038962481, 13.86251470419029], [79.83344676605549, 13.883331424006087], [79.82810772309301, 13.884693681967917], [79.82772370628408, 13.894671741907416], [79.81329871376471, 13.910546888528131], [79.80925264859093, 13.925797350767198], [79.7952694453287, 13.920362435578], [79.78586079743792, 13.905492240874253], [79.7705785558557, 13.90992311336106], [79.76590152723378, 13.922943397220081], [79.74950438262124, 13.940101023843226], [79.73791570524565, 13.921757733732477], [79.72865039040323, 13.917931863964384], [79.72688934426787, 13.942868075901004], [79.741335257716, 13.947075271706467], [79.74388443192106, 13.957771877370305], [79.75741273740795, 13.959991255791863], [79.7525402015691, 13.969214613663553], [79.7321593067067, 13.967693177498177], [79.73648325519815, 13.998686108477159], [79.75881371028458, 14.017793526450134], [79.77267933078656, 14.016868339002713], [79.78446024544405, 14.037134507351709], [79.79117985206858, 14.040661218540436], [79.79828055270542, 14.010809833007443], [79.80699417574067, 14.013643839591566], [79.81535020045146, 14.034185540430371], [79.84490094712106, 14.043429371368461], [79.87125539262234, 14.032916336220012]]]}}, {"type": "Feature", "properties": {"ac_name": "Thamballapalle", "district_key": "Annamayya", "display": "Thamballapalle"}, "geometry": {"type": "Polygon", "coordinates": [[[78.4660976207087, 13.994855417443603], [78.47576657466772, 13.984050697082068], [78.46931124281969, 13.974408591483382], [78.46835173094769, 13.95870018816322], [78.49330443015538, 13.937912753870535], [78.50127059426256, 13.94638246637777], [78.50393401654168, 13.959100706632341], [78.5186626642506, 13.966309815145905], [78.52726736319829, 13.978446015071597], [78.53951590643402, 13.981657716230643], [78.5445233828479, 13.991044033055744], [78.56410700353547, 13.990295789918832], [78.57051512007678, 13.984492296582289], [78.5849347571334, 13.985327361168856], [78.57199817137854, 13.963244493038985], [78.5869184484277, 13.958572844161495], [78.59921105484636, 13.960122554112615], [78.58724324218196, 13.912861651743867], [78.57848159714803, 13.889468099073554], [78.57966992892415, 13.857506635123173], [78.56487193089492, 13.837736382628009], [78.55213315552078, 13.792772049290704], [78.53685617497257, 13.780339268242699], [78.55063951560123, 13.749402910915649], [78.5697202956552, 13.726917429795606], [78.57379958628195, 13.7067844582362], [78.57055764811702, 13.681223140135842], [78.56029736653028, 13.676612689224271], [78.55075788886552, 13.657004837203544], [78.5306847024371, 13.6590751700831], [78.52557652173914, 13.654665937083394], [78.53878288971862, 13.62978153239186], [78.52233049165892, 13.623009859517424], [78.49888545100282, 13.579212441501], [78.46812702364326, 13.585331087859458], [78.43437670651986, 13.58569905986377], [78.42277344214068, 13.575511496558363], [78.40144695871021, 13.567463448279568], [78.40665354502516, 13.576896385959515], [78.40183101239137, 13.578641734428572], [78.40209446248952, 13.587469428371492], [78.39327158081886, 13.591408031755293], [78.35057303901459, 13.586909705618496], [78.32615027161779, 13.594877339217874], [78.27185612585959, 13.588244297736196], [78.25930020514039, 13.58243424564398], [78.24879635296935, 13.591322636630423], [78.2373128585017, 13.598663771915596], [78.23266045691463, 13.586016895563318], [78.21961195952434, 13.592731367958322], [78.20290024824794, 13.568293361549422], [78.19617969193928, 13.565959708074104], [78.19325225029115, 13.564446364008518], [78.18974136806975, 13.571331364950595], [78.19003091559432, 13.589501311636297], [78.20287528036994, 13.605135106300168], [78.20393902456641, 13.628403857352168], [78.1683835648497, 13.63269638353131], [78.16926869559387, 13.653844491829886], [78.15607595863861, 13.658522372109815], [78.11411179692197, 13.657523033761038], [78.1023699101433, 13.651232204102996], [78.0992606111883, 13.64332876770851], [78.08731551000284, 13.643114694887288], [78.0895533101372, 13.659829612246881], [78.07768765506131, 13.668428221884994], [78.07710329268286, 13.67354646869461], [78.06617939596242, 13.676892911678578], [78.07367504556697, 13.687529563138867], [78.06965963918105, 13.690830888934443], [78.07088821471939, 13.698491891487663], [78.0923885128197, 13.691050020442162], [78.11349922640824, 13.692517712222696], [78.12098109839906, 13.715462706438814], [78.10464318583439, 13.736598828573108], [78.09173049326773, 13.742337489783381], [78.10017715435225, 13.758985936451836], [78.11747751687398, 13.76925675629434], [78.12566777944454, 13.786560822224203], [78.14793137443343, 13.781888089663653], [78.15195639906864, 13.786493599699895], [78.16408315071686, 13.784300733292241], [78.1890058188635, 13.789339813681522], [78.20850811835504, 13.78193337412597], [78.23642283994218, 13.779636134200302], [78.25121028622578, 13.791677810882334], [78.2614651619877, 13.791398355549745], [78.26308044690518, 13.79875985238533], [78.2549153248824, 13.80685734359156], [78.25495111700053, 13.820654924984865], [78.25887448047297, 13.823829525512224], [78.25660987244771, 13.834448692353305], [78.24123835876333, 13.845695176791025], [78.24267997919776, 13.850763874553195], [78.26505081384403, 13.857683191825913], [78.26318264226518, 13.864270087294756], [78.26884947012701, 13.867562633009129], [78.26792573148737, 13.873261480333099], [78.27826019545171, 13.88951117480093], [78.27282006329534, 13.895355980294312], [78.28007727654511, 13.897954897800332], [78.28949889445846, 13.892015922496853], [78.29837193221897, 13.893782420322509], [78.29935414657666, 13.906307679555823], [78.31821278779, 13.920819319056363], [78.33145894447478, 13.918038107172947], [78.33737477572538, 13.9370966469927], [78.34691939211632, 13.935197376857502], [78.37039115073105, 13.956790790762454], [78.37562233350394, 13.952320218603234], [78.37243398504046, 13.944928684411309], [78.38753366244862, 13.93938302850404], [78.39953629686266, 13.953122664779187], [78.42060033653638, 13.96373041742487], [78.4271076438028, 13.979236404936216], [78.4533247178615, 13.9842113177981], [78.4660976207087, 13.994855417443603]]]}}, {"type": "Feature", "properties": {"ac_name": "Hindupur", "district_key": "Sri_Satya_Sai", "display": "Hindupur"}, "geometry": {"type": "Polygon", "coordinates": [[[77.62073290989593, 13.93526363350992], [77.63035210436618, 13.929317708245662], [77.64595356300657, 13.92900964817676], [77.65414566199274, 13.90297714108226], [77.66525314451707, 13.90604589410276], [77.67681162445695, 13.900029764162355], [77.69565608066364, 13.908894184618987], [77.7156136259681, 13.932747999520586], [77.73787235022883, 13.93629673960288], [77.76719428059164, 13.927371014160997], [77.78815328124898, 13.941292599473911], [77.81384064293138, 13.926859731591378], [77.81384093880831, 13.926859547230379], [77.81378385883806, 13.92522045545968], [77.81625218039386, 13.903421425958072], [77.83256163930827, 13.89384416057959], [77.83553160899663, 13.881004634156568], [77.82732371162007, 13.874477294491612], [77.83706228299803, 13.869937104913504], [77.8201878142163, 13.863249765064666], [77.81202329833661, 13.849016750822443], [77.79300189781941, 13.848983776280306], [77.78226750264321, 13.844120940529024], [77.78907990401444, 13.830511068331191], [77.78875284037133, 13.823203249330561], [77.78153001989455, 13.818336548293132], [77.76350664561528, 13.817261704663963], [77.74793085092807, 13.81040162663379], [77.7407240608668, 13.812440932003483], [77.7292925409181, 13.802228927822796], [77.71930783948528, 13.800298002450916], [77.72221957357453, 13.768871113511125], [77.71735701571379, 13.741114650121062], [77.70845738589969, 13.741058585485405], [77.70328992459042, 13.76981392317407], [77.69518040854905, 13.770722740262329], [77.6715389757432, 13.760510665934532], [77.67995609949446, 13.772766358780473], [77.68007422724384, 13.786802890940692], [77.65129296210057, 13.784104899621468], [77.62106824999978, 13.76847187207926], [77.61758590686418, 13.762371785929247], [77.61929738236836, 13.755186925836028], [77.64145978294266, 13.7487394019019], [77.64142726885342, 13.741990994488845], [77.62443108222874, 13.735266327379179], [77.61353921126562, 13.752091310065964], [77.59996872487682, 13.750798910541334], [77.58684549472383, 13.733531669151262], [77.57168040422732, 13.738240474418433], [77.56093012792314, 13.722374431634762], [77.5492859857597, 13.740671382378423], [77.54743894465162, 13.752944967236488], [77.54085651251808, 13.755989794693335], [77.52536033391232, 13.753285703272638], [77.5219529276855, 13.744593409458332], [77.53664253672378, 13.730635171376093], [77.53437324502931, 13.707034677508432], [77.52834476200121, 13.693043281422376], [77.52505215513293, 13.691039030726756], [77.51237553370396, 13.697279914736328], [77.5143353488973, 13.713047611258276], [77.4856035680503, 13.715219742896863], [77.49107271503385, 13.689859911605708], [77.45547465623048, 13.68266273889435], [77.44992469526852, 13.71097928746417], [77.46487094024178, 13.710954789931634], [77.4650329674975, 13.739626522146352], [77.47055142161088, 13.758050319566621], [77.46515102240181, 13.758673807850016], [77.4613914542523, 13.788425924416913], [77.45640807787055, 13.78886933874901], [77.46454690641468, 13.808139216551638], [77.4514974134749, 13.809642958555742], [77.47965336740901, 13.834647975823486], [77.48548221533201, 13.85902165012908], [77.52899332518189, 13.894306294300065], [77.54174850508952, 13.928288692269405], [77.58775581457922, 13.938648348042875], [77.60214324961134, 13.932567297842581], [77.61129689653461, 13.944443230370837], [77.62073290989593, 13.93526363350992]]]}}, {"type": "Feature", "properties": {"ac_name": "Pileru", "district_key": "Annamayya", "display": "Pileru"}, "geometry": {"type": "Polygon", "coordinates": [[[78.58724324218196, 13.912861651743867], [78.61500322371984, 13.913063212297459], [78.62081051489338, 13.907213011771148], [78.63567723461676, 13.908119328744078], [78.63812652292074, 13.901532801997291], [78.64985648289041, 13.908913905852103], [78.65877151449388, 13.908540692598933], [78.6540238908899, 13.897596655561244], [78.64395230685352, 13.892051817137713], [78.6393806158228, 13.873213217316163], [78.64287660976777, 13.867837937970535], [78.69811394740083, 13.871353704409955], [78.70870933167038, 13.877271901776908], [78.70611688568579, 13.885873061892369], [78.710983390671, 13.888496416676333], [78.72908257689949, 13.885825065074755], [78.74035960231384, 13.87037652805435], [78.74591065145546, 13.871471387894303], [78.75106228020013, 13.848293956700786], [78.75905012965984, 13.835014380309474], [78.77139526457984, 13.827532541593541], [78.78383277965912, 13.829709541262389], [78.78311431397447, 13.84280989895774], [78.78851298468658, 13.85408576604533], [78.78032148105154, 13.864227901896186], [78.79814863675023, 13.880838365698082], [78.8592934932002, 13.886624535394049], [78.87195113353806, 13.89750367195694], [78.89646568664216, 13.8984468080738], [78.91764526761506, 13.889379256847292], [78.91831796590145, 13.897375182218923], [78.93575906063222, 13.89759262749783], [78.94166718649154, 13.885189097798673], [78.97916185343684, 13.890967739269797], [79.01081291098711, 13.860223403387408], [79.02719919538663, 13.83681872160679], [79.02224079587609, 13.831495438363845], [79.0056661502727, 13.830813751353617], [78.9994737199363, 13.805689224977812], [79.00484926548125, 13.79816108556571], [79.02261585903472, 13.790741998844226], [79.01960185853898, 13.782520305867479], [79.00822269442187, 13.773467088935035], [79.01008960155394, 13.756356337674902], [79.02158370982039, 13.752145232516511], [79.02523423427255, 13.743450627444531], [79.02664318143775, 13.73114826248235], [79.01888152496247, 13.720929414460954], [79.04766502222304, 13.713585859100192], [79.04159398327579, 13.70340001979514], [79.01492703145738, 13.693858617581213], [78.99757751738855, 13.69563084858487], [78.98850440925116, 13.706953613518522], [78.9680020321681, 13.704094350374021], [78.9617339382707, 13.693340697115502], [78.95993872329348, 13.674212755714166], [78.96843236496176, 13.666618611459796], [78.97101035254582, 13.655791583414896], [78.9905015031419, 13.644821394991425], [78.99317995039445, 13.617867221295285], [78.9665524869078, 13.616700658508648], [78.95891183421384, 13.610005032306447], [78.94694184069346, 13.581182453207703], [78.93944355967261, 13.573897449108017], [78.91857217726425, 13.573378428771548], [78.9009095525339, 13.567100683349906], [78.8740378691524, 13.579656236246365], [78.86565620926672, 13.5880868498283], [78.86521435615765, 13.596756114702998], [78.87945622602405, 13.617471772304498], [78.87866483071741, 13.62414807387455], [78.85684791100238, 13.650002814678203], [78.84198457452857, 13.659283786717424], [78.83728913498567, 13.64587187418772], [78.83115879384331, 13.644358810710571], [78.80675770280578, 13.604199189041367], [78.786712063511, 13.603630642140445], [78.79137740544297, 13.584646950196657], [78.78983424075767, 13.571057029458416], [78.73422226624467, 13.57075526914042], [78.71352845137699, 13.591205467558325], [78.69836205866216, 13.597784048794892], [78.6812651569615, 13.59567138842391], [78.64181861493716, 13.578042698711613], [78.61127499694362, 13.581383901346044], [78.60035420018625, 13.590544997353788], [78.60446617757208, 13.607615266531354], [78.60162042134544, 13.624962324551689], [78.5775777029487, 13.65296173619521], [78.57055764811702, 13.681223140135842], [78.57379958628195, 13.7067844582362], [78.5697202956552, 13.726917429795606], [78.55063951560123, 13.749402910915649], [78.53685617497257, 13.780339268242699], [78.55213315552078, 13.792772049290704], [78.56487193089492, 13.837736382628009], [78.57966992892415, 13.857506635123173], [78.57848159714803, 13.889468099073554], [78.58724324218196, 13.912861651743867]]]}}, {"type": "Feature", "properties": {"ac_name": "Srikalahasti", "district_key": "Tirupati", "display": "Srikalahasti"}, "geometry": {"type": "Polygon", "coordinates": [[[79.45759852715037, 13.896904402416283], [79.47415602448098, 13.899842607150674], [79.47825831706774, 13.912754069444816], [79.55597451681058, 13.915549125491793], [79.59260261681737, 13.92360316415477], [79.59604342026768, 13.911849177897295], [79.59426735995078, 13.888207017539855], [79.61138301881135, 13.88880042619877], [79.6231712917218, 13.8823461402622], [79.62474110871523, 13.872572168870533], [79.61876016385054, 13.862988284481787], [79.61004223845862, 13.860428732999651], [79.60947983842385, 13.851608697683275], [79.66852204305792, 13.835951796738073], [79.6739102870302, 13.872980301000155], [79.6703404443561, 13.885807504912464], [79.67846857096782, 13.92418518110128], [79.6822158624721, 13.925398822497698], [79.69446512426612, 13.913884947132658], [79.72862705119752, 13.905263460540311], [79.73112363214995, 13.891269729814212], [79.72708645407664, 13.863457243157313], [79.73362509911908, 13.86163758730487], [79.72857720987042, 13.825701926602676], [79.73497838274625, 13.789916228750997], [79.7317001335544, 13.771491652517796], [79.73703308450928, 13.767469199044342], [79.74761435032207, 13.768658492195698], [79.75138617802975, 13.762457592044314], [79.75002010694243, 13.756691662490255], [79.73828511976251, 13.748203739610972], [79.73575687368083, 13.738408977692188], [79.75406152352053, 13.726957682551074], [79.76555161361614, 13.750989243958486], [79.77301578604977, 13.751218298585684], [79.78103660825292, 13.707463432891188], [79.79325141612003, 13.691376769322517], [79.77151694894809, 13.676144425724715], [79.75779307509038, 13.676095857837595], [79.75478287512965, 13.688757242952477], [79.74988336682395, 13.689688106021322], [79.73188578240297, 13.67656696229551], [79.72128966788392, 13.674606269363892], [79.71459387081057, 13.67901033216117], [79.7123963225323, 13.69090796982698], [79.68642217064672, 13.691101050673012], [79.67212712116975, 13.645049530511471], [79.65160962918111, 13.613432854043026], [79.61973823683024, 13.60605014399897], [79.58664715064555, 13.579389160981066], [79.56703372282811, 13.570311090384564], [79.5561073196971, 13.57069298749144], [79.54948487672573, 13.583924613829936], [79.53500697349307, 13.593345423252742], [79.52329302055654, 13.588862035754403], [79.51821002986907, 13.566542695389103], [79.498732074126, 13.554299784607451], [79.47831576665936, 13.572315454394754], [79.45149434458841, 13.56556510174812], [79.43852592732975, 13.585378045060793], [79.45492449197178, 13.602470740632214], [79.45912531068461, 13.618883716010714], [79.45808989243466, 13.62887256062021], [79.452538050091, 13.634536347874189], [79.43286295306291, 13.641189785979861], [79.4219533330799, 13.663590300052363], [79.4109506872245, 13.706432812524326], [79.39472252972104, 13.740077987209418], [79.39774312944195, 13.761731664684646], [79.41724942552065, 13.765895256860688], [79.41984869376228, 13.7863373676754], [79.44922181533457, 13.781004003032365], [79.47119436812562, 13.798277766305944], [79.4582983346005, 13.800696045985774], [79.45554586594903, 13.825734277015329], [79.43829554710186, 13.856974203196955], [79.43419337862156, 13.876817461756502], [79.44332708487713, 13.890847014278336], [79.45759852715037, 13.896904402416283]]]}}, {"type": "Feature", "properties": {"ac_name": "Chandragiri", "district_key": "Tirupati", "display": "Chandragiri"}, "geometry": {"type": "Polygon", "coordinates": [[[78.99869452753046, 13.910114585319889], [79.00253804199707, 13.910314894916496], [79.02359198588152, 13.903255307686322], [79.0238514483857, 13.895180356188519], [79.02948730449555, 13.889363079842326], [79.08265332539071, 13.879316702903566], [79.09651047337968, 13.850647714520449], [79.12598284952895, 13.850169316560766], [79.14844393294123, 13.86620754084538], [79.15718059750662, 13.853987739942283], [79.17201995086009, 13.847745448493697], [79.17815148720143, 13.838080956071337], [79.21602022085659, 13.812577058784257], [79.21118823185145, 13.806779771669198], [79.20285358042844, 13.80971525055844], [79.19451378488333, 13.803652969209224], [79.19134894649676, 13.793830599003002], [79.20371989555679, 13.78072718181403], [79.21823727543, 13.773143220583222], [79.22562097922486, 13.757065956728582], [79.24117639887174, 13.751655003075996], [79.2414041953474, 13.760970594517346], [79.25877323819446, 13.760891401117306], [79.24210564316098, 13.718586299218373], [79.23945851749664, 13.696123100600687], [79.24921673186674, 13.641797736676267], [79.27348270516279, 13.604712719916165], [79.32613444694721, 13.60327773827703], [79.35387827486255, 13.609240052786276], [79.37324911325601, 13.599906842726682], [79.40057060874665, 13.595557794156946], [79.42575096143776, 13.606304854485472], [79.43477529124675, 13.620393637256598], [79.45912531068461, 13.618883716010714], [79.45492449197178, 13.602470740632214], [79.43852592732975, 13.585378045060793], [79.45149434458841, 13.56556510174812], [79.45289766919211, 13.557622468402258], [79.43380339571019, 13.556642581489996], [79.42570317865881, 13.551948408192516], [79.42277832525957, 13.537409908640427], [79.4361630458879, 13.530860273882581], [79.4381258414345, 13.508867751645482], [79.42529260127259, 13.491344957104161], [79.42512126423503, 13.484700371025326], [79.41735870753837, 13.477435756355135], [79.36944222637771, 13.460308229141503], [79.35947547811088, 13.479339581556474], [79.28148976773866, 13.469232364582012], [79.23908626292075, 13.458094656743071], [79.22654090653765, 13.434530995509078], [79.19718458969709, 13.43114049024149], [79.2012179609402, 13.424932180575695], [79.22638654060643, 13.419577319437792], [79.2332718158417, 13.410403626626135], [79.21731786972396, 13.40479671969291], [79.18353980671674, 13.411023093141296], [79.18220479011904, 13.399969063621427], [79.17612682998924, 13.39462339175617], [79.15803335535514, 13.39859690232521], [79.13946773304951, 13.39357366079588], [79.12396047569547, 13.400179802655828], [79.12057529801166, 13.405987045265988], [79.10604744823121, 13.404490550898231], [79.09501227119944, 13.411666644400157], [79.07587993031461, 13.415040092226548], [79.07316091734253, 13.430922988305326], [79.06573923787556, 13.432745417666922], [79.06162978938335, 13.439016668184763], [79.0373691715501, 13.427173765956582], [79.03185665476087, 13.454780210738193], [78.99465398599273, 13.469288275433598], [78.97616464688099, 13.483949587303641], [78.98634685742161, 13.499179721267183], [79.00174102502837, 13.508617659177673], [79.0126326432819, 13.509669656429537], [79.02003348096042, 13.501747636444293], [79.02698978465088, 13.5006454165528], [79.04000229297151, 13.5114213019516], [79.05378148862485, 13.509030372453765], [79.08860665117606, 13.523632888447082], [79.08856356645549, 13.50070821800989], [79.09631869655067, 13.497459994483222], [79.12087961959884, 13.504628474324704], [79.13707684581982, 13.503308692242399], [79.15057698633893, 13.520904571089147], [79.15598564222364, 13.588410963695083], [79.04008476889703, 13.597664438063418], [79.0460680906699, 13.641577684262757], [79.06478388896534, 13.669942155006481], [79.07064892560749, 13.69582648800207], [79.07308331124585, 13.707839613907083], [79.04766502222304, 13.713585859100192], [79.01888152496247, 13.720929414460954], [79.02664318143775, 13.73114826248235], [79.02523423427255, 13.743450627444531], [79.02158370982039, 13.752145232516511], [79.01008960155394, 13.756356337674902], [79.00822269442187, 13.773467088935035], [79.01960185853898, 13.782520305867479], [79.02261585903472, 13.790741998844226], [79.00484926548125, 13.79816108556571], [78.9994737199363, 13.805689224977812], [79.0056661502727, 13.830813751353617], [79.02224079587609, 13.831495438363845], [79.02719919538663, 13.83681872160679], [79.01081291098711, 13.860223403387408], [78.97916185343684, 13.890967739269797], [78.98377805281496, 13.892364189455805], [78.9894425082652, 13.91229884161828], [78.99869452753046, 13.910114585319889]]]}}, {"type": "Feature", "properties": {"ac_name": "Satyavedu_SC", "district_key": "Tirupati", "display": "Satyavedu (SC)"}, "geometry": {"type": "Polygon", "coordinates": [[[79.73880880038587, 13.858352731693287], [79.77243435815916, 13.852846490373281], [79.77611227506151, 13.865545507619117], [79.78272140986525, 13.865803971875835], [79.78721177250537, 13.872923500719025], [79.78586079743792, 13.905492240874253], [79.7952694453287, 13.920362435578], [79.80925264859093, 13.925797350767198], [79.81329871376471, 13.910546888528131], [79.82772370628408, 13.894671741907416], [79.82810772309301, 13.884693681967917], [79.83344676605549, 13.883331424006087], [79.83519038962481, 13.86251470419029], [79.84207783492423, 13.855907090140136], [79.84912847120205, 13.855390557328406], [79.85470848750674, 13.867697128419763], [79.86086316880028, 13.870151628295048], [79.87871962261255, 13.856641798480268], [79.88142631127528, 13.84168158973364], [79.87256101847629, 13.792079449906737], [79.87499001088037, 13.782741539090807], [79.86450437447735, 13.771885431467524], [79.85067227620465, 13.769687271650298], [79.85062087725174, 13.758551286013073], [79.86090420216726, 13.755392463191697], [79.85774338105227, 13.740555218748398], [79.86668080307663, 13.735777592861666], [79.86264700015897, 13.719157460448514], [79.86999493252017, 13.706910991948746], [79.88142991036216, 13.705390502769546], [79.88550646704988, 13.70082539297755], [79.95738806770521, 13.708206566080207], [79.95724348819647, 13.700350970920624], [79.97274634876504, 13.688068066388212], [79.95743093209188, 13.666973280692389], [79.96466669291362, 13.650723114979826], [79.9760133231564, 13.642740519359506], [79.99176365197104, 13.646895658807637], [80.00007522858897, 13.643341052447681], [80.00441486665284, 13.617246418387538], [80.0115403139344, 13.605264645546981], [80.01691804663062, 13.603633190819153], [80.01697924189853, 13.59502883631177], [80.02356260393111, 13.592965851792655], [80.02207748238993, 13.576487660277337], [80.04738479327364, 13.57305597685189], [80.0512931704435, 13.55831902570253], [80.03937859854352, 13.555609311720389], [80.03795544658664, 13.538989991395056], [80.0284072724777, 13.538843617738792], [80.02391901515051, 13.546035354947719], [80.01686407201936, 13.54719917570145], [80.00048086509992, 13.542190946554967], [79.99407179257923, 13.545479545144929], [80.00048947970578, 13.52569719047301], [80.0176227706744, 13.529578312788942], [80.01948932707086, 13.519271704425648], [80.02715478756346, 13.51372289009936], [80.03548830314276, 13.518327766113543], [80.04839042507814, 13.512268764591852], [80.04629087592326, 13.495104016237406], [80.0155857594753, 13.499862566604236], [80.01242240047344, 13.485834812726466], [80.01156901939481, 13.496814114879555], [80.00498041881133, 13.495139124870775], [79.9891849934927, 13.485469967664926], [79.98230261227582, 13.470677041812053], [79.97244066290631, 13.468953591834861], [79.97322885752584, 13.429356300952577], [79.95783611534449, 13.422082747021193], [79.95491021063776, 13.425355416819059], [79.93975973682245, 13.424280039891983], [79.94165980825363, 13.416681376544318], [79.93446952434914, 13.416372012458453], [79.94577984896091, 13.407326070142062], [79.94159011529166, 13.40017111970144], [79.9441061584725, 13.396653974601293], [79.96318486109254, 13.39343694855637], [79.95792674542304, 13.378816071104836], [79.94604261377566, 13.380895316265878], [79.94913603609922, 13.376972885390387], [79.94574684833844, 13.364222713807237], [79.93511830696434, 13.353396500548115], [79.93129358293254, 13.351528377532645], [79.92864133562921, 13.356364192253693], [79.9152248023828, 13.360457353124389], [79.91449511855495, 13.348165990468146], [79.89313356336334, 13.335459795733016], [79.88230959661064, 13.334158556772024], [79.88290138559051, 13.323343496005577], [79.86824409189137, 13.332142185013879], [79.8623270168784, 13.317165001563637], [79.85540414728365, 13.320686726910992], [79.84713005620716, 13.31601136653137], [79.80916801159452, 13.317326800391584], [79.79846251972958, 13.29879830210001], [79.79154910200953, 13.294019606020072], [79.78463578591283, 13.29747891302145], [79.78100171905413, 13.306347992865653], [79.77633355235162, 13.306196550630375], [79.7619298602749, 13.31837369129289], [79.74421432033466, 13.331176729522497], [79.73403229955102, 13.350632366790364], [79.71917389585866, 13.356970302937157], [79.71707208311022, 13.404254000421815], [79.70023748577142, 13.419211462638941], [79.7007895310121, 13.441663911660271], [79.69373791087594, 13.444639985047331], [79.68471219161438, 13.444943893845675], [79.67371098557356, 13.43753885453458], [79.66919473774703, 13.414641482118782], [79.66287978647301, 13.407051416289903], [79.6438899422671, 13.401662680388426], [79.63121926895417, 13.407396031101996], [79.5844055086074, 13.400893560389534], [79.57668913569512, 13.396534952925776], [79.57034813645737, 13.455039910663402], [79.56293868147503, 13.469801603061569], [79.55127273704721, 13.47144233789362], [79.55568331453338, 13.480879374683468], [79.54127837419765, 13.51386350449718], [79.54149454153992, 13.526757887766337], [79.5561073196971, 13.57069298749144], [79.56703372282811, 13.570311090384564], [79.58664715064555, 13.579389160981066], [79.61973823683024, 13.60605014399897], [79.65160962918111, 13.613432854043026], [79.67212712116975, 13.645049530511471], [79.68642217064672, 13.691101050673012], [79.7123963225323, 13.69090796982698], [79.71459387081057, 13.67901033216117], [79.72128966788392, 13.674606269363892], [79.73188578240297, 13.67656696229551], [79.74988336682395, 13.689688106021322], [79.75478287512965, 13.688757242952477], [79.75779307509038, 13.676095857837595], [79.77151694894809, 13.676144425724715], [79.79325141612003, 13.691376769322517], [79.78103660825292, 13.707463432891188], [79.77301578604977, 13.751218298585684], [79.76555161361614, 13.750989243958486], [79.75406152352053, 13.726957682551074], [79.73575687368083, 13.738408977692188], [79.73828511976251, 13.748203739610972], [79.75002010694243, 13.756691662490255], [79.75138617802975, 13.762457592044314], [79.74761435032207, 13.768658492195698], [79.73703308450928, 13.767469199044342], [79.7317001335544, 13.771491652517796], [79.73497838274625, 13.789916228750997], [79.72857720987042, 13.825701926602676], [79.73362509911908, 13.86163758730487], [79.73880880038587, 13.858352731693287]]]}}, {"type": "Feature", "properties": {"ac_name": "Tirupati", "district_key": "Tirupati", "display": "Tirupati"}, "geometry": {"type": "Polygon", "coordinates": [[[79.25877323819446, 13.760891401117306], [79.29334376670153, 13.759798814763542], [79.30579032086666, 13.724193779919062], [79.37214062598918, 13.75535978632513], [79.39774312944195, 13.761731664684646], [79.39472252972104, 13.740077987209418], [79.4109506872245, 13.706432812524326], [79.4219533330799, 13.663590300052363], [79.43286295306291, 13.641189785979861], [79.452538050091, 13.634536347874189], [79.45808989243466, 13.62887256062021], [79.45912531068461, 13.618883716010714], [79.43477529124675, 13.620393637256598], [79.42575096143776, 13.606304854485472], [79.40057060874665, 13.595557794156946], [79.37324911325601, 13.599906842726682], [79.35387827486255, 13.609240052786276], [79.32613444694721, 13.60327773827703], [79.27348270516279, 13.604712719916165], [79.24921673186674, 13.641797736676267], [79.23945851749664, 13.696123100600687], [79.24210564316098, 13.718586299218373], [79.25877323819446, 13.760891401117306]]]}}, {"type": "Feature", "properties": {"ac_name": "Punganur", "district_key": "Annamayya", "display": "Punganur"}, "geometry": {"type": "Polygon", "coordinates": [[[79.07064892560749, 13.69582648800207], [79.06478388896534, 13.669942155006481], [79.0460680906699, 13.641577684262757], [79.04008476889703, 13.597664438063418], [79.15598564222364, 13.588410963695083], [79.15057698633893, 13.520904571089147], [79.13707684581982, 13.503308692242399], [79.12087961959884, 13.504628474324704], [79.09631869655067, 13.497459994483222], [79.08856356645549, 13.50070821800989], [79.08860665117606, 13.523632888447082], [79.05378148862485, 13.509030372453765], [79.04000229297151, 13.5114213019516], [79.02698978465088, 13.5006454165528], [79.02003348096042, 13.501747636444293], [79.0126326432819, 13.509669656429537], [79.00174102502837, 13.508617659177673], [78.98634685742161, 13.499179721267183], [78.97616464688099, 13.483949587303641], [78.96469084260838, 13.480974389856272], [78.94553648182324, 13.454156996748054], [78.91744220159637, 13.437230393367997], [78.92946293756455, 13.411278321637269], [78.92701369512599, 13.388108822464233], [78.91468138723627, 13.357822273878867], [78.88553783380405, 13.318842391862916], [78.87383788870767, 13.313715511561668], [78.82032635907427, 13.318983506283814], [78.79021677818184, 13.328091384909555], [78.76727491180782, 13.326795442955358], [78.7540599373163, 13.355617091255795], [78.72808815784225, 13.354653357066809], [78.69223950295077, 13.367060445383288], [78.68669038915021, 13.348290085219332], [78.6630603003926, 13.33886929468224], [78.67053136523037, 13.32400304800234], [78.6606551670024, 13.314344969544777], [78.642642688909, 13.329112996767435], [78.63044839098052, 13.32568275225725], [78.62176792235181, 13.328925540281489], [78.6122056028064, 13.347088416497286], [78.60710721392684, 13.347404574061898], [78.60109383411321, 13.32688678439763], [78.57434660701034, 13.29787101563494], [78.56511520020638, 13.311684012307353], [78.56139892542012, 13.289002648053838], [78.55406910360631, 13.283775312580644], [78.53820706190646, 13.288434734275597], [78.53592933906782, 13.273210985498622], [78.53082439323123, 13.266892929764936], [78.52103163500203, 13.273600245355112], [78.5193133300462, 13.282831499274323], [78.51286256495547, 13.28537673354947], [78.51370867681402, 13.290719988936416], [78.50396181008949, 13.292091356131209], [78.49876183199302, 13.300216010460588], [78.47913633617304, 13.301744889415147], [78.48352484249756, 13.31792591434953], [78.50106026621836, 13.319089240476103], [78.51152112809763, 13.33637667344476], [78.52383976449357, 13.338707170299699], [78.52602733569307, 13.343945354294704], [78.54259886514558, 13.340805127654562], [78.5512332749957, 13.34747629679373], [78.54994080532396, 13.363933555689073], [78.5388923920703, 13.375371436542594], [78.53568187621767, 13.38934212753719], [78.52777610608251, 13.393111058528575], [78.52424818800353, 13.41148220693833], [78.51324031798634, 13.4185165519973], [78.512804171975, 13.43443558553389], [78.49457657065227, 13.433722737914081], [78.48552722260331, 13.441041317303018], [78.50314901811277, 13.465177230644713], [78.54933868583174, 13.48144644040093], [78.57348982199773, 13.505094300661483], [78.59887014164377, 13.487390388955362], [78.60349239435857, 13.479616861429065], [78.61581556783426, 13.482576363008775], [78.6287217690944, 13.496965709999586], [78.63881706825316, 13.499088726063917], [78.65578813141718, 13.483948659203293], [78.65258587044161, 13.458032068425268], [78.66332407064942, 13.447558410092597], [78.66877516194421, 13.452302500260203], [78.67020182575374, 13.465079205441043], [78.67480248304821, 13.46712781699523], [78.67930761345565, 13.481806139541732], [78.73059651271893, 13.513507645461516], [78.73650528159351, 13.539804261857228], [78.73422226624467, 13.57075526914042], [78.78983424075767, 13.571057029458416], [78.79137740544297, 13.584646950196657], [78.786712063511, 13.603630642140445], [78.80675770280578, 13.604199189041367], [78.83115879384331, 13.644358810710571], [78.83728913498567, 13.64587187418772], [78.84198457452857, 13.659283786717424], [78.85684791100238, 13.650002814678203], [78.87866483071741, 13.62414807387455], [78.87945622602405, 13.617471772304498], [78.86521435615765, 13.596756114702998], [78.86565620926672, 13.5880868498283], [78.8740378691524, 13.579656236246365], [78.9009095525339, 13.567100683349906], [78.91857217726425, 13.573378428771548], [78.93944355967261, 13.573897449108017], [78.94694184069346, 13.581182453207703], [78.95891183421384, 13.610005032306447], [78.9665524869078, 13.616700658508648], [78.99317995039445, 13.617867221295285], [78.9905015031419, 13.644821394991425], [78.97101035254582, 13.655791583414896], [78.96843236496176, 13.666618611459796], [78.95993872329348, 13.674212755714166], [78.9617339382707, 13.693340697115502], [78.9680020321681, 13.704094350374021], [78.98850440925116, 13.706953613518522], [78.99757751738855, 13.69563084858487], [79.01492703145738, 13.693858617581213], [79.04159398327579, 13.70340001979514], [79.04766502222304, 13.713585859100192], [79.07308331124585, 13.707839613907083], [79.07064892560749, 13.69582648800207]]]}}, {"type": "Feature", "properties": {"ac_name": "Madanapalle", "district_key": "Annamayya", "display": "Madanapalle"}, "geometry": {"type": "Polygon", "coordinates": [[[78.57055764811702, 13.681223140135842], [78.5775777029487, 13.65296173619521], [78.60162042134544, 13.624962324551689], [78.60446617757208, 13.607615266531354], [78.60035420018625, 13.590544997353788], [78.61127499694362, 13.581383901346044], [78.64181861493716, 13.578042698711613], [78.6812651569615, 13.59567138842391], [78.69836205866216, 13.597784048794892], [78.71352845137699, 13.591205467558325], [78.73422226624467, 13.57075526914042], [78.73650528159351, 13.539804261857228], [78.73059651271893, 13.513507645461516], [78.67930761345565, 13.481806139541732], [78.67480248304821, 13.46712781699523], [78.67020182575374, 13.465079205441043], [78.66877516194421, 13.452302500260203], [78.66332407064942, 13.447558410092597], [78.65258587044161, 13.458032068425268], [78.65578813141718, 13.483948659203293], [78.63881706825316, 13.499088726063917], [78.6287217690944, 13.496965709999586], [78.61581556783426, 13.482576363008775], [78.60349239435857, 13.479616861429065], [78.59887014164377, 13.487390388955362], [78.57348982199773, 13.505094300661483], [78.54933868583174, 13.48144644040093], [78.50314901811277, 13.465177230644713], [78.48552722260331, 13.441041317303018], [78.49457657065227, 13.433722737914081], [78.512804171975, 13.43443558553389], [78.51324031798634, 13.4185165519973], [78.52424818800353, 13.41148220693833], [78.52777610608251, 13.393111058528575], [78.53568187621767, 13.38934212753719], [78.5388923920703, 13.375371436542594], [78.54994080532396, 13.363933555689073], [78.5512332749957, 13.34747629679373], [78.54259886514558, 13.340805127654562], [78.52602733569307, 13.343945354294704], [78.52383976449357, 13.338707170299699], [78.51152112809763, 13.33637667344476], [78.50106026621836, 13.319089240476103], [78.48352484249756, 13.31792591434953], [78.47688236712759, 13.322675197202614], [78.46664285808151, 13.315161517090417], [78.44379172790599, 13.308432901956905], [78.440366728242, 13.328469468890944], [78.42793080406341, 13.33133226727034], [78.42173737907683, 13.328307414655512], [78.4188549916646, 13.320616038399521], [78.40116629648747, 13.315533330998448], [78.38736194859513, 13.332125347007207], [78.37712525622567, 13.3320162655383], [78.37822799412669, 13.33722826037598], [78.38300477914731, 13.343628823511438], [78.38766468917413, 13.34284034560551], [78.38484520664105, 13.334928471771605], [78.40346875697759, 13.336105006241098], [78.40837919294546, 13.345728110963591], [78.3931831882536, 13.350780397897097], [78.39483379044714, 13.35437067766469], [78.37761111136376, 13.363188300999354], [78.36964883142849, 13.358300491074829], [78.36505235418286, 13.361841050923829], [78.37895240073277, 13.383886586396898], [78.38165172304866, 13.397022684948979], [78.37558196923254, 13.437418723095618], [78.37895476145314, 13.440114730510459], [78.37080682817265, 13.469570266854362], [78.3787710533415, 13.482086189326253], [78.37441131453062, 13.509081534884956], [78.38414749011463, 13.517241993023617], [78.38235579058733, 13.525100153049664], [78.39401054295223, 13.540798118838154], [78.39384772159514, 13.55233725346153], [78.40144695871021, 13.567463448279568], [78.42277344214068, 13.575511496558363], [78.43437670651986, 13.58569905986377], [78.46812702364326, 13.585331087859458], [78.49888545100282, 13.579212441501], [78.52233049165892, 13.623009859517424], [78.53878288971862, 13.62978153239186], [78.52557652173914, 13.654665937083394], [78.5306847024371, 13.6590751700831], [78.55075788886552, 13.657004837203544], [78.56029736653028, 13.676612689224271], [78.57055764811702, 13.681223140135842]]]}}, {"type": "Feature", "properties": {"ac_name": "Nagari", "district_key": "Chittoor", "display": "Nagari"}, "geometry": {"type": "Polygon", "coordinates": [[[79.45149434458841, 13.56556510174812], [79.47831576665936, 13.572315454394754], [79.498732074126, 13.554299784607451], [79.51821002986907, 13.566542695389103], [79.52329302055654, 13.588862035754403], [79.53500697349307, 13.593345423252742], [79.54948487672573, 13.583924613829936], [79.5561073196971, 13.57069298749144], [79.54149454153992, 13.526757887766337], [79.54127837419765, 13.51386350449718], [79.55568331453338, 13.480879374683468], [79.55127273704721, 13.47144233789362], [79.56293868147503, 13.469801603061569], [79.57034813645737, 13.455039910663402], [79.57668913569512, 13.396534952925776], [79.5844055086074, 13.400893560389534], [79.63121926895417, 13.407396031101996], [79.6438899422671, 13.401662680388426], [79.66287978647301, 13.407051416289903], [79.66919473774703, 13.414641482118782], [79.67371098557356, 13.43753885453458], [79.68471219161438, 13.444943893845675], [79.69373791087594, 13.444639985047331], [79.7007895310121, 13.441663911660271], [79.70023748577142, 13.419211462638941], [79.71707208311022, 13.404254000421815], [79.71917389585866, 13.356970302937157], [79.73403229955102, 13.350632366790364], [79.74421432033466, 13.331176729522497], [79.7619298602749, 13.31837369129289], [79.75631781191754, 13.295198551571957], [79.74419749222056, 13.288610653359001], [79.73401056833313, 13.289038481540729], [79.73061577329935, 13.282891590174813], [79.76116647165537, 13.258319841087825], [79.79469786231653, 13.242131610785236], [79.79445860937739, 13.226347703084059], [79.78474591149467, 13.22793037498684], [79.7779193170229, 13.22361098875615], [79.77544076208159, 13.2153317121888], [79.77385853714185, 13.219237913898667], [79.76421730478484, 13.219135825557942], [79.75980610047122, 13.207465459163643], [79.75161144111519, 13.206758657685953], [79.74943319498601, 13.219743325693969], [79.73761043217576, 13.236271162484229], [79.73212119253907, 13.23676126781828], [79.73194080202643, 13.22261634756643], [79.72175954116994, 13.223693458386435], [79.71287977648058, 13.217461431799677], [79.70139190231447, 13.225152177630946], [79.70664712756292, 13.234690648054993], [79.71367357657437, 13.23599207317568], [79.70775992977701, 13.250543577823919], [79.70000928460087, 13.25226865107743], [79.69339395077026, 13.242725729009237], [79.69644093480133, 13.238234098325051], [79.6896650009391, 13.23771977964418], [79.68405564065534, 13.243285873544266], [79.67825892910633, 13.261681323434402], [79.68767452515925, 13.26673193942753], [79.69109205775231, 13.261012274596851], [79.69571509557528, 13.267305173594934], [79.68876048980479, 13.27095154767585], [79.69363365606841, 13.273504222941597], [79.69386206228438, 13.279840140110423], [79.68122377086041, 13.288017725837449], [79.68288987826531, 13.295578167098768], [79.67825160412826, 13.29745672404863], [79.67424715508218, 13.281971419145748], [79.6653530722865, 13.27874322172238], [79.66384040630976, 13.28979274024283], [79.65779921226391, 13.28387749085357], [79.65176028720754, 13.291863138772896], [79.64244527403025, 13.290175411665984], [79.64123425056027, 13.275614449747081], [79.63843377160134, 13.28751605432251], [79.63322540642741, 13.28241338017341], [79.63160498188444, 13.269730048003339], [79.6140823977845, 13.282725764182715], [79.60605227749068, 13.279579584929934], [79.608651491773, 13.287523398186352], [79.59555474485563, 13.284693310847672], [79.5931487085461, 13.264724857666124], [79.5825324087437, 13.257374033085227], [79.57391508960973, 13.259069870278324], [79.55837383338576, 13.272747865221845], [79.5351257172781, 13.274992130582405], [79.53493692709759, 13.28465466697935], [79.5411960835325, 13.292462047685376], [79.53482873505811, 13.30139609365483], [79.54406905324424, 13.316811678616148], [79.53931988370573, 13.321903327976258], [79.53931043183104, 13.33463110644044], [79.52590227666877, 13.34440854381927], [79.5110524884816, 13.341993452236068], [79.51005212580503, 13.334196553128493], [79.49745643076972, 13.332501314883814], [79.49988399774833, 13.348225224314717], [79.4826240462628, 13.340769898512065], [79.49709911573166, 13.352772182190506], [79.48870778093942, 13.360611051758667], [79.48803397019162, 13.379626889969074], [79.47344523181204, 13.376372448529708], [79.46887713986814, 13.381497695662176], [79.46374624229531, 13.400465644074245], [79.47170371895152, 13.414169963073391], [79.46558279281169, 13.42407793524859], [79.4710440113721, 13.43006731125746], [79.48367277357971, 13.42509264750771], [79.49053477615905, 13.432105575212177], [79.48847524683521, 13.446505721262099], [79.4784687575272, 13.458472904401049], [79.47973196325955, 13.463631616206158], [79.50764270085, 13.467534710758343], [79.51063942357058, 13.473175632749303], [79.48479288818129, 13.48025503204417], [79.4794284294785, 13.491770621516991], [79.458756698363, 13.479813395671727], [79.42512126423503, 13.484700371025326], [79.42529260127259, 13.491344957104161], [79.4381258414345, 13.508867751645482], [79.4361630458879, 13.530860273882581], [79.42277832525957, 13.537409908640427], [79.42570317865881, 13.551948408192516], [79.43380339571019, 13.556642581489996], [79.45289766919211, 13.557622468402258], [79.45149434458841, 13.56556510174812]]]}}, {"type": "Feature", "properties": {"ac_name": "Puthalapattu_SC", "district_key": "Chittoor", "display": "Puthalapattu (SC)"}, "geometry": {"type": "Polygon", "coordinates": [[[79.13946773304951, 13.39357366079588], [79.12988118307021, 13.364984738155215], [79.13169219284049, 13.343022802760174], [79.10745485126046, 13.328837111743383], [79.09328412676109, 13.313857894026626], [79.09332938334444, 13.307535592593581], [79.11038182885835, 13.28965149721887], [79.10408697743213, 13.263363339846308], [79.062851434746, 13.270291461481804], [79.05960925106615, 13.237114396512254], [79.04053248468648, 13.22921607546158], [79.03209913806484, 13.218926511949007], [79.02933134946227, 13.203754757476133], [79.04863681343824, 13.205198118998055], [79.04818042998289, 13.18880161560213], [79.06616170699726, 13.18533429474195], [79.07064577887962, 13.180441671645895], [79.0703389742643, 13.168698166986871], [79.06159836707104, 13.150707336474454], [79.05353196902519, 13.144010285746162], [79.06054678980257, 13.136857746387932], [79.05815805554988, 13.119612077935074], [79.020947157985, 13.087873156620958], [79.0063454378917, 13.082469193398595], [78.98248937108764, 13.086440805498796], [78.9722740340195, 13.083842105628719], [78.97025095062094, 13.074747036946235], [78.96210660743407, 13.078767135994553], [78.95541953018721, 13.075876095305603], [78.94916796672834, 13.084029268935637], [78.94145106141741, 13.078555280002206], [78.92391409895657, 13.080849882216341], [78.92171108369962, 13.06613485833708], [78.91256659367343, 13.0659702913959], [78.9036433224814, 13.047748077012216], [78.91748268547764, 13.043661542346342], [78.92913526058385, 13.045799821704463], [78.94075349417847, 13.036468760125217], [78.93703067772367, 13.03046551207376], [78.92909755290981, 13.036535895415284], [78.89161062912729, 13.033103726355932], [78.88892117507226, 13.073401459609727], [78.89564425128123, 13.095234123755858], [78.87506479150699, 13.096855817242215], [78.86976891060681, 13.089559537442767], [78.87094121376606, 13.081925245653622], [78.861083747517, 13.083705521092952], [78.84200740651664, 13.078654625410707], [78.81366516431592, 13.089050785565348], [78.8024231540054, 13.108906250623022], [78.80372409978742, 13.153288361968407], [78.79388573513864, 13.171703646406229], [78.79371738924618, 13.191394639850785], [78.81089402573878, 13.1941535242658], [78.82651623983264, 13.20566248573516], [78.85302097283966, 13.214794057899496], [78.85997268998773, 13.22435497000589], [78.83061639383158, 13.230988673388595], [78.82268081476786, 13.253237812674968], [78.80248562631067, 13.266015131193399], [78.80335374637838, 13.278125844332294], [78.8194501747858, 13.29153563356266], [78.82032635907427, 13.318983506283814], [78.87383788870767, 13.313715511561668], [78.88553783380405, 13.318842391862916], [78.91468138723627, 13.357822273878867], [78.92701369512599, 13.388108822464233], [78.92946293756455, 13.411278321637269], [78.91744220159637, 13.437230393367997], [78.94553648182324, 13.454156996748054], [78.96469084260838, 13.480974389856272], [78.97616464688099, 13.483949587303641], [78.99465398599273, 13.469288275433598], [79.03185665476087, 13.454780210738193], [79.0373691715501, 13.427173765956582], [79.06162978938335, 13.439016668184763], [79.06573923787556, 13.432745417666922], [79.07316091734253, 13.430922988305326], [79.07587993031461, 13.415040092226548], [79.09501227119944, 13.411666644400157], [79.10604744823121, 13.404490550898231], [79.12057529801166, 13.405987045265988], [79.12396047569547, 13.400179802655828], [79.13946773304951, 13.39357366079588]]]}}, {"type": "Feature", "properties": {"ac_name": "Gangadhara_Nellore_SC", "district_key": "Chittoor", "display": "Gangadhara Nellore (SC)"}, "geometry": {"type": "Polygon", "coordinates": [[[79.42512126423503, 13.484700371025326], [79.458756698363, 13.479813395671727], [79.4794284294785, 13.491770621516991], [79.48479288818129, 13.48025503204417], [79.51063942357058, 13.473175632749303], [79.50764270085, 13.467534710758343], [79.47973196325955, 13.463631616206158], [79.4784687575272, 13.458472904401049], [79.48847524683521, 13.446505721262099], [79.49053477615905, 13.432105575212177], [79.48367277357971, 13.42509264750771], [79.4710440113721, 13.43006731125746], [79.46558279281169, 13.42407793524859], [79.47170371895152, 13.414169963073391], [79.46374624229531, 13.400465644074245], [79.46887713986814, 13.381497695662176], [79.47344523181204, 13.376372448529708], [79.48803397019162, 13.379626889969074], [79.48870778093942, 13.360611051758667], [79.49709911573166, 13.352772182190506], [79.4826240462628, 13.340769898512065], [79.45621567021709, 13.338592825998148], [79.43538822598589, 13.351734705392403], [79.43163047266825, 13.336739254912743], [79.42094655913644, 13.336313445708981], [79.41467802996715, 13.33005995500298], [79.40532163268728, 13.335066835166344], [79.39831774856532, 13.330231747996834], [79.40198162165456, 13.317379629266554], [79.38776852020112, 13.318077367376645], [79.38284252506253, 13.312110074220584], [79.38184896126063, 13.30751861429269], [79.3886168713716, 13.30981392787055], [79.38979704719605, 13.297459404028302], [79.41375930594728, 13.3001779232726], [79.41871685020254, 13.297022953146836], [79.41879795376263, 13.28978061738161], [79.43050436138725, 13.300273078739622], [79.44538951991046, 13.301279390431546], [79.44627477835837, 13.291642338123438], [79.43468747244896, 13.289093990395372], [79.43370106275393, 13.275015359171562], [79.41755190889353, 13.271798456333727], [79.40838557433483, 13.265298912914545], [79.41613705408184, 13.260442029775902], [79.41682431598946, 13.25171705639707], [79.42261835205534, 13.250739112919803], [79.41647528910335, 13.246514044887306], [79.4184266164952, 13.24291132479783], [79.43796932432491, 13.243183956974065], [79.43080199921297, 13.23657360988426], [79.43980961602102, 13.236244934656042], [79.43048271380627, 13.229809201733303], [79.43943779671702, 13.230667992234089], [79.44180701837928, 13.238662952633206], [79.45282925416683, 13.2385834147928], [79.4532394538378, 13.2167924378208], [79.43760159513755, 13.219762262718291], [79.43562655082474, 13.213856806046806], [79.44370992267483, 13.207663986303999], [79.43240594367944, 13.196356896553596], [79.43895640221626, 13.187875269827884], [79.41032921522117, 13.190762648477516], [79.41043681190939, 13.194517323415766], [79.39907013937551, 13.188210046956158], [79.39177876627713, 13.192024303778624], [79.37416719426068, 13.1893678926142], [79.38877701364834, 13.179652705408103], [79.37276113481857, 13.178694758356471], [79.37032782387001, 13.174571467499277], [79.38067637661356, 13.170746312692245], [79.38022563550476, 13.163068959564896], [79.35683789065621, 13.165059955152856], [79.3611137730822, 13.13867094600738], [79.36564812785889, 13.134080168664923], [79.35748993781044, 13.121938195091673], [79.3453057437651, 13.12162749731118], [79.34478696174892, 13.137190026098892], [79.34094935582817, 13.136943507536898], [79.33982972686044, 13.13051830477599], [79.32895550239459, 13.13078767690979], [79.31856767176072, 13.122787770239427], [79.32426141812999, 13.118636898074442], [79.3116400888191, 13.115869044720682], [79.31899430564278, 13.113669060179006], [79.31041341984348, 13.112171224922122], [79.30716935208397, 13.105936328598716], [79.2944775491996, 13.109789395664109], [79.30206171997247, 13.113735968839933], [79.2994098081162, 13.118829856612649], [79.31305224566466, 13.125714169573314], [79.28377982298048, 13.122894169030701], [79.28119102374683, 13.153672312227457], [79.27525130380468, 13.156325650408462], [79.26309185640412, 13.148785810816548], [79.26132299695882, 13.159771347070034], [79.25494371448087, 13.160723359495478], [79.25461672997818, 13.147001110712722], [79.24524545341501, 13.138301347129527], [79.24015572230877, 13.144390930097416], [79.24493101355552, 13.148847593341827], [79.24205332060433, 13.14965656140123], [79.24266196018135, 13.171032146016785], [79.2338684197918, 13.17002608793365], [79.22558151517484, 13.158885191098761], [79.22729364448617, 13.15564266207923], [79.21441659654874, 13.156533022381154], [79.20233731561467, 13.17240140789869], [79.21374920156444, 13.186970112980362], [79.20670626528198, 13.198986797502755], [79.19828405226724, 13.200627380349374], [79.18972378882188, 13.194500676065388], [79.17260227897208, 13.211078709414949], [79.16147476764644, 13.206291814215888], [79.14700982094655, 13.211254911784806], [79.12247798557064, 13.204862659284345], [79.12291514152065, 13.25850121455943], [79.10408697743213, 13.263363339846308], [79.11038182885835, 13.28965149721887], [79.09332938334444, 13.307535592593581], [79.09328412676109, 13.313857894026626], [79.10745485126046, 13.328837111743383], [79.13169219284049, 13.343022802760174], [79.12988118307021, 13.364984738155215], [79.13946773304951, 13.39357366079588], [79.15803335535514, 13.39859690232521], [79.17612682998924, 13.39462339175617], [79.18220479011904, 13.399969063621427], [79.18353980671674, 13.411023093141296], [79.21731786972396, 13.40479671969291], [79.2332718158417, 13.410403626626135], [79.22638654060643, 13.419577319437792], [79.2012179609402, 13.424932180575695], [79.19718458969709, 13.43114049024149], [79.22654090653765, 13.434530995509078], [79.23908626292075, 13.458094656743071], [79.28148976773866, 13.469232364582012], [79.35947547811088, 13.479339581556474], [79.36944222637771, 13.460308229141503], [79.41735870753837, 13.477435756355135], [79.42512126423503, 13.484700371025326]]]}}, {"type": "Feature", "properties": {"ac_name": "Palamaner", "district_key": "Chittoor", "display": "Palamaner"}, "geometry": {"type": "Polygon", "coordinates": [[[78.72808815784225, 13.354653357066809], [78.7540599373163, 13.355617091255795], [78.76727491180782, 13.326795442955358], [78.79021677818184, 13.328091384909555], [78.82032635907427, 13.318983506283814], [78.8194501747858, 13.29153563356266], [78.80335374637838, 13.278125844332294], [78.80248562631067, 13.266015131193399], [78.82268081476786, 13.253237812674968], [78.83061639383158, 13.230988673388595], [78.85997268998773, 13.22435497000589], [78.85302097283966, 13.214794057899496], [78.82651623983264, 13.20566248573516], [78.81089402573878, 13.1941535242658], [78.79371738924618, 13.191394639850785], [78.79388573513864, 13.171703646406229], [78.80372409978742, 13.153288361968407], [78.8024231540054, 13.108906250623022], [78.81366516431592, 13.089050785565348], [78.79759667244855, 13.074887877973254], [78.79434813236048, 13.066685902632344], [78.75175519524612, 13.054983897189175], [78.74054056659395, 13.064113791218517], [78.71326465683848, 13.069145168015154], [78.70462940522293, 13.016361311325511], [78.65618524685169, 13.031239132280177], [78.65540771729235, 13.015992130632355], [78.62087322192173, 12.99128983235994], [78.6471325955929, 12.966306306191143], [78.63803386127375, 12.96481431293023], [78.65699104749888, 12.932165466563106], [78.65223897584809, 12.929160386442732], [78.63355546950936, 12.930889964400365], [78.61201299680243, 12.942218884294107], [78.60558227760009, 12.938277137779721], [78.6038677542935, 12.922296675151472], [78.59117128752496, 12.921164914329381], [78.53905219170537, 12.930458301509475], [78.51875752474001, 12.938848988789857], [78.49293591226262, 12.93535092370621], [78.4749448254434, 12.943147779646381], [78.4620808644404, 12.938100705183444], [78.44337577347324, 12.92154083364261], [78.43794240331931, 12.929037716217692], [78.42810781852108, 12.93211907593468], [78.41875284756594, 12.92175496042313], [78.41108174382748, 12.945508262596263], [78.42030607566494, 12.947769431614006], [78.41918814551656, 12.958706632904807], [78.42907358517789, 12.95749021530122], [78.43788560213886, 12.964010271356983], [78.43262732549073, 12.967825072269306], [78.43523958893593, 12.981067919448947], [78.46736259091091, 12.975047533916609], [78.47470693497712, 12.991466496081955], [78.46293035145459, 13.005818593153606], [78.46044957608711, 13.026299127502796], [78.4615033405068, 13.043722347308517], [78.47432107186006, 13.044044375647445], [78.47824522493721, 13.05520408090365], [78.48764560176318, 13.052824089859882], [78.49768438302789, 13.062148917338732], [78.5156889201076, 13.062709120329714], [78.5151480588359, 13.071829148796212], [78.50879169198305, 13.079067573409816], [78.51007869737407, 13.092413761685805], [78.5163653469832, 13.0968903961749], [78.52383317695961, 13.094807350478902], [78.52469728515166, 13.10119318901451], [78.5377991483121, 13.10583369886615], [78.51940161199485, 13.119906828937076], [78.51801999792463, 13.131068447051234], [78.52427975150937, 13.13100141698186], [78.53145125667021, 13.141793652954789], [78.54574493737903, 13.142294323524254], [78.54760718512352, 13.148938273782335], [78.54086070315896, 13.154376257458352], [78.5506083864679, 13.164455435370087], [78.56853182718214, 13.162120617272706], [78.57283633682755, 13.168461559853142], [78.58007603218317, 13.167259980163976], [78.57605143292733, 13.186999798701777], [78.56761537934636, 13.193029311453586], [78.55018765033986, 13.190219369828128], [78.55038465942454, 13.200239961405146], [78.56702282144613, 13.201002038813101], [78.57128307905094, 13.211963948977086], [78.57931780747089, 13.212649372670455], [78.57739880621, 13.218408940420318], [78.56638923107823, 13.222520745136308], [78.57105089298437, 13.246910444461491], [78.58494120886974, 13.261488583431458], [78.58785418042612, 13.271350267500907], [78.58714219435683, 13.280772619261029], [78.57862153345707, 13.280906640728915], [78.57624220521365, 13.285176513885062], [78.57434660701034, 13.29787101563494], [78.60109383411321, 13.32688678439763], [78.60710721392684, 13.347404574061898], [78.6122056028064, 13.347088416497286], [78.62176792235181, 13.328925540281489], [78.63044839098052, 13.32568275225725], [78.642642688909, 13.329112996767435], [78.6606551670024, 13.314344969544777], [78.67053136523037, 13.32400304800234], [78.6630603003926, 13.33886929468224], [78.68669038915021, 13.348290085219332], [78.69223950295077, 13.367060445383288], [78.72808815784225, 13.354653357066809]]]}}, {"type": "Feature", "properties": {"ac_name": "Chittoor", "district_key": "Chittoor", "display": "Chittoor"}, "geometry": {"type": "Polygon", "coordinates": [[[79.10408697743213, 13.263363339846308], [79.12291514152065, 13.25850121455943], [79.12247798557064, 13.204862659284345], [79.14700982094655, 13.211254911784806], [79.16147476764644, 13.206291814215888], [79.17260227897208, 13.211078709414949], [79.18972378882188, 13.194500676065388], [79.19828405226724, 13.200627380349374], [79.20670626528198, 13.198986797502755], [79.21374920156444, 13.186970112980362], [79.20233731561467, 13.17240140789869], [79.21441659654874, 13.156533022381154], [79.20999879750656, 13.148489520175247], [79.23284441393861, 13.139400601956254], [79.23035014244516, 13.12640186045752], [79.23838152988378, 13.118576801778033], [79.23424081735988, 13.114689716956946], [79.2343963002491, 13.105253606468807], [79.20083290001838, 13.088866232090993], [79.19825975348488, 13.081374043077687], [79.19306549327797, 13.082317814115868], [79.19065410510291, 13.088762641882454], [79.18762498700363, 13.083494380061666], [79.18062485215523, 13.08427664814883], [79.18529486516593, 13.079703982253022], [79.18397635022842, 13.072760587431219], [79.1907682065875, 13.073386151349837], [79.19208759476675, 13.0674638081083], [79.18728547494476, 13.060689218732534], [79.18025670838045, 13.064457856544891], [79.17837513330579, 13.059824879414691], [79.19206867482956, 13.05618005036905], [79.17947568315628, 13.054289232062445], [79.18149095954021, 13.047671076159304], [79.19296414957591, 13.04672729253059], [79.18479953027418, 13.029886502460158], [79.18216933614599, 13.031911361120478], [79.15998188405678, 13.020297433479811], [79.13730784388196, 13.034849850040587], [79.11444944088902, 13.039310776071488], [79.10743630274322, 13.03831599278891], [79.0982788507884, 13.026104912611686], [79.08493862501757, 13.02735867726119], [79.08087753397109, 13.025771498855647], [79.06312625407344, 13.040325437069328], [79.06336644230754, 13.053145371761559], [79.03865533967223, 13.061172205932621], [79.03691855814498, 13.070631071966432], [79.00947207487638, 13.077263017174573], [79.0063454378917, 13.082469193398595], [79.020947157985, 13.087873156620958], [79.05815805554988, 13.119612077935074], [79.06054678980257, 13.136857746387932], [79.05353196902519, 13.144010285746162], [79.06159836707104, 13.150707336474454], [79.0703389742643, 13.168698166986871], [79.07064577887962, 13.180441671645895], [79.06616170699726, 13.18533429474195], [79.04818042998289, 13.18880161560213], [79.04863681343824, 13.205198118998055], [79.02933134946227, 13.203754757476133], [79.03209913806484, 13.218926511949007], [79.04053248468648, 13.22921607546158], [79.05960925106615, 13.237114396512254], [79.062851434746, 13.270291461481804], [79.10408697743213, 13.263363339846308]]]}}, {"type": "Feature", "properties": {"ac_name": "Kuppam", "district_key": "Chittoor", "display": "Kuppam"}, "geometry": {"type": "Polygon", "coordinates": [[[78.44337577347324, 12.92154083364261], [78.4620808644404, 12.938100705183444], [78.4749448254434, 12.943147779646381], [78.49293591226262, 12.93535092370621], [78.51875752474001, 12.938848988789857], [78.53905219170537, 12.930458301509475], [78.59117128752496, 12.921164914329381], [78.6038677542935, 12.922296675151472], [78.60558227760009, 12.938277137779721], [78.61201299680243, 12.942218884294107], [78.63355546950936, 12.930889964400365], [78.61666376162339, 12.888644650330377], [78.61306841957196, 12.868003952120716], [78.60153398750356, 12.850869254612462], [78.6032875422863, 12.842824113841857], [78.60772959694339, 12.821973440122235], [78.60035818508226, 12.81849149718488], [78.60113219019848, 12.803753879637895], [78.59303329515052, 12.798306122129873], [78.59248634996516, 12.782749527968406], [78.5760148314194, 12.771981423503917], [78.57652684154056, 12.767456894719942], [78.56835193489394, 12.767007022356267], [78.56554774803021, 12.75943575775409], [78.56149740028485, 12.761528981077674], [78.55559435469576, 12.755861990438575], [78.55831002129048, 12.750017253293663], [78.56282047568448, 12.752167384817028], [78.55528607429295, 12.73932203258579], [78.56341230243589, 12.735357369546989], [78.55427582536907, 12.71840199145879], [78.56155280661682, 12.70985086962196], [78.55484536781955, 12.70756563024969], [78.55499888838807, 12.699367564261706], [78.54172844011549, 12.691105658998993], [78.534702661099, 12.691413383620784], [78.52925650708221, 12.70915667214274], [78.54424672080955, 12.71097894861964], [78.53694216005272, 12.71336143798004], [78.53749094615029, 12.717029487520904], [78.52504133968614, 12.715460357609459], [78.52699528140715, 12.721525568050595], [78.52268069575757, 12.719253673718129], [78.52089306836046, 12.736174037601813], [78.51804857118469, 12.724885509858439], [78.5138907301731, 12.725310526759472], [78.51379831224239, 12.734507405892145], [78.50711129974673, 12.73714343392237], [78.50524045358412, 12.742999671597602], [78.49313676774767, 12.747204525568463], [78.48906260235725, 12.742034450829294], [78.4926600668087, 12.735692360713927], [78.50157680802334, 12.73120188655787], [78.50594132493228, 12.722560576209673], [78.52021091280346, 12.7187243336611], [78.5199824256485, 12.712052799397213], [78.51175166570687, 12.707738856762887], [78.50304131080793, 12.716807934138899], [78.50190470443863, 12.704483408082865], [78.49627666793396, 12.702977357519103], [78.5039582190966, 12.698678783399203], [78.50287963069047, 12.691945060116495], [78.50741046192331, 12.691446946319559], [78.50332764865215, 12.689944915725334], [78.50383150821762, 12.681952644299145], [78.49876782057851, 12.67511638751131], [78.48447666156875, 12.671703945980369], [78.4678703301517, 12.675939881420447], [78.47048543635384, 12.650605638539446], [78.474244453219, 12.647401437726216], [78.47053638744438, 12.644636705019991], [78.47169389495735, 12.632080568463493], [78.46489191942658, 12.624053545434833], [78.45843069252248, 12.629688602047395], [78.43479465474957, 12.629595885541733], [78.42703486526688, 12.635290104954436], [78.41257438100291, 12.62690429559683], [78.37138638007741, 12.6271547504914], [78.34355822273386, 12.64878571378972], [78.33217705942383, 12.649308204610008], [78.31833744191948, 12.661968979984465], [78.30257493808296, 12.666315987992505], [78.27106276463496, 12.705097964299682], [78.2445426109528, 12.706378785052948], [78.2392718993787, 12.701059843736857], [78.23769238769358, 12.68581012433782], [78.21057282687451, 12.686127671354996], [78.2098470074335, 12.690458838704501], [78.19975298801006, 12.69283068638714], [78.20992049283655, 12.7005575355019], [78.20716043570559, 12.708226470075601], [78.21805361428295, 12.708856885836667], [78.22710131837118, 12.714881367780947], [78.23115243413758, 12.712608911372229], [78.24081259452566, 12.729577781089802], [78.23069634835787, 12.760882326258411], [78.23896227628808, 12.768417238464849], [78.24555345163054, 12.787989863141718], [78.25341367919799, 12.861981905540574], [78.26478329611228, 12.861740692978628], [78.26837603552565, 12.867736322873043], [78.28207473106403, 12.859360327816944], [78.31242185078781, 12.8585611542739], [78.31366144302126, 12.87626328172513], [78.33099067198197, 12.875618554152993], [78.33704839107043, 12.882401135803832], [78.33448447517844, 12.889248889524708], [78.32915354140289, 12.884631713482861], [78.32029846130501, 12.887299054108098], [78.32349668162664, 12.901820194046763], [78.33969716249413, 12.903222379209467], [78.34416285852916, 12.907961128303498], [78.341927750965, 12.911930403965016], [78.34656037376232, 12.914079063298175], [78.34900063826888, 12.92902523272835], [78.35379482696976, 12.930281332917218], [78.34965634026793, 12.93574444455055], [78.35582392593346, 12.940772199777257], [78.38864437104093, 12.906890136470679], [78.39608349645624, 12.907011459511295], [78.39860895104232, 12.91733901668232], [78.41215350278196, 12.903261159774729], [78.42858828492149, 12.902102251118038], [78.43363595023897, 12.904568469159585], [78.43487725747951, 12.91186603588892], [78.44550901482921, 12.911822957463585], [78.44717341442157, 12.892236497616295], [78.46404624463855, 12.877723583776401], [78.46470439729018, 12.866786686456464], [78.4694279316538, 12.889997965433793], [78.46661982014865, 12.905431743680083], [78.44337577347324, 12.92154083364261]]]}}]}